target,measurement,variant,metric,value,unit,measured_utc,source,notes
2qoc,klifs_rules,all,reference_bits,12,бит,2026-09-19,python scripts/klifs_rules.py --best-per-kinase,"правила FingerPrintLib, пороги: кольца 4.0 A и 30.0°, гидрофобный 4.5 A, водородная связь 3.5 A и 45.0°, ионный 4.0 A"
2qoc,klifs_rules,all,shared_bits,12,бит,2026-09-19,python scripts/klifs_rules.py --best-per-kinase,"правила FingerPrintLib, пороги: кольца 4.0 A и 30.0°, гидрофобный 4.5 A, водородная связь 3.5 A и 45.0°, ионный 4.0 A"
2yex,klifs_rules,all,reference_bits,17,бит,2026-09-19,python scripts/klifs_rules.py --best-per-kinase,"правила FingerPrintLib, пороги: кольца 4.0 A и 30.0°, гидрофобный 4.5 A, водородная связь 3.5 A и 45.0°, ионный 4.0 A"
2yex,klifs_rules,all,shared_bits,17,бит,2026-09-19,python scripts/klifs_rules.py --best-per-kinase,"правила FingerPrintLib, пороги: кольца 4.0 A и 30.0°, гидрофобный 4.5 A, водородная связь 3.5 A и 45.0°, ионный 4.0 A"
3bhy,klifs_rules,all,reference_bits,14,бит,2026-09-19,python scripts/klifs_rules.py --best-per-kinase,"правила FingerPrintLib, пороги: кольца 4.0 A и 30.0°, гидрофобный 4.5 A, водородная связь 3.5 A и 45.0°, ионный 4.0 A"
3bhy,klifs_rules,all,shared_bits,14,бит,2026-09-19,python scripts/klifs_rules.py --best-per-kinase,"правила FingerPrintLib, пороги: кольца 4.0 A и 30.0°, гидрофобный 4.5 A, водородная связь 3.5 A и 45.0°, ионный 4.0 A"
3war,calibration_smoke,explicit,bits_common,8,bit,2026-09-18,python scripts/calibrate_ifp.py --target 3war,KLIFS ID 5429
3war,calibration_smoke,explicit,bits_extra,0,bit,2026-09-18,python scripts/calibrate_ifp.py --target 3war,KLIFS ID 5429
3war,calibration_smoke,explicit,bits_ours,8,bit,2026-09-18,python scripts/calibrate_ifp.py --target 3war,KLIFS ID 5429
3war,calibration_smoke,explicit,bits_reference,11,bit,2026-09-18,python scripts/calibrate_ifp.py --target 3war,KLIFS ID 5429
3war,calibration_smoke,explicit,gross_failures,0,,2026-09-18,python scripts/calibrate_ifp.py --target 3war,
3war,calibration_smoke,explicit,tanimoto_all,0.727,,2026-09-18,python scripts/calibrate_ifp.py --target 3war,KLIFS ID 5429
3war,calibration_smoke,explicit,tanimoto_scoring,1.000,,2026-09-18,python scripts/calibrate_ifp.py --target 3war,KLIFS ID 5429
3war,calibration_smoke,implicit-prolif,bits_common,6,bit,2026-09-18,python scripts/calibrate_ifp.py --target 3war,KLIFS ID 5429
3war,calibration_smoke,implicit-prolif,bits_extra,0,bit,2026-09-18,python scripts/calibrate_ifp.py --target 3war,KLIFS ID 5429
3war,calibration_smoke,implicit-prolif,bits_ours,6,bit,2026-09-18,python scripts/calibrate_ifp.py --target 3war,KLIFS ID 5429
3war,calibration_smoke,implicit-prolif,bits_reference,11,bit,2026-09-18,python scripts/calibrate_ifp.py --target 3war,KLIFS ID 5429
3war,calibration_smoke,implicit-prolif,tanimoto_all,0.545,,2026-09-18,python scripts/calibrate_ifp.py --target 3war,KLIFS ID 5429
3war,calibration_smoke,implicit-prolif,tanimoto_scoring,0.500,,2026-09-18,python scripts/calibrate_ifp.py --target 3war,KLIFS ID 5429
3war,calibration_smoke_by_type,explicit:ACC,bits_common,0,bit,2026-09-18,python scripts/calibrate_ifp.py --target 3war,
3war,calibration_smoke_by_type,explicit:ACC,bits_extra,0,bit,2026-09-18,python scripts/calibrate_ifp.py --target 3war,
3war,calibration_smoke_by_type,explicit:ACC,bits_missed,0,bit,2026-09-18,python scripts/calibrate_ifp.py --target 3war,
3war,calibration_smoke_by_type,explicit:ACC,bits_ours,0,bit,2026-09-18,python scripts/calibrate_ifp.py --target 3war,
3war,calibration_smoke_by_type,explicit:ACC,bits_reference,0,bit,2026-09-18,python scripts/calibrate_ifp.py --target 3war,
3war,calibration_smoke_by_type,explicit:DON,bits_common,2,bit,2026-09-18,python scripts/calibrate_ifp.py --target 3war,
3war,calibration_smoke_by_type,explicit:DON,bits_extra,0,bit,2026-09-18,python scripts/calibrate_ifp.py --target 3war,
3war,calibration_smoke_by_type,explicit:DON,bits_missed,0,bit,2026-09-18,python scripts/calibrate_ifp.py --target 3war,
3war,calibration_smoke_by_type,explicit:DON,bits_ours,2,bit,2026-09-18,python scripts/calibrate_ifp.py --target 3war,
3war,calibration_smoke_by_type,explicit:DON,bits_reference,2,bit,2026-09-18,python scripts/calibrate_ifp.py --target 3war,
3war,calibration_smoke_by_type,explicit:F-E,bits_common,0,bit,2026-09-18,python scripts/calibrate_ifp.py --target 3war,
3war,calibration_smoke_by_type,explicit:F-E,bits_extra,0,bit,2026-09-18,python scripts/calibrate_ifp.py --target 3war,
3war,calibration_smoke_by_type,explicit:F-E,bits_missed,0,bit,2026-09-18,python scripts/calibrate_ifp.py --target 3war,
3war,calibration_smoke_by_type,explicit:F-E,bits_ours,0,bit,2026-09-18,python scripts/calibrate_ifp.py --target 3war,
3war,calibration_smoke_by_type,explicit:F-E,bits_reference,0,bit,2026-09-18,python scripts/calibrate_ifp.py --target 3war,
3war,calibration_smoke_by_type,explicit:F-F,bits_common,1,bit,2026-09-18,python scripts/calibrate_ifp.py --target 3war,
3war,calibration_smoke_by_type,explicit:F-F,bits_extra,0,bit,2026-09-18,python scripts/calibrate_ifp.py --target 3war,
3war,calibration_smoke_by_type,explicit:F-F,bits_missed,0,bit,2026-09-18,python scripts/calibrate_ifp.py --target 3war,
3war,calibration_smoke_by_type,explicit:F-F,bits_ours,1,bit,2026-09-18,python scripts/calibrate_ifp.py --target 3war,
3war,calibration_smoke_by_type,explicit:F-F,bits_reference,1,bit,2026-09-18,python scripts/calibrate_ifp.py --target 3war,
3war,calibration_smoke_by_type,explicit:HYD,bits_common,4,bit,2026-09-18,python scripts/calibrate_ifp.py --target 3war,
3war,calibration_smoke_by_type,explicit:HYD,bits_extra,0,bit,2026-09-18,python scripts/calibrate_ifp.py --target 3war,
3war,calibration_smoke_by_type,explicit:HYD,bits_missed,3,bit,2026-09-18,python scripts/calibrate_ifp.py --target 3war,
3war,calibration_smoke_by_type,explicit:HYD,bits_ours,4,bit,2026-09-18,python scripts/calibrate_ifp.py --target 3war,
3war,calibration_smoke_by_type,explicit:HYD,bits_reference,7,bit,2026-09-18,python scripts/calibrate_ifp.py --target 3war,
3war,calibration_smoke_by_type,explicit:ION+,bits_common,1,bit,2026-09-18,python scripts/calibrate_ifp.py --target 3war,
3war,calibration_smoke_by_type,explicit:ION+,bits_extra,0,bit,2026-09-18,python scripts/calibrate_ifp.py --target 3war,
3war,calibration_smoke_by_type,explicit:ION+,bits_missed,0,bit,2026-09-18,python scripts/calibrate_ifp.py --target 3war,
3war,calibration_smoke_by_type,explicit:ION+,bits_ours,1,bit,2026-09-18,python scripts/calibrate_ifp.py --target 3war,
3war,calibration_smoke_by_type,explicit:ION+,bits_reference,1,bit,2026-09-18,python scripts/calibrate_ifp.py --target 3war,
3war,calibration_smoke_by_type,explicit:ION-,bits_common,0,bit,2026-09-18,python scripts/calibrate_ifp.py --target 3war,
3war,calibration_smoke_by_type,explicit:ION-,bits_extra,0,bit,2026-09-18,python scripts/calibrate_ifp.py --target 3war,
3war,calibration_smoke_by_type,explicit:ION-,bits_missed,0,bit,2026-09-18,python scripts/calibrate_ifp.py --target 3war,
3war,calibration_smoke_by_type,explicit:ION-,bits_ours,0,bit,2026-09-18,python scripts/calibrate_ifp.py --target 3war,
3war,calibration_smoke_by_type,explicit:ION-,bits_reference,0,bit,2026-09-18,python scripts/calibrate_ifp.py --target 3war,
3war,docking,2026-09-18-3war-s0-n100-refligand:all7,ligand_efficiency_median,0.277,ккал/моль,2026-09-18,python scripts/score_docking.py --run runs/2026-09-18-3war-s0-n100-refligand --poses results/pose_optimization-2026-09-18-3war-s0-n100-refligand-all7.sdf,
3war,docking,2026-09-18-3war-s0-n100-refligand:all7,molecules,94,,2026-09-18,python scripts/score_docking.py --run runs/2026-09-18-3war-s0-n100-refligand --poses results/pose_optimization-2026-09-18-3war-s0-n100-refligand-all7.sdf,
3war,docking,2026-09-18-3war-s0-n100-refligand:all7,positive_energy,14,поз,2026-09-18,python scripts/score_docking.py --run runs/2026-09-18-3war-s0-n100-refligand --poses results/pose_optimization-2026-09-18-3war-s0-n100-refligand-all7.sdf,
3war,docking,2026-09-18-3war-s0-n100-refligand:all7,vina_min_improved,16,молекул,2026-09-18,python scripts/score_docking.py --run runs/2026-09-18-3war-s0-n100-refligand,
3war,docking,2026-09-18-3war-s0-n100-refligand:all7,vina_min_median,-6.755,ккал/моль,2026-09-18,python scripts/score_docking.py --run runs/2026-09-18-3war-s0-n100-refligand --poses results/pose_optimization-2026-09-18-3war-s0-n100-refligand-all7.sdf,
3war,docking,2026-09-18-3war-s0-n100-refligand:all7,vina_min_wilcoxon_p,3.357e-05,,2026-09-18,python scripts/score_docking.py --run runs/2026-09-18-3war-s0-n100-refligand,парный двусторонний тест против исходных молекул
3war,docking,2026-09-18-3war-s0-n100-refligand:all7,vina_score_improved,1,молекул,2026-09-18,python scripts/score_docking.py --run runs/2026-09-18-3war-s0-n100-refligand,
3war,docking,2026-09-18-3war-s0-n100-refligand:all7,vina_score_median,-4.668,ккал/моль,2026-09-18,python scripts/score_docking.py --run runs/2026-09-18-3war-s0-n100-refligand --poses results/pose_optimization-2026-09-18-3war-s0-n100-refligand-all7.sdf,
3war,docking,2026-09-18-3war-s0-n100-refligand:all7,vina_score_wilcoxon_p,1.282e-12,,2026-09-18,python scripts/score_docking.py --run runs/2026-09-18-3war-s0-n100-refligand,парный двусторонний тест против исходных молекул
3war,docking,2026-09-18-3war-s0-n100-refligand:all7-clash,ligand_efficiency_median,0.339,ккал/моль,2026-09-18,python scripts/score_docking.py --run runs/2026-09-18-3war-s0-n100-refligand --poses results/pose_optimization-2026-09-18-3war-s0-n100-refligand-all7-clash.sdf,
3war,docking,2026-09-18-3war-s0-n100-refligand:all7-clash,molecules,94,,2026-09-18,python scripts/score_docking.py --run runs/2026-09-18-3war-s0-n100-refligand --poses results/pose_optimization-2026-09-18-3war-s0-n100-refligand-all7-clash.sdf,
3war,docking,2026-09-18-3war-s0-n100-refligand:all7-clash,positive_energy,6,поз,2026-09-18,python scripts/score_docking.py --run runs/2026-09-18-3war-s0-n100-refligand --poses results/pose_optimization-2026-09-18-3war-s0-n100-refligand-all7-clash.sdf,
3war,docking,2026-09-18-3war-s0-n100-refligand:all7-clash,vina_min_improved,25,молекул,2026-09-18,python scripts/score_docking.py --run runs/2026-09-18-3war-s0-n100-refligand,
3war,docking,2026-09-18-3war-s0-n100-refligand:all7-clash,vina_min_median,-6.931,ккал/моль,2026-09-18,python scripts/score_docking.py --run runs/2026-09-18-3war-s0-n100-refligand --poses results/pose_optimization-2026-09-18-3war-s0-n100-refligand-all7-clash.sdf,
3war,docking,2026-09-18-3war-s0-n100-refligand:all7-clash,vina_min_wilcoxon_p,1.565e-02,,2026-09-18,python scripts/score_docking.py --run runs/2026-09-18-3war-s0-n100-refligand,парный двусторонний тест против исходных молекул
3war,docking,2026-09-18-3war-s0-n100-refligand:all7-clash,vina_score_improved,7,молекул,2026-09-18,python scripts/score_docking.py --run runs/2026-09-18-3war-s0-n100-refligand,
3war,docking,2026-09-18-3war-s0-n100-refligand:all7-clash,vina_score_median,-4.955,ккал/моль,2026-09-18,python scripts/score_docking.py --run runs/2026-09-18-3war-s0-n100-refligand --poses results/pose_optimization-2026-09-18-3war-s0-n100-refligand-all7-clash.sdf,
3war,docking,2026-09-18-3war-s0-n100-refligand:all7-clash,vina_score_wilcoxon_p,5.427e-10,,2026-09-18,python scripts/score_docking.py --run runs/2026-09-18-3war-s0-n100-refligand,парный двусторонний тест против исходных молекул
3war,docking,2026-09-18-3war-s0-n100-refligand:source,ligand_efficiency_median,0.420,ккал/моль,2026-09-18,python scripts/score_docking.py --run runs/2026-09-18-3war-s0-n100-refligand,
3war,docking,2026-09-18-3war-s0-n100-refligand:source,molecules,94,,2026-09-18,python scripts/score_docking.py --run runs/2026-09-18-3war-s0-n100-refligand,
3war,docking,2026-09-18-3war-s0-n100-refligand:source,positive_energy,2,поз,2026-09-18,python scripts/score_docking.py --run runs/2026-09-18-3war-s0-n100-refligand,
3war,docking,2026-09-18-3war-s0-n100-refligand:source,vina_min_median,-6.937,ккал/моль,2026-09-18,python scripts/score_docking.py --run runs/2026-09-18-3war-s0-n100-refligand,
3war,docking,2026-09-18-3war-s0-n100-refligand:source,vina_score_median,-6.576,ккал/моль,2026-09-18,python scripts/score_docking.py --run runs/2026-09-18-3war-s0-n100-refligand,
3war,docking,crystal,vina_score_median,-5.413,ккал/моль,2026-09-18,python scripts/score_docking.py --run runs/2026-09-18-3war-s0-n100-refligand,кристаллический лиганд пакета мишени: калибровка шкалы
3war,klifs_rules,all,reference_bits,11,бит,2026-09-19,python scripts/klifs_rules.py --best-per-kinase,"правила FingerPrintLib, пороги: кольца 4.0 A и 30.0°, гидрофобный 4.5 A, водородная связь 3.5 A и 45.0°, ионный 4.0 A"
3war,klifs_rules,all,shared_bits,11,бит,2026-09-19,python scripts/klifs_rules.py --best-per-kinase,"правила FingerPrintLib, пороги: кольца 4.0 A и 30.0°, гидрофобный 4.5 A, водородная связь 3.5 A и 45.0°, ионный 4.0 A"
3war,physics,2026-09-18-3war-s0-n100-refligand:all7,all_atoms_connected,0.969,доля,2026-09-18,python scripts/check_physics.py --sdf results/pose_optimization-2026-09-18-3war-s0-n100-refligand-all7.sdf --target data/targets/3war/target.json,
3war,physics,2026-09-18-3war-s0-n100-refligand:all7,aromatic_ring_flatness,1.000,доля,2026-09-18,python scripts/check_physics.py --sdf results/pose_optimization-2026-09-18-3war-s0-n100-refligand-all7.sdf --target data/targets/3war/target.json,
3war,physics,2026-09-18-3war-s0-n100-refligand:all7,bond_angles,0.763,доля,2026-09-18,python scripts/check_physics.py --sdf results/pose_optimization-2026-09-18-3war-s0-n100-refligand-all7.sdf --target data/targets/3war/target.json,
3war,physics,2026-09-18-3war-s0-n100-refligand:all7,bond_lengths,0.753,доля,2026-09-18,python scripts/check_physics.py --sdf results/pose_optimization-2026-09-18-3war-s0-n100-refligand-all7.sdf --target data/targets/3war/target.json,
3war,physics,2026-09-18-3war-s0-n100-refligand:all7,double_bond_flatness,0.990,доля,2026-09-18,python scripts/check_physics.py --sdf results/pose_optimization-2026-09-18-3war-s0-n100-refligand-all7.sdf --target data/targets/3war/target.json,
3war,physics,2026-09-18-3war-s0-n100-refligand:all7,internal_energy,0.859,доля,2026-09-18,python scripts/check_physics.py --sdf results/pose_optimization-2026-09-18-3war-s0-n100-refligand-all7.sdf --target data/targets/3war/target.json,
3war,physics,2026-09-18-3war-s0-n100-refligand:all7,internal_steric_clash,0.938,доля,2026-09-18,python scripts/check_physics.py --sdf results/pose_optimization-2026-09-18-3war-s0-n100-refligand-all7.sdf --target data/targets/3war/target.json,
3war,physics,2026-09-18-3war-s0-n100-refligand:all7,minimum_distance_to_protein,0.691,доля,2026-09-18,python scripts/check_physics.py --sdf results/pose_optimization-2026-09-18-3war-s0-n100-refligand-all7.sdf --target data/targets/3war/target.json,
3war,physics,2026-09-18-3war-s0-n100-refligand:all7,molecules,97,,2026-09-18,python scripts/check_physics.py --sdf results/pose_optimization-2026-09-18-3war-s0-n100-refligand-all7.sdf --target data/targets/3war/target.json,
3war,physics,2026-09-18-3war-s0-n100-refligand:all7,sanitization,1.000,доля,2026-09-18,python scripts/check_physics.py --sdf results/pose_optimization-2026-09-18-3war-s0-n100-refligand-all7.sdf --target data/targets/3war/target.json,
3war,physics,2026-09-18-3war-s0-n100-refligand:all7,valid_all,0.495,доля,2026-09-18,python scripts/check_physics.py --sdf results/pose_optimization-2026-09-18-3war-s0-n100-refligand-all7.sdf --target data/targets/3war/target.json,
3war,physics,2026-09-18-3war-s0-n100-refligand:all7,volume_overlap_with_protein,0.969,доля,2026-09-18,python scripts/check_physics.py --sdf results/pose_optimization-2026-09-18-3war-s0-n100-refligand-all7.sdf --target data/targets/3war/target.json,
3war,physics,2026-09-18-3war-s0-n100-refligand:all7-clash,all_atoms_connected,0.969,доля,2026-09-18,python scripts/check_physics.py --sdf results/pose_optimization-2026-09-18-3war-s0-n100-refligand-all7-clash.sdf --target data/targets/3war/target.json,
3war,physics,2026-09-18-3war-s0-n100-refligand:all7-clash,aromatic_ring_flatness,1.000,доля,2026-09-18,python scripts/check_physics.py --sdf results/pose_optimization-2026-09-18-3war-s0-n100-refligand-all7-clash.sdf --target data/targets/3war/target.json,
3war,physics,2026-09-18-3war-s0-n100-refligand:all7-clash,bond_angles,0.763,доля,2026-09-18,python scripts/check_physics.py --sdf results/pose_optimization-2026-09-18-3war-s0-n100-refligand-all7-clash.sdf --target data/targets/3war/target.json,
3war,physics,2026-09-18-3war-s0-n100-refligand:all7-clash,bond_lengths,0.753,доля,2026-09-18,python scripts/check_physics.py --sdf results/pose_optimization-2026-09-18-3war-s0-n100-refligand-all7-clash.sdf --target data/targets/3war/target.json,
3war,physics,2026-09-18-3war-s0-n100-refligand:all7-clash,double_bond_flatness,0.990,доля,2026-09-18,python scripts/check_physics.py --sdf results/pose_optimization-2026-09-18-3war-s0-n100-refligand-all7-clash.sdf --target data/targets/3war/target.json,
3war,physics,2026-09-18-3war-s0-n100-refligand:all7-clash,internal_energy,0.859,доля,2026-09-18,python scripts/check_physics.py --sdf results/pose_optimization-2026-09-18-3war-s0-n100-refligand-all7-clash.sdf --target data/targets/3war/target.json,
3war,physics,2026-09-18-3war-s0-n100-refligand:all7-clash,internal_steric_clash,0.938,доля,2026-09-18,python scripts/check_physics.py --sdf results/pose_optimization-2026-09-18-3war-s0-n100-refligand-all7-clash.sdf --target data/targets/3war/target.json,
3war,physics,2026-09-18-3war-s0-n100-refligand:all7-clash,minimum_distance_to_protein,0.928,доля,2026-09-18,python scripts/check_physics.py --sdf results/pose_optimization-2026-09-18-3war-s0-n100-refligand-all7-clash.sdf --target data/targets/3war/target.json,
3war,physics,2026-09-18-3war-s0-n100-refligand:all7-clash,molecules,97,,2026-09-18,python scripts/check_physics.py --sdf results/pose_optimization-2026-09-18-3war-s0-n100-refligand-all7-clash.sdf --target data/targets/3war/target.json,
3war,physics,2026-09-18-3war-s0-n100-refligand:all7-clash,sanitization,1.000,доля,2026-09-18,python scripts/check_physics.py --sdf results/pose_optimization-2026-09-18-3war-s0-n100-refligand-all7-clash.sdf --target data/targets/3war/target.json,
3war,physics,2026-09-18-3war-s0-n100-refligand:all7-clash,valid_all,0.608,доля,2026-09-18,python scripts/check_physics.py --sdf results/pose_optimization-2026-09-18-3war-s0-n100-refligand-all7-clash.sdf --target data/targets/3war/target.json,
3war,physics,2026-09-18-3war-s0-n100-refligand:all7-clash,volume_overlap_with_protein,1.000,доля,2026-09-18,python scripts/check_physics.py --sdf results/pose_optimization-2026-09-18-3war-s0-n100-refligand-all7-clash.sdf --target data/targets/3war/target.json,
3war,physics,2026-09-18-3war-s0-n100-refligand:source,all_atoms_connected,0.969,доля,2026-09-18,python scripts/check_physics.py --sdf runs/2026-09-18-3war-s0-n100-refligand/molecules.sdf --target data/targets/3war/target.json,
3war,physics,2026-09-18-3war-s0-n100-refligand:source,aromatic_ring_flatness,1.000,доля,2026-09-18,python scripts/check_physics.py --sdf runs/2026-09-18-3war-s0-n100-refligand/molecules.sdf --target data/targets/3war/target.json,
3war,physics,2026-09-18-3war-s0-n100-refligand:source,bond_angles,0.763,доля,2026-09-18,python scripts/check_physics.py --sdf runs/2026-09-18-3war-s0-n100-refligand/molecules.sdf --target data/targets/3war/target.json,
3war,physics,2026-09-18-3war-s0-n100-refligand:source,bond_lengths,0.753,доля,2026-09-18,python scripts/check_physics.py --sdf runs/2026-09-18-3war-s0-n100-refligand/molecules.sdf --target data/targets/3war/target.json,
3war,physics,2026-09-18-3war-s0-n100-refligand:source,double_bond_flatness,0.990,доля,2026-09-18,python scripts/check_physics.py --sdf runs/2026-09-18-3war-s0-n100-refligand/molecules.sdf --target data/targets/3war/target.json,
3war,physics,2026-09-18-3war-s0-n100-refligand:source,internal_energy,0.859,доля,2026-09-18,python scripts/check_physics.py --sdf runs/2026-09-18-3war-s0-n100-refligand/molecules.sdf --target data/targets/3war/target.json,
3war,physics,2026-09-18-3war-s0-n100-refligand:source,internal_steric_clash,0.938,доля,2026-09-18,python scripts/check_physics.py --sdf runs/2026-09-18-3war-s0-n100-refligand/molecules.sdf --target data/targets/3war/target.json,
3war,physics,2026-09-18-3war-s0-n100-refligand:source,minimum_distance_to_protein,0.866,доля,2026-09-18,python scripts/check_physics.py --sdf runs/2026-09-18-3war-s0-n100-refligand/molecules.sdf --target data/targets/3war/target.json,
3war,physics,2026-09-18-3war-s0-n100-refligand:source,molecules,97,,2026-09-18,python scripts/check_physics.py --sdf runs/2026-09-18-3war-s0-n100-refligand/molecules.sdf --target data/targets/3war/target.json,
3war,physics,2026-09-18-3war-s0-n100-refligand:source,sanitization,1.000,доля,2026-09-18,python scripts/check_physics.py --sdf runs/2026-09-18-3war-s0-n100-refligand/molecules.sdf --target data/targets/3war/target.json,
3war,physics,2026-09-18-3war-s0-n100-refligand:source,valid_all,0.619,доля,2026-09-18,python scripts/check_physics.py --sdf runs/2026-09-18-3war-s0-n100-refligand/molecules.sdf --target data/targets/3war/target.json,
3war,physics,2026-09-18-3war-s0-n100-refligand:source,volume_overlap_with_protein,0.990,доля,2026-09-18,python scripts/check_physics.py --sdf runs/2026-09-18-3war-s0-n100-refligand/molecules.sdf --target data/targets/3war/target.json,
3war,pose_optimization,2026-09-18-3war-s0-n100-refligand:all7,improved,69,,2026-09-18,python scripts/optimize_poses.py --run runs/2026-09-18-3war-s0-n100-refligand --steps 1000 --max-rmsd 1.5,
3war,pose_optimization,2026-09-18-3war-s0-n100-refligand:all7,min_distance_after_median,2.622,A,2026-09-18,python scripts/optimize_poses.py --run runs/2026-09-18-3war-s0-n100-refligand --steps 1000 --max-rmsd 1.5,
3war,pose_optimization,2026-09-18-3war-s0-n100-refligand:all7,molecules,97,,2026-09-18,python scripts/optimize_poses.py --run runs/2026-09-18-3war-s0-n100-refligand --steps 1000 --max-rmsd 1.5,
3war,pose_optimization,2026-09-18-3war-s0-n100-refligand:all7,objective_after,0.864,,2026-09-18,python scripts/optimize_poses.py --run runs/2026-09-18-3war-s0-n100-refligand --steps 1000 --max-rmsd 1.5,
3war,pose_optimization,2026-09-18-3war-s0-n100-refligand:all7,objective_before,0.772,,2026-09-18,python scripts/optimize_poses.py --run runs/2026-09-18-3war-s0-n100-refligand --steps 1000 --max-rmsd 1.5,
3war,pose_optimization,2026-09-18-3war-s0-n100-refligand:all7,rmsd_shift_median,0.527,A,2026-09-18,python scripts/optimize_poses.py --run runs/2026-09-18-3war-s0-n100-refligand --steps 1000 --max-rmsd 1.5,
3war,pose_optimization,2026-09-18-3war-s0-n100-refligand:all7,score_after,0.864,,2026-09-18,python scripts/optimize_poses.py --run runs/2026-09-18-3war-s0-n100-refligand --steps 1000 --max-rmsd 1.5,
3war,pose_optimization,2026-09-18-3war-s0-n100-refligand:all7,score_before,0.772,,2026-09-18,python scripts/optimize_poses.py --run runs/2026-09-18-3war-s0-n100-refligand --steps 1000 --max-rmsd 1.5,
3war,pose_optimization,2026-09-18-3war-s0-n100-refligand:all7,tanimoto_after_median,0.714,,2026-09-18,python scripts/optimize_poses.py --run runs/2026-09-18-3war-s0-n100-refligand --steps 1000 --max-rmsd 1.5,
3war,pose_optimization,2026-09-18-3war-s0-n100-refligand:all7,tanimoto_before_median,0.600,,2026-09-18,python scripts/optimize_poses.py --run runs/2026-09-18-3war-s0-n100-refligand --steps 1000 --max-rmsd 1.5,
3war,pose_optimization,2026-09-18-3war-s0-n100-refligand:all7-clash,improved,65,,2026-09-18,python scripts/optimize_poses.py --run runs/2026-09-18-3war-s0-n100-refligand --steps 1000 --max-rmsd 1.5,
3war,pose_optimization,2026-09-18-3war-s0-n100-refligand:all7-clash,min_distance_after_median,2.787,A,2026-09-18,python scripts/optimize_poses.py --run runs/2026-09-18-3war-s0-n100-refligand --steps 1000 --max-rmsd 1.5,
3war,pose_optimization,2026-09-18-3war-s0-n100-refligand:all7-clash,molecules,97,,2026-09-18,python scripts/optimize_poses.py --run runs/2026-09-18-3war-s0-n100-refligand --steps 1000 --max-rmsd 1.5,
3war,pose_optimization,2026-09-18-3war-s0-n100-refligand:all7-clash,objective_after,0.848,,2026-09-18,python scripts/optimize_poses.py --run runs/2026-09-18-3war-s0-n100-refligand --steps 1000 --max-rmsd 1.5,
3war,pose_optimization,2026-09-18-3war-s0-n100-refligand:all7-clash,objective_before,0.696,,2026-09-18,python scripts/optimize_poses.py --run runs/2026-09-18-3war-s0-n100-refligand --steps 1000 --max-rmsd 1.5,
3war,pose_optimization,2026-09-18-3war-s0-n100-refligand:all7-clash,rmsd_shift_median,0.559,A,2026-09-18,python scripts/optimize_poses.py --run runs/2026-09-18-3war-s0-n100-refligand --steps 1000 --max-rmsd 1.5,
3war,pose_optimization,2026-09-18-3war-s0-n100-refligand:all7-clash,score_after,0.854,,2026-09-18,python scripts/optimize_poses.py --run runs/2026-09-18-3war-s0-n100-refligand --steps 1000 --max-rmsd 1.5,
3war,pose_optimization,2026-09-18-3war-s0-n100-refligand:all7-clash,score_before,0.772,,2026-09-18,python scripts/optimize_poses.py --run runs/2026-09-18-3war-s0-n100-refligand --steps 1000 --max-rmsd 1.5,
3war,pose_optimization,2026-09-18-3war-s0-n100-refligand:all7-clash,tanimoto_after_median,0.667,,2026-09-18,python scripts/optimize_poses.py --run runs/2026-09-18-3war-s0-n100-refligand --steps 1000 --max-rmsd 1.5,
3war,pose_optimization,2026-09-18-3war-s0-n100-refligand:all7-clash,tanimoto_before_median,0.600,,2026-09-18,python scripts/optimize_poses.py --run runs/2026-09-18-3war-s0-n100-refligand --steps 1000 --max-rmsd 1.5,
3war,pose_optimization,2026-09-18-3war-s0-n100-refligand:all7-control,improved,2,,2026-09-18,python scripts/optimize_poses.py --run runs/2026-09-18-3war-s0-n100-refligand --steps 1000 --max-rmsd 1.5,отрицательный контроль: позиции эталона перемешаны
3war,pose_optimization,2026-09-18-3war-s0-n100-refligand:all7-control,min_distance_after_median,2.850,A,2026-09-18,python scripts/optimize_poses.py --run runs/2026-09-18-3war-s0-n100-refligand --steps 1000 --max-rmsd 1.5,отрицательный контроль: позиции эталона перемешаны
3war,pose_optimization,2026-09-18-3war-s0-n100-refligand:all7-control,molecules,97,,2026-09-18,python scripts/optimize_poses.py --run runs/2026-09-18-3war-s0-n100-refligand --steps 1000 --max-rmsd 1.5,отрицательный контроль: позиции эталона перемешаны
3war,pose_optimization,2026-09-18-3war-s0-n100-refligand:all7-control,objective_after,0.182,,2026-09-18,python scripts/optimize_poses.py --run runs/2026-09-18-3war-s0-n100-refligand --steps 1000 --max-rmsd 1.5,отрицательный контроль: позиции эталона перемешаны
3war,pose_optimization,2026-09-18-3war-s0-n100-refligand:all7-control,objective_before,0.178,,2026-09-18,python scripts/optimize_poses.py --run runs/2026-09-18-3war-s0-n100-refligand --steps 1000 --max-rmsd 1.5,отрицательный контроль: позиции эталона перемешаны
3war,pose_optimization,2026-09-18-3war-s0-n100-refligand:all7-control,rmsd_shift_median,0.000,A,2026-09-18,python scripts/optimize_poses.py --run runs/2026-09-18-3war-s0-n100-refligand --steps 1000 --max-rmsd 1.5,отрицательный контроль: позиции эталона перемешаны
3war,pose_optimization,2026-09-18-3war-s0-n100-refligand:all7-control,score_after,0.772,,2026-09-18,python scripts/optimize_poses.py --run runs/2026-09-18-3war-s0-n100-refligand --steps 1000 --max-rmsd 1.5,отрицательный контроль: позиции эталона перемешаны
3war,pose_optimization,2026-09-18-3war-s0-n100-refligand:all7-control,score_before,0.772,,2026-09-18,python scripts/optimize_poses.py --run runs/2026-09-18-3war-s0-n100-refligand --steps 1000 --max-rmsd 1.5,отрицательный контроль: позиции эталона перемешаны
3war,pose_optimization,2026-09-18-3war-s0-n100-refligand:all7-control,tanimoto_after_median,0.615,,2026-09-18,python scripts/optimize_poses.py --run runs/2026-09-18-3war-s0-n100-refligand --steps 1000 --max-rmsd 1.5,отрицательный контроль: позиции эталона перемешаны
3war,pose_optimization,2026-09-18-3war-s0-n100-refligand:all7-control,tanimoto_before_median,0.600,,2026-09-18,python scripts/optimize_poses.py --run runs/2026-09-18-3war-s0-n100-refligand --steps 1000 --max-rmsd 1.5,отрицательный контроль: позиции эталона перемешаны
3war,pose_optimization,2026-09-18-3war-s0-n100-refligand:all7-control-clash,improved,1,,2026-09-18,python scripts/optimize_poses.py --run runs/2026-09-18-3war-s0-n100-refligand --steps 1000 --max-rmsd 1.5,отрицательный контроль: позиции эталона перемешаны
3war,pose_optimization,2026-09-18-3war-s0-n100-refligand:all7-control-clash,min_distance_after_median,2.874,A,2026-09-18,python scripts/optimize_poses.py --run runs/2026-09-18-3war-s0-n100-refligand --steps 1000 --max-rmsd 1.5,отрицательный контроль: позиции эталона перемешаны
3war,pose_optimization,2026-09-18-3war-s0-n100-refligand:all7-control-clash,molecules,97,,2026-09-18,python scripts/optimize_poses.py --run runs/2026-09-18-3war-s0-n100-refligand --steps 1000 --max-rmsd 1.5,отрицательный контроль: позиции эталона перемешаны
3war,pose_optimization,2026-09-18-3war-s0-n100-refligand:all7-control-clash,objective_after,0.180,,2026-09-18,python scripts/optimize_poses.py --run runs/2026-09-18-3war-s0-n100-refligand --steps 1000 --max-rmsd 1.5,отрицательный контроль: позиции эталона перемешаны
3war,pose_optimization,2026-09-18-3war-s0-n100-refligand:all7-control-clash,objective_before,0.102,,2026-09-18,python scripts/optimize_poses.py --run runs/2026-09-18-3war-s0-n100-refligand --steps 1000 --max-rmsd 1.5,отрицательный контроль: позиции эталона перемешаны
3war,pose_optimization,2026-09-18-3war-s0-n100-refligand:all7-control-clash,rmsd_shift_median,0.000,A,2026-09-18,python scripts/optimize_poses.py --run runs/2026-09-18-3war-s0-n100-refligand --steps 1000 --max-rmsd 1.5,отрицательный контроль: позиции эталона перемешаны
3war,pose_optimization,2026-09-18-3war-s0-n100-refligand:all7-control-clash,score_after,0.769,,2026-09-18,python scripts/optimize_poses.py --run runs/2026-09-18-3war-s0-n100-refligand --steps 1000 --max-rmsd 1.5,отрицательный контроль: позиции эталона перемешаны
3war,pose_optimization,2026-09-18-3war-s0-n100-refligand:all7-control-clash,score_before,0.772,,2026-09-18,python scripts/optimize_poses.py --run runs/2026-09-18-3war-s0-n100-refligand --steps 1000 --max-rmsd 1.5,отрицательный контроль: позиции эталона перемешаны
3war,pose_optimization,2026-09-18-3war-s0-n100-refligand:all7-control-clash,tanimoto_after_median,0.615,,2026-09-18,python scripts/optimize_poses.py --run runs/2026-09-18-3war-s0-n100-refligand --steps 1000 --max-rmsd 1.5,отрицательный контроль: позиции эталона перемешаны
3war,pose_optimization,2026-09-18-3war-s0-n100-refligand:all7-control-clash,tanimoto_before_median,0.600,,2026-09-18,python scripts/optimize_poses.py --run runs/2026-09-18-3war-s0-n100-refligand --steps 1000 --max-rmsd 1.5,отрицательный контроль: позиции эталона перемешаны
3war,pose_optimization,2026-09-18-3war-s0-n100:all7,improved,58,,2026-09-18,python scripts/optimize_poses.py --run runs/2026-09-18-3war-s0-n100 --steps 1000 --max-rmsd 1.5,
3war,pose_optimization,2026-09-18-3war-s0-n100:all7,min_distance_after_median,1.364,A,2026-09-18,python scripts/optimize_poses.py --run runs/2026-09-18-3war-s0-n100 --steps 1000 --max-rmsd 1.5,
3war,pose_optimization,2026-09-18-3war-s0-n100:all7,molecules,98,,2026-09-18,python scripts/optimize_poses.py --run runs/2026-09-18-3war-s0-n100 --steps 1000 --max-rmsd 1.5,
3war,pose_optimization,2026-09-18-3war-s0-n100:all7,rmsd_shift_median,0.532,A,2026-09-18,python scripts/optimize_poses.py --run runs/2026-09-18-3war-s0-n100 --steps 1000 --max-rmsd 1.5,
3war,pose_optimization,2026-09-18-3war-s0-n100:all7,score_after,0.764,,2026-09-18,python scripts/optimize_poses.py --run runs/2026-09-18-3war-s0-n100 --steps 1000 --max-rmsd 1.5,
3war,pose_optimization,2026-09-18-3war-s0-n100:all7,score_before,0.692,,2026-09-18,python scripts/optimize_poses.py --run runs/2026-09-18-3war-s0-n100 --steps 1000 --max-rmsd 1.5,
3war,pose_optimization,2026-09-18-3war-s0-n100:all7,tanimoto_after_median,0.391,,2026-09-18,python scripts/optimize_poses.py --run runs/2026-09-18-3war-s0-n100 --steps 1000 --max-rmsd 1.5,
3war,pose_optimization,2026-09-18-3war-s0-n100:all7,tanimoto_before_median,0.350,,2026-09-18,python scripts/optimize_poses.py --run runs/2026-09-18-3war-s0-n100 --steps 1000 --max-rmsd 1.5,
3war,pose_optimization,2026-09-18-3war-s0-n100:all7-control,improved,11,,2026-09-18,python scripts/optimize_poses.py --run runs/2026-09-18-3war-s0-n100 --steps 1000 --max-rmsd 1.5,отрицательный контроль: позиции эталона перемешаны
3war,pose_optimization,2026-09-18-3war-s0-n100:all7-control,min_distance_after_median,1.330,A,2026-09-18,python scripts/optimize_poses.py --run runs/2026-09-18-3war-s0-n100 --steps 1000 --max-rmsd 1.5,отрицательный контроль: позиции эталона перемешаны
3war,pose_optimization,2026-09-18-3war-s0-n100:all7-control,molecules,98,,2026-09-18,python scripts/optimize_poses.py --run runs/2026-09-18-3war-s0-n100 --steps 1000 --max-rmsd 1.5,отрицательный контроль: позиции эталона перемешаны
3war,pose_optimization,2026-09-18-3war-s0-n100:all7-control,rmsd_shift_median,0.000,A,2026-09-18,python scripts/optimize_poses.py --run runs/2026-09-18-3war-s0-n100 --steps 1000 --max-rmsd 1.5,отрицательный контроль: позиции эталона перемешаны
3war,pose_optimization,2026-09-18-3war-s0-n100:all7-control,score_after,0.688,,2026-09-18,python scripts/optimize_poses.py --run runs/2026-09-18-3war-s0-n100 --steps 1000 --max-rmsd 1.5,отрицательный контроль: позиции эталона перемешаны
3war,pose_optimization,2026-09-18-3war-s0-n100:all7-control,score_before,0.692,,2026-09-18,python scripts/optimize_poses.py --run runs/2026-09-18-3war-s0-n100 --steps 1000 --max-rmsd 1.5,отрицательный контроль: позиции эталона перемешаны
3war,pose_optimization,2026-09-18-3war-s0-n100:all7-control,tanimoto_after_median,0.350,,2026-09-18,python scripts/optimize_poses.py --run runs/2026-09-18-3war-s0-n100 --steps 1000 --max-rmsd 1.5,отрицательный контроль: позиции эталона перемешаны
3war,pose_optimization,2026-09-18-3war-s0-n100:all7-control,tanimoto_before_median,0.350,,2026-09-18,python scripts/optimize_poses.py --run runs/2026-09-18-3war-s0-n100 --steps 1000 --max-rmsd 1.5,отрицательный контроль: позиции эталона перемешаны
3war,pose_optimization_stats,2026-09-18-3war-s0-n100-refligand:all7-clash:binomial_improved,effect,0.670103,,2026-09-18,python scripts/pose_optimization_stats.py 2026-09-18-3war-s0-n100-refligand,доля улучшившихся против контроля all7-control-clash; точный биномиальный тест
3war,pose_optimization_stats,2026-09-18-3war-s0-n100-refligand:all7-clash:binomial_improved,improved,65,,2026-09-18,python scripts/pose_optimization_stats.py 2026-09-18-3war-s0-n100-refligand,доля улучшившихся против контроля all7-control-clash; точный биномиальный тест
3war,pose_optimization_stats,2026-09-18-3war-s0-n100-refligand:all7-clash:binomial_improved,improved_control,1,,2026-09-18,python scripts/pose_optimization_stats.py 2026-09-18-3war-s0-n100-refligand,доля улучшившихся против контроля all7-control-clash; точный биномиальный тест
3war,pose_optimization_stats,2026-09-18-3war-s0-n100-refligand:all7-clash:binomial_improved,molecules_control,97,,2026-09-18,python scripts/pose_optimization_stats.py 2026-09-18-3war-s0-n100-refligand,доля улучшившихся против контроля all7-control-clash; точный биномиальный тест
3war,pose_optimization_stats,2026-09-18-3war-s0-n100-refligand:all7-clash:binomial_improved,p_value,2.31558e-104,,2026-09-18,python scripts/pose_optimization_stats.py 2026-09-18-3war-s0-n100-refligand,доля улучшившихся против контроля all7-control-clash; точный биномиальный тест
3war,pose_optimization_stats,2026-09-18-3war-s0-n100-refligand:all7-clash:binomial_improved,pairs,97,,2026-09-18,python scripts/pose_optimization_stats.py 2026-09-18-3war-s0-n100-refligand,доля улучшившихся против контроля all7-control-clash; точный биномиальный тест
3war,pose_optimization_stats,2026-09-18-3war-s0-n100-refligand:all7-clash:paired_min_distance,after_median,2.7869,,2026-09-18,python scripts/pose_optimization_stats.py 2026-09-18-3war-s0-n100-refligand,"минимальное расстояние до белка; растёт и в контроле — это свойство правила отбора шагов, а не потенциала"
3war,pose_optimization_stats,2026-09-18-3war-s0-n100-refligand:all7-clash:paired_min_distance,before_median,2.8737,,2026-09-18,python scripts/pose_optimization_stats.py 2026-09-18-3war-s0-n100-refligand,"минимальное расстояние до белка; растёт и в контроле — это свойство правила отбора шагов, а не потенциала"
3war,pose_optimization_stats,2026-09-18-3war-s0-n100-refligand:all7-clash:paired_min_distance,effect,-0.0868,,2026-09-18,python scripts/pose_optimization_stats.py 2026-09-18-3war-s0-n100-refligand,"минимальное расстояние до белка; растёт и в контроле — это свойство правила отбора шагов, а не потенциала"
3war,pose_optimization_stats,2026-09-18-3war-s0-n100-refligand:all7-clash:paired_min_distance,p_value,0.980894,,2026-09-18,python scripts/pose_optimization_stats.py 2026-09-18-3war-s0-n100-refligand,"минимальное расстояние до белка; растёт и в контроле — это свойство правила отбора шагов, а не потенциала"
3war,pose_optimization_stats,2026-09-18-3war-s0-n100-refligand:all7-clash:paired_min_distance,pairs,73,,2026-09-18,python scripts/pose_optimization_stats.py 2026-09-18-3war-s0-n100-refligand,"минимальное расстояние до белка; растёт и в контроле — это свойство правила отбора шагов, а не потенциала"
3war,pose_optimization_stats,2026-09-18-3war-s0-n100-refligand:all7-clash:paired_min_distance,worsened,45,,2026-09-18,python scripts/pose_optimization_stats.py 2026-09-18-3war-s0-n100-refligand,"минимальное расстояние до белка; растёт и в контроле — это свойство правила отбора шагов, а не потенциала"
3war,pose_optimization_stats,2026-09-18-3war-s0-n100-refligand:all7-clash:paired_score,after_median,0.818182,,2026-09-18,python scripts/pose_optimization_stats.py 2026-09-18-3war-s0-n100-refligand,"парный Уилкоксон, односторонний; интервал — бутстрэп среднего прироста"
3war,pose_optimization_stats,2026-09-18-3war-s0-n100-refligand:all7-clash:paired_score,before_median,0.818182,,2026-09-18,python scripts/pose_optimization_stats.py 2026-09-18-3war-s0-n100-refligand,"парный Уилкоксон, односторонний; интервал — бутстрэп среднего прироста"
3war,pose_optimization_stats,2026-09-18-3war-s0-n100-refligand:all7-clash:paired_score,ci_high,0.0965322,,2026-09-18,python scripts/pose_optimization_stats.py 2026-09-18-3war-s0-n100-refligand,"парный Уилкоксон, односторонний; интервал — бутстрэп среднего прироста"
3war,pose_optimization_stats,2026-09-18-3war-s0-n100-refligand:all7-clash:paired_score,ci_low,0.0665416,,2026-09-18,python scripts/pose_optimization_stats.py 2026-09-18-3war-s0-n100-refligand,"парный Уилкоксон, односторонний; интервал — бутстрэп среднего прироста"
3war,pose_optimization_stats,2026-09-18-3war-s0-n100-refligand:all7-clash:paired_score,effect,0.0815369,,2026-09-18,python scripts/pose_optimization_stats.py 2026-09-18-3war-s0-n100-refligand,"парный Уилкоксон, односторонний; интервал — бутстрэп среднего прироста"
3war,pose_optimization_stats,2026-09-18-3war-s0-n100-refligand:all7-clash:paired_score,molecules,97,,2026-09-18,python scripts/pose_optimization_stats.py 2026-09-18-3war-s0-n100-refligand,"парный Уилкоксон, односторонний; интервал — бутстрэп среднего прироста"
3war,pose_optimization_stats,2026-09-18-3war-s0-n100-refligand:all7-clash:paired_score,p_value,8.81867e-13,,2026-09-18,python scripts/pose_optimization_stats.py 2026-09-18-3war-s0-n100-refligand,"парный Уилкоксон, односторонний; интервал — бутстрэп среднего прироста"
3war,pose_optimization_stats,2026-09-18-3war-s0-n100-refligand:all7-clash:paired_score,pairs,66,,2026-09-18,python scripts/pose_optimization_stats.py 2026-09-18-3war-s0-n100-refligand,"парный Уилкоксон, односторонний; интервал — бутстрэп среднего прироста"
3war,pose_optimization_stats,2026-09-18-3war-s0-n100-refligand:all7-clash:paired_tanimoto,after_median,0.666667,,2026-09-18,python scripts/pose_optimization_stats.py 2026-09-18-3war-s0-n100-refligand,"парный Уилкоксон, односторонний; интервал — бутстрэп среднего прироста"
3war,pose_optimization_stats,2026-09-18-3war-s0-n100-refligand:all7-clash:paired_tanimoto,before_median,0.6,,2026-09-18,python scripts/pose_optimization_stats.py 2026-09-18-3war-s0-n100-refligand,"парный Уилкоксон, односторонний; интервал — бутстрэп среднего прироста"
3war,pose_optimization_stats,2026-09-18-3war-s0-n100-refligand:all7-clash:paired_tanimoto,ci_high,0.0888137,,2026-09-18,python scripts/pose_optimization_stats.py 2026-09-18-3war-s0-n100-refligand,"парный Уилкоксон, односторонний; интервал — бутстрэп среднего прироста"
3war,pose_optimization_stats,2026-09-18-3war-s0-n100-refligand:all7-clash:paired_tanimoto,ci_low,0.0580673,,2026-09-18,python scripts/pose_optimization_stats.py 2026-09-18-3war-s0-n100-refligand,"парный Уилкоксон, односторонний; интервал — бутстрэп среднего прироста"
3war,pose_optimization_stats,2026-09-18-3war-s0-n100-refligand:all7-clash:paired_tanimoto,effect,0.0731593,,2026-09-18,python scripts/pose_optimization_stats.py 2026-09-18-3war-s0-n100-refligand,"парный Уилкоксон, односторонний; интервал — бутстрэп среднего прироста"
3war,pose_optimization_stats,2026-09-18-3war-s0-n100-refligand:all7-clash:paired_tanimoto,molecules,97,,2026-09-18,python scripts/pose_optimization_stats.py 2026-09-18-3war-s0-n100-refligand,"парный Уилкоксон, односторонний; интервал — бутстрэп среднего прироста"
3war,pose_optimization_stats,2026-09-18-3war-s0-n100-refligand:all7-clash:paired_tanimoto,p_value,6.50959e-13,,2026-09-18,python scripts/pose_optimization_stats.py 2026-09-18-3war-s0-n100-refligand,"парный Уилкоксон, односторонний; интервал — бутстрэп среднего прироста"
3war,pose_optimization_stats,2026-09-18-3war-s0-n100-refligand:all7-clash:paired_tanimoto,pairs,71,,2026-09-18,python scripts/pose_optimization_stats.py 2026-09-18-3war-s0-n100-refligand,"парный Уилкоксон, односторонний; интервал — бутстрэп среднего прироста"
3war,pose_optimization_stats,2026-09-18-3war-s0-n100-refligand:all7-clash:permutation_tanimoto,ci_high,0.0888423,,2026-09-18,python scripts/pose_optimization_stats.py 2026-09-18-3war-s0-n100-refligand,перестановочный тест против контроля all7-control-clash; знак меняется внутри пары
3war,pose_optimization_stats,2026-09-18-3war-s0-n100-refligand:all7-clash:permutation_tanimoto,ci_low,0.0587224,,2026-09-18,python scripts/pose_optimization_stats.py 2026-09-18-3war-s0-n100-refligand,перестановочный тест против контроля all7-control-clash; знак меняется внутри пары
3war,pose_optimization_stats,2026-09-18-3war-s0-n100-refligand:all7-clash:permutation_tanimoto,effect,0.0734531,,2026-09-18,python scripts/pose_optimization_stats.py 2026-09-18-3war-s0-n100-refligand,перестановочный тест против контроля all7-control-clash; знак меняется внутри пары
3war,pose_optimization_stats,2026-09-18-3war-s0-n100-refligand:all7-clash:permutation_tanimoto,p_value,5e-05,,2026-09-18,python scripts/pose_optimization_stats.py 2026-09-18-3war-s0-n100-refligand,перестановочный тест против контроля all7-control-clash; знак меняется внутри пары
3war,pose_optimization_stats,2026-09-18-3war-s0-n100-refligand:all7-clash:permutation_tanimoto,pairs,97,,2026-09-18,python scripts/pose_optimization_stats.py 2026-09-18-3war-s0-n100-refligand,перестановочный тест против контроля all7-control-clash; знак меняется внутри пары
3war,pose_optimization_stats,2026-09-18-3war-s0-n100-refligand:all7-clash:permutation_tanimoto,permutations,20000,,2026-09-18,python scripts/pose_optimization_stats.py 2026-09-18-3war-s0-n100-refligand,перестановочный тест против контроля all7-control-clash; знак меняется внутри пары
3war,pose_optimization_stats,2026-09-18-3war-s0-n100-refligand:all7-control-clash:paired_min_distance,after_median,2.8737,,2026-09-18,python scripts/pose_optimization_stats.py 2026-09-18-3war-s0-n100-refligand,"минимальное расстояние до белка; растёт и в контроле — это свойство правила отбора шагов, а не потенциала"
3war,pose_optimization_stats,2026-09-18-3war-s0-n100-refligand:all7-control-clash:paired_min_distance,before_median,2.8737,,2026-09-18,python scripts/pose_optimization_stats.py 2026-09-18-3war-s0-n100-refligand,"минимальное расстояние до белка; растёт и в контроле — это свойство правила отбора шагов, а не потенциала"
3war,pose_optimization_stats,2026-09-18-3war-s0-n100-refligand:all7-control-clash:paired_min_distance,effect,0,,2026-09-18,python scripts/pose_optimization_stats.py 2026-09-18-3war-s0-n100-refligand,"минимальное расстояние до белка; растёт и в контроле — это свойство правила отбора шагов, а не потенциала"
3war,pose_optimization_stats,2026-09-18-3war-s0-n100-refligand:all7-control-clash:paired_min_distance,p_value,0.0108409,,2026-09-18,python scripts/pose_optimization_stats.py 2026-09-18-3war-s0-n100-refligand,"минимальное расстояние до белка; растёт и в контроле — это свойство правила отбора шагов, а не потенциала"
3war,pose_optimization_stats,2026-09-18-3war-s0-n100-refligand:all7-control-clash:paired_min_distance,pairs,17,,2026-09-18,python scripts/pose_optimization_stats.py 2026-09-18-3war-s0-n100-refligand,"минимальное расстояние до белка; растёт и в контроле — это свойство правила отбора шагов, а не потенциала"
3war,pose_optimization_stats,2026-09-18-3war-s0-n100-refligand:all7-control-clash:paired_min_distance,worsened,3,,2026-09-18,python scripts/pose_optimization_stats.py 2026-09-18-3war-s0-n100-refligand,"минимальное расстояние до белка; растёт и в контроле — это свойство правила отбора шагов, а не потенциала"
3war,pose_optimization_stats,2026-09-18-3war-s0-n100-refligand:all7-control-clash:paired_score,after_median,0.727273,,2026-09-18,python scripts/pose_optimization_stats.py 2026-09-18-3war-s0-n100-refligand,"парный Уилкоксон, односторонний; интервал — бутстрэп среднего прироста"
3war,pose_optimization_stats,2026-09-18-3war-s0-n100-refligand:all7-control-clash:paired_score,before_median,0.818182,,2026-09-18,python scripts/pose_optimization_stats.py 2026-09-18-3war-s0-n100-refligand,"парный Уилкоксон, односторонний; интервал — бутстрэп среднего прироста"
3war,pose_optimization_stats,2026-09-18-3war-s0-n100-refligand:all7-control-clash:paired_score,ci_high,0.000937206,,2026-09-18,python scripts/pose_optimization_stats.py 2026-09-18-3war-s0-n100-refligand,"парный Уилкоксон, односторонний; интервал — бутстрэп среднего прироста"
3war,pose_optimization_stats,2026-09-18-3war-s0-n100-refligand:all7-control-clash:paired_score,ci_low,-0.0103093,,2026-09-18,python scripts/pose_optimization_stats.py 2026-09-18-3war-s0-n100-refligand,"парный Уилкоксон, односторонний; интервал — бутстрэп среднего прироста"
3war,pose_optimization_stats,2026-09-18-3war-s0-n100-refligand:all7-control-clash:paired_score,effect,-0.00374882,,2026-09-18,python scripts/pose_optimization_stats.py 2026-09-18-3war-s0-n100-refligand,"парный Уилкоксон, односторонний; интервал — бутстрэп среднего прироста"
3war,pose_optimization_stats,2026-09-18-3war-s0-n100-refligand:all7-control-clash:paired_score,molecules,97,,2026-09-18,python scripts/pose_optimization_stats.py 2026-09-18-3war-s0-n100-refligand,"парный Уилкоксон, односторонний; интервал — бутстрэп среднего прироста"
3war,pose_optimization_stats,2026-09-18-3war-s0-n100-refligand:all7-control-clash:paired_score,p_value,0.927936,,2026-09-18,python scripts/pose_optimization_stats.py 2026-09-18-3war-s0-n100-refligand,"парный Уилкоксон, односторонний; интервал — бутстрэп среднего прироста"
3war,pose_optimization_stats,2026-09-18-3war-s0-n100-refligand:all7-control-clash:paired_score,pairs,4,,2026-09-18,python scripts/pose_optimization_stats.py 2026-09-18-3war-s0-n100-refligand,"парный Уилкоксон, односторонний; интервал — бутстрэп среднего прироста"
3war,pose_optimization_stats,2026-09-18-3war-s0-n100-refligand:all7-control-clash:paired_tanimoto,after_median,0.615385,,2026-09-18,python scripts/pose_optimization_stats.py 2026-09-18-3war-s0-n100-refligand,"парный Уилкоксон, односторонний; интервал — бутстрэп среднего прироста"
3war,pose_optimization_stats,2026-09-18-3war-s0-n100-refligand:all7-control-clash:paired_tanimoto,before_median,0.6,,2026-09-18,python scripts/pose_optimization_stats.py 2026-09-18-3war-s0-n100-refligand,"парный Уилкоксон, односторонний; интервал — бутстрэп среднего прироста"
3war,pose_optimization_stats,2026-09-18-3war-s0-n100-refligand:all7-control-clash:paired_tanimoto,ci_high,0.00278384,,2026-09-18,python scripts/pose_optimization_stats.py 2026-09-18-3war-s0-n100-refligand,"парный Уилкоксон, односторонний; интервал — бутстрэп среднего прироста"
3war,pose_optimization_stats,2026-09-18-3war-s0-n100-refligand:all7-control-clash:paired_tanimoto,ci_low,-0.00351388,,2026-09-18,python scripts/pose_optimization_stats.py 2026-09-18-3war-s0-n100-refligand,"парный Уилкоксон, односторонний; интервал — бутстрэп среднего прироста"
3war,pose_optimization_stats,2026-09-18-3war-s0-n100-refligand:all7-control-clash:paired_tanimoto,effect,-0.000293825,,2026-09-18,python scripts/pose_optimization_stats.py 2026-09-18-3war-s0-n100-refligand,"парный Уилкоксон, односторонний; интервал — бутстрэп среднего прироста"
3war,pose_optimization_stats,2026-09-18-3war-s0-n100-refligand:all7-control-clash:paired_tanimoto,molecules,97,,2026-09-18,python scripts/pose_optimization_stats.py 2026-09-18-3war-s0-n100-refligand,"парный Уилкоксон, односторонний; интервал — бутстрэп среднего прироста"
3war,pose_optimization_stats,2026-09-18-3war-s0-n100-refligand:all7-control-clash:paired_tanimoto,p_value,0.515656,,2026-09-18,python scripts/pose_optimization_stats.py 2026-09-18-3war-s0-n100-refligand,"парный Уилкоксон, односторонний; интервал — бутстрэп среднего прироста"
3war,pose_optimization_stats,2026-09-18-3war-s0-n100-refligand:all7-control-clash:paired_tanimoto,pairs,12,,2026-09-18,python scripts/pose_optimization_stats.py 2026-09-18-3war-s0-n100-refligand,"парный Уилкоксон, односторонний; интервал — бутстрэп среднего прироста"
3war,pose_optimization_stats,2026-09-18-3war-s0-n100-refligand:all7-control:paired_min_distance,after_median,2.8496,,2026-09-18,python scripts/pose_optimization_stats.py 2026-09-18-3war-s0-n100-refligand,"минимальное расстояние до белка; растёт и в контроле — это свойство правила отбора шагов, а не потенциала"
3war,pose_optimization_stats,2026-09-18-3war-s0-n100-refligand:all7-control:paired_min_distance,before_median,2.8737,,2026-09-18,python scripts/pose_optimization_stats.py 2026-09-18-3war-s0-n100-refligand,"минимальное расстояние до белка; растёт и в контроле — это свойство правила отбора шагов, а не потенциала"
3war,pose_optimization_stats,2026-09-18-3war-s0-n100-refligand:all7-control:paired_min_distance,effect,-0.0241,,2026-09-18,python scripts/pose_optimization_stats.py 2026-09-18-3war-s0-n100-refligand,"минимальное расстояние до белка; растёт и в контроле — это свойство правила отбора шагов, а не потенциала"
3war,pose_optimization_stats,2026-09-18-3war-s0-n100-refligand:all7-control:paired_min_distance,p_value,0.927936,,2026-09-18,python scripts/pose_optimization_stats.py 2026-09-18-3war-s0-n100-refligand,"минимальное расстояние до белка; растёт и в контроле — это свойство правила отбора шагов, а не потенциала"
3war,pose_optimization_stats,2026-09-18-3war-s0-n100-refligand:all7-control:paired_min_distance,pairs,4,,2026-09-18,python scripts/pose_optimization_stats.py 2026-09-18-3war-s0-n100-refligand,"минимальное расстояние до белка; растёт и в контроле — это свойство правила отбора шагов, а не потенциала"
3war,pose_optimization_stats,2026-09-18-3war-s0-n100-refligand:all7-control:paired_min_distance,worsened,3,,2026-09-18,python scripts/pose_optimization_stats.py 2026-09-18-3war-s0-n100-refligand,"минимальное расстояние до белка; растёт и в контроле — это свойство правила отбора шагов, а не потенциала"
3war,pose_optimization_stats,2026-09-18-3war-s0-n100-refligand:all7-control:paired_score,after_median,0.818182,,2026-09-18,python scripts/pose_optimization_stats.py 2026-09-18-3war-s0-n100-refligand,"парный Уилкоксон, односторонний; интервал — бутстрэп среднего прироста"
3war,pose_optimization_stats,2026-09-18-3war-s0-n100-refligand:all7-control:paired_score,before_median,0.818182,,2026-09-18,python scripts/pose_optimization_stats.py 2026-09-18-3war-s0-n100-refligand,"парный Уилкоксон, односторонний; интервал — бутстрэп среднего прироста"
3war,pose_optimization_stats,2026-09-18-3war-s0-n100-refligand:all7-control:paired_score,ci_high,0.00374882,,2026-09-18,python scripts/pose_optimization_stats.py 2026-09-18-3war-s0-n100-refligand,"парный Уилкоксон, односторонний; интервал — бутстрэп среднего прироста"
3war,pose_optimization_stats,2026-09-18-3war-s0-n100-refligand:all7-control:paired_score,ci_low,-0.00468607,,2026-09-18,python scripts/pose_optimization_stats.py 2026-09-18-3war-s0-n100-refligand,"парный Уилкоксон, односторонний; интервал — бутстрэп среднего прироста"
3war,pose_optimization_stats,2026-09-18-3war-s0-n100-refligand:all7-control:paired_score,effect,-1.03093e-08,,2026-09-18,python scripts/pose_optimization_stats.py 2026-09-18-3war-s0-n100-refligand,"парный Уилкоксон, односторонний; интервал — бутстрэп среднего прироста"
3war,pose_optimization_stats,2026-09-18-3war-s0-n100-refligand:all7-control:paired_score,molecules,97,,2026-09-18,python scripts/pose_optimization_stats.py 2026-09-18-3war-s0-n100-refligand,"парный Уилкоксон, односторонний; интервал — бутстрэп среднего прироста"
3war,pose_optimization_stats,2026-09-18-3war-s0-n100-refligand:all7-control:paired_score,p_value,0.5,,2026-09-18,python scripts/pose_optimization_stats.py 2026-09-18-3war-s0-n100-refligand,"парный Уилкоксон, односторонний; интервал — бутстрэп среднего прироста"
3war,pose_optimization_stats,2026-09-18-3war-s0-n100-refligand:all7-control:paired_score,pairs,3,,2026-09-18,python scripts/pose_optimization_stats.py 2026-09-18-3war-s0-n100-refligand,"парный Уилкоксон, односторонний; интервал — бутстрэп среднего прироста"
3war,pose_optimization_stats,2026-09-18-3war-s0-n100-refligand:all7-control:paired_tanimoto,after_median,0.615385,,2026-09-18,python scripts/pose_optimization_stats.py 2026-09-18-3war-s0-n100-refligand,"парный Уилкоксон, односторонний; интервал — бутстрэп среднего прироста"
3war,pose_optimization_stats,2026-09-18-3war-s0-n100-refligand:all7-control:paired_tanimoto,before_median,0.6,,2026-09-18,python scripts/pose_optimization_stats.py 2026-09-18-3war-s0-n100-refligand,"парный Уилкоксон, односторонний; интервал — бутстрэп среднего прироста"
3war,pose_optimization_stats,2026-09-18-3war-s0-n100-refligand:all7-control:paired_tanimoto,ci_high,0.00374882,,2026-09-18,python scripts/pose_optimization_stats.py 2026-09-18-3war-s0-n100-refligand,"парный Уилкоксон, односторонний; интервал — бутстрэп среднего прироста"
3war,pose_optimization_stats,2026-09-18-3war-s0-n100-refligand:all7-control:paired_tanimoto,ci_low,-0.00429551,,2026-09-18,python scripts/pose_optimization_stats.py 2026-09-18-3war-s0-n100-refligand,"парный Уилкоксон, односторонний; интервал — бутстрэп среднего прироста"
3war,pose_optimization_stats,2026-09-18-3war-s0-n100-refligand:all7-control:paired_tanimoto,effect,7.81134e-05,,2026-09-18,python scripts/pose_optimization_stats.py 2026-09-18-3war-s0-n100-refligand,"парный Уилкоксон, односторонний; интервал — бутстрэп среднего прироста"
3war,pose_optimization_stats,2026-09-18-3war-s0-n100-refligand:all7-control:paired_tanimoto,molecules,97,,2026-09-18,python scripts/pose_optimization_stats.py 2026-09-18-3war-s0-n100-refligand,"парный Уилкоксон, односторонний; интервал — бутстрэп среднего прироста"
3war,pose_optimization_stats,2026-09-18-3war-s0-n100-refligand:all7-control:paired_tanimoto,p_value,0.5,,2026-09-18,python scripts/pose_optimization_stats.py 2026-09-18-3war-s0-n100-refligand,"парный Уилкоксон, односторонний; интервал — бутстрэп среднего прироста"
3war,pose_optimization_stats,2026-09-18-3war-s0-n100-refligand:all7-control:paired_tanimoto,pairs,3,,2026-09-18,python scripts/pose_optimization_stats.py 2026-09-18-3war-s0-n100-refligand,"парный Уилкоксон, односторонний; интервал — бутстрэп среднего прироста"
3war,pose_optimization_stats,2026-09-18-3war-s0-n100-refligand:all7:binomial_improved,effect,0.71134,,2026-09-18,python scripts/pose_optimization_stats.py 2026-09-18-3war-s0-n100-refligand,доля улучшившихся против контроля all7-control; точный биномиальный тест
3war,pose_optimization_stats,2026-09-18-3war-s0-n100-refligand:all7:binomial_improved,improved,69,,2026-09-18,python scripts/pose_optimization_stats.py 2026-09-18-3war-s0-n100-refligand,доля улучшившихся против контроля all7-control; точный биномиальный тест
3war,pose_optimization_stats,2026-09-18-3war-s0-n100-refligand:all7:binomial_improved,improved_control,2,,2026-09-18,python scripts/pose_optimization_stats.py 2026-09-18-3war-s0-n100-refligand,доля улучшившихся против контроля all7-control; точный биномиальный тест
3war,pose_optimization_stats,2026-09-18-3war-s0-n100-refligand:all7:binomial_improved,molecules_control,97,,2026-09-18,python scripts/pose_optimization_stats.py 2026-09-18-3war-s0-n100-refligand,доля улучшившихся против контроля all7-control; точный биномиальный тест
3war,pose_optimization_stats,2026-09-18-3war-s0-n100-refligand:all7:binomial_improved,p_value,5.01e-93,,2026-09-18,python scripts/pose_optimization_stats.py 2026-09-18-3war-s0-n100-refligand,доля улучшившихся против контроля all7-control; точный биномиальный тест
3war,pose_optimization_stats,2026-09-18-3war-s0-n100-refligand:all7:binomial_improved,pairs,97,,2026-09-18,python scripts/pose_optimization_stats.py 2026-09-18-3war-s0-n100-refligand,доля улучшившихся против контроля all7-control; точный биномиальный тест
3war,pose_optimization_stats,2026-09-18-3war-s0-n100-refligand:all7:paired_min_distance,after_median,2.6216,,2026-09-18,python scripts/pose_optimization_stats.py 2026-09-18-3war-s0-n100-refligand,"минимальное расстояние до белка; растёт и в контроле — это свойство правила отбора шагов, а не потенциала"
3war,pose_optimization_stats,2026-09-18-3war-s0-n100-refligand:all7:paired_min_distance,before_median,2.8737,,2026-09-18,python scripts/pose_optimization_stats.py 2026-09-18-3war-s0-n100-refligand,"минимальное расстояние до белка; растёт и в контроле — это свойство правила отбора шагов, а не потенциала"
3war,pose_optimization_stats,2026-09-18-3war-s0-n100-refligand:all7:paired_min_distance,effect,-0.2521,,2026-09-18,python scripts/pose_optimization_stats.py 2026-09-18-3war-s0-n100-refligand,"минимальное расстояние до белка; растёт и в контроле — это свойство правила отбора шагов, а не потенциала"
3war,pose_optimization_stats,2026-09-18-3war-s0-n100-refligand:all7:paired_min_distance,p_value,1,,2026-09-18,python scripts/pose_optimization_stats.py 2026-09-18-3war-s0-n100-refligand,"минимальное расстояние до белка; растёт и в контроле — это свойство правила отбора шагов, а не потенциала"
3war,pose_optimization_stats,2026-09-18-3war-s0-n100-refligand:all7:paired_min_distance,pairs,69,,2026-09-18,python scripts/pose_optimization_stats.py 2026-09-18-3war-s0-n100-refligand,"минимальное расстояние до белка; растёт и в контроле — это свойство правила отбора шагов, а не потенциала"
3war,pose_optimization_stats,2026-09-18-3war-s0-n100-refligand:all7:paired_min_distance,worsened,57,,2026-09-18,python scripts/pose_optimization_stats.py 2026-09-18-3war-s0-n100-refligand,"минимальное расстояние до белка; растёт и в контроле — это свойство правила отбора шагов, а не потенциала"
3war,pose_optimization_stats,2026-09-18-3war-s0-n100-refligand:all7:paired_score,after_median,0.909091,,2026-09-18,python scripts/pose_optimization_stats.py 2026-09-18-3war-s0-n100-refligand,"парный Уилкоксон, односторонний; интервал — бутстрэп среднего прироста"
3war,pose_optimization_stats,2026-09-18-3war-s0-n100-refligand:all7:paired_score,before_median,0.818182,,2026-09-18,python scripts/pose_optimization_stats.py 2026-09-18-3war-s0-n100-refligand,"парный Уилкоксон, односторонний; интервал — бутстрэп среднего прироста"
3war,pose_optimization_stats,2026-09-18-3war-s0-n100-refligand:all7:paired_score,ci_high,0.107779,,2026-09-18,python scripts/pose_optimization_stats.py 2026-09-18-3war-s0-n100-refligand,"парный Уилкоксон, односторонний; интервал — бутстрэп среднего прироста"
3war,pose_optimization_stats,2026-09-18-3war-s0-n100-refligand:all7:paired_score,ci_low,0.0768509,,2026-09-18,python scripts/pose_optimization_stats.py 2026-09-18-3war-s0-n100-refligand,"парный Уилкоксон, односторонний; интервал — бутстрэп среднего прироста"
3war,pose_optimization_stats,2026-09-18-3war-s0-n100-refligand:all7:paired_score,effect,0.0918462,,2026-09-18,python scripts/pose_optimization_stats.py 2026-09-18-3war-s0-n100-refligand,"парный Уилкоксон, односторонний; интервал — бутстрэп среднего прироста"
3war,pose_optimization_stats,2026-09-18-3war-s0-n100-refligand:all7:paired_score,molecules,97,,2026-09-18,python scripts/pose_optimization_stats.py 2026-09-18-3war-s0-n100-refligand,"парный Уилкоксон, односторонний; интервал — бутстрэп среднего прироста"
3war,pose_optimization_stats,2026-09-18-3war-s0-n100-refligand:all7:paired_score,p_value,9.18724e-14,,2026-09-18,python scripts/pose_optimization_stats.py 2026-09-18-3war-s0-n100-refligand,"парный Уилкоксон, односторонний; интервал — бутстрэп среднего прироста"
3war,pose_optimization_stats,2026-09-18-3war-s0-n100-refligand:all7:paired_score,pairs,69,,2026-09-18,python scripts/pose_optimization_stats.py 2026-09-18-3war-s0-n100-refligand,"парный Уилкоксон, односторонний; интервал — бутстрэп среднего прироста"
3war,pose_optimization_stats,2026-09-18-3war-s0-n100-refligand:all7:paired_tanimoto,after_median,0.714286,,2026-09-18,python scripts/pose_optimization_stats.py 2026-09-18-3war-s0-n100-refligand,"парный Уилкоксон, односторонний; интервал — бутстрэп среднего прироста"
3war,pose_optimization_stats,2026-09-18-3war-s0-n100-refligand:all7:paired_tanimoto,before_median,0.6,,2026-09-18,python scripts/pose_optimization_stats.py 2026-09-18-3war-s0-n100-refligand,"парный Уилкоксон, односторонний; интервал — бутстрэп среднего прироста"
3war,pose_optimization_stats,2026-09-18-3war-s0-n100-refligand:all7:paired_tanimoto,ci_high,0.110673,,2026-09-18,python scripts/pose_optimization_stats.py 2026-09-18-3war-s0-n100-refligand,"парный Уилкоксон, односторонний; интервал — бутстрэп среднего прироста"
3war,pose_optimization_stats,2026-09-18-3war-s0-n100-refligand:all7:paired_tanimoto,ci_low,0.074867,,2026-09-18,python scripts/pose_optimization_stats.py 2026-09-18-3war-s0-n100-refligand,"парный Уилкоксон, односторонний; интервал — бутстрэп среднего прироста"
3war,pose_optimization_stats,2026-09-18-3war-s0-n100-refligand:all7:paired_tanimoto,effect,0.0921125,,2026-09-18,python scripts/pose_optimization_stats.py 2026-09-18-3war-s0-n100-refligand,"парный Уилкоксон, односторонний; интервал — бутстрэп среднего прироста"
3war,pose_optimization_stats,2026-09-18-3war-s0-n100-refligand:all7:paired_tanimoto,molecules,97,,2026-09-18,python scripts/pose_optimization_stats.py 2026-09-18-3war-s0-n100-refligand,"парный Уилкоксон, односторонний; интервал — бутстрэп среднего прироста"
3war,pose_optimization_stats,2026-09-18-3war-s0-n100-refligand:all7:paired_tanimoto,p_value,2.70147e-13,,2026-09-18,python scripts/pose_optimization_stats.py 2026-09-18-3war-s0-n100-refligand,"парный Уилкоксон, односторонний; интервал — бутстрэп среднего прироста"
3war,pose_optimization_stats,2026-09-18-3war-s0-n100-refligand:all7:paired_tanimoto,pairs,69,,2026-09-18,python scripts/pose_optimization_stats.py 2026-09-18-3war-s0-n100-refligand,"парный Уилкоксон, односторонний; интервал — бутстрэп среднего прироста"
3war,pose_optimization_stats,2026-09-18-3war-s0-n100-refligand:all7:permutation_tanimoto,ci_high,0.110917,,2026-09-18,python scripts/pose_optimization_stats.py 2026-09-18-3war-s0-n100-refligand,перестановочный тест против контроля all7-control; знак меняется внутри пары
3war,pose_optimization_stats,2026-09-18-3war-s0-n100-refligand:all7:permutation_tanimoto,ci_low,0.0743899,,2026-09-18,python scripts/pose_optimization_stats.py 2026-09-18-3war-s0-n100-refligand,перестановочный тест против контроля all7-control; знак меняется внутри пары
3war,pose_optimization_stats,2026-09-18-3war-s0-n100-refligand:all7:permutation_tanimoto,effect,0.0920344,,2026-09-18,python scripts/pose_optimization_stats.py 2026-09-18-3war-s0-n100-refligand,перестановочный тест против контроля all7-control; знак меняется внутри пары
3war,pose_optimization_stats,2026-09-18-3war-s0-n100-refligand:all7:permutation_tanimoto,p_value,5e-05,,2026-09-18,python scripts/pose_optimization_stats.py 2026-09-18-3war-s0-n100-refligand,перестановочный тест против контроля all7-control; знак меняется внутри пары
3war,pose_optimization_stats,2026-09-18-3war-s0-n100-refligand:all7:permutation_tanimoto,pairs,97,,2026-09-18,python scripts/pose_optimization_stats.py 2026-09-18-3war-s0-n100-refligand,перестановочный тест против контроля all7-control; знак меняется внутри пары
3war,pose_optimization_stats,2026-09-18-3war-s0-n100-refligand:all7:permutation_tanimoto,permutations,20000,,2026-09-18,python scripts/pose_optimization_stats.py 2026-09-18-3war-s0-n100-refligand,перестановочный тест против контроля all7-control; знак меняется внутри пары
3war,pose_optimization_stats,2026-09-18-3war-s0-n100:all7-control:paired_min_distance,after_median,1.33045,,2026-09-18,python scripts/pose_optimization_stats.py 2026-09-18-3war-s0-n100,"минимальное расстояние до белка; растёт и в контроле — это свойство правила отбора шагов, а не потенциала"
3war,pose_optimization_stats,2026-09-18-3war-s0-n100:all7-control:paired_min_distance,before_median,1.2409,,2026-09-18,python scripts/pose_optimization_stats.py 2026-09-18-3war-s0-n100,"минимальное расстояние до белка; растёт и в контроле — это свойство правила отбора шагов, а не потенциала"
3war,pose_optimization_stats,2026-09-18-3war-s0-n100:all7-control:paired_min_distance,effect,0.08955,,2026-09-18,python scripts/pose_optimization_stats.py 2026-09-18-3war-s0-n100,"минимальное расстояние до белка; растёт и в контроле — это свойство правила отбора шагов, а не потенциала"
3war,pose_optimization_stats,2026-09-18-3war-s0-n100:all7-control:paired_min_distance,p_value,2.0341e-08,,2026-09-18,python scripts/pose_optimization_stats.py 2026-09-18-3war-s0-n100,"минимальное расстояние до белка; растёт и в контроле — это свойство правила отбора шагов, а не потенциала"
3war,pose_optimization_stats,2026-09-18-3war-s0-n100:all7-control:paired_min_distance,pairs,41,,2026-09-18,python scripts/pose_optimization_stats.py 2026-09-18-3war-s0-n100,"минимальное расстояние до белка; растёт и в контроле — это свойство правила отбора шагов, а не потенциала"
3war,pose_optimization_stats,2026-09-18-3war-s0-n100:all7-control:paired_min_distance,worsened,1,,2026-09-18,python scripts/pose_optimization_stats.py 2026-09-18-3war-s0-n100,"минимальное расстояние до белка; растёт и в контроле — это свойство правила отбора шагов, а не потенциала"
3war,pose_optimization_stats,2026-09-18-3war-s0-n100:all7-control:paired_score,after_median,0.636364,,2026-09-18,python scripts/pose_optimization_stats.py 2026-09-18-3war-s0-n100,"парный Уилкоксон, односторонний; интервал — бутстрэп среднего прироста"
3war,pose_optimization_stats,2026-09-18-3war-s0-n100:all7-control:paired_score,before_median,0.636364,,2026-09-18,python scripts/pose_optimization_stats.py 2026-09-18-3war-s0-n100,"парный Уилкоксон, односторонний; интервал — бутстрэп среднего прироста"
3war,pose_optimization_stats,2026-09-18-3war-s0-n100:all7-control:paired_score,ci_high,0.00927645,,2026-09-18,python scripts/pose_optimization_stats.py 2026-09-18-3war-s0-n100,"парный Уилкоксон, односторонний; интервал — бутстрэп среднего прироста"
3war,pose_optimization_stats,2026-09-18-3war-s0-n100:all7-control:paired_score,ci_low,-0.0166976,,2026-09-18,python scripts/pose_optimization_stats.py 2026-09-18-3war-s0-n100,"парный Уилкоксон, односторонний; интервал — бутстрэп среднего прироста"
3war,pose_optimization_stats,2026-09-18-3war-s0-n100:all7-control:paired_score,effect,-0.00371057,,2026-09-18,python scripts/pose_optimization_stats.py 2026-09-18-3war-s0-n100,"парный Уилкоксон, односторонний; интервал — бутстрэп среднего прироста"
3war,pose_optimization_stats,2026-09-18-3war-s0-n100:all7-control:paired_score,molecules,98,,2026-09-18,python scripts/pose_optimization_stats.py 2026-09-18-3war-s0-n100,"парный Уилкоксон, односторонний; интервал — бутстрэп среднего прироста"
3war,pose_optimization_stats,2026-09-18-3war-s0-n100:all7-control:paired_score,p_value,0.796684,,2026-09-18,python scripts/pose_optimization_stats.py 2026-09-18-3war-s0-n100,"парный Уилкоксон, односторонний; интервал — бутстрэп среднего прироста"
3war,pose_optimization_stats,2026-09-18-3war-s0-n100:all7-control:paired_score,pairs,23,,2026-09-18,python scripts/pose_optimization_stats.py 2026-09-18-3war-s0-n100,"парный Уилкоксон, односторонний; интервал — бутстрэп среднего прироста"
3war,pose_optimization_stats,2026-09-18-3war-s0-n100:all7-control:paired_tanimoto,after_median,0.35,,2026-09-18,python scripts/pose_optimization_stats.py 2026-09-18-3war-s0-n100,"парный Уилкоксон, односторонний; интервал — бутстрэп среднего прироста"
3war,pose_optimization_stats,2026-09-18-3war-s0-n100:all7-control:paired_tanimoto,before_median,0.35,,2026-09-18,python scripts/pose_optimization_stats.py 2026-09-18-3war-s0-n100,"парный Уилкоксон, односторонний; интервал — бутстрэп среднего прироста"
3war,pose_optimization_stats,2026-09-18-3war-s0-n100:all7-control:paired_tanimoto,ci_high,0.00521556,,2026-09-18,python scripts/pose_optimization_stats.py 2026-09-18-3war-s0-n100,"парный Уилкоксон, односторонний; интервал — бутстрэп среднего прироста"
3war,pose_optimization_stats,2026-09-18-3war-s0-n100:all7-control:paired_tanimoto,ci_low,-0.0115918,,2026-09-18,python scripts/pose_optimization_stats.py 2026-09-18-3war-s0-n100,"парный Уилкоксон, односторонний; интервал — бутстрэп среднего прироста"
3war,pose_optimization_stats,2026-09-18-3war-s0-n100:all7-control:paired_tanimoto,effect,-0.00356524,,2026-09-18,python scripts/pose_optimization_stats.py 2026-09-18-3war-s0-n100,"парный Уилкоксон, односторонний; интервал — бутстрэп среднего прироста"
3war,pose_optimization_stats,2026-09-18-3war-s0-n100:all7-control:paired_tanimoto,molecules,98,,2026-09-18,python scripts/pose_optimization_stats.py 2026-09-18-3war-s0-n100,"парный Уилкоксон, односторонний; интервал — бутстрэп среднего прироста"
3war,pose_optimization_stats,2026-09-18-3war-s0-n100:all7-control:paired_tanimoto,p_value,0.934122,,2026-09-18,python scripts/pose_optimization_stats.py 2026-09-18-3war-s0-n100,"парный Уилкоксон, односторонний; интервал — бутстрэп среднего прироста"
3war,pose_optimization_stats,2026-09-18-3war-s0-n100:all7-control:paired_tanimoto,pairs,39,,2026-09-18,python scripts/pose_optimization_stats.py 2026-09-18-3war-s0-n100,"парный Уилкоксон, односторонний; интервал — бутстрэп среднего прироста"
3war,pose_optimization_stats,2026-09-18-3war-s0-n100:all7:binomial_improved,effect,0.591837,,2026-09-18,python scripts/pose_optimization_stats.py 2026-09-18-3war-s0-n100,доля улучшившихся против контроля all7-control; точный биномиальный тест
3war,pose_optimization_stats,2026-09-18-3war-s0-n100:all7:binomial_improved,improved,58,,2026-09-18,python scripts/pose_optimization_stats.py 2026-09-18-3war-s0-n100,доля улучшившихся против контроля all7-control; точный биномиальный тест
3war,pose_optimization_stats,2026-09-18-3war-s0-n100:all7:binomial_improved,improved_control,11,,2026-09-18,python scripts/pose_optimization_stats.py 2026-09-18-3war-s0-n100,доля улучшившихся против контроля all7-control; точный биномиальный тест
3war,pose_optimization_stats,2026-09-18-3war-s0-n100:all7:binomial_improved,molecules_control,98,,2026-09-18,python scripts/pose_optimization_stats.py 2026-09-18-3war-s0-n100,доля улучшившихся против контроля all7-control; точный биномиальный тест
3war,pose_optimization_stats,2026-09-18-3war-s0-n100:all7:binomial_improved,p_value,3.72999e-30,,2026-09-18,python scripts/pose_optimization_stats.py 2026-09-18-3war-s0-n100,доля улучшившихся против контроля all7-control; точный биномиальный тест
3war,pose_optimization_stats,2026-09-18-3war-s0-n100:all7:binomial_improved,pairs,98,,2026-09-18,python scripts/pose_optimization_stats.py 2026-09-18-3war-s0-n100,доля улучшившихся против контроля all7-control; точный биномиальный тест
3war,pose_optimization_stats,2026-09-18-3war-s0-n100:all7:paired_min_distance,after_median,1.36435,,2026-09-18,python scripts/pose_optimization_stats.py 2026-09-18-3war-s0-n100,"минимальное расстояние до белка; растёт и в контроле — это свойство правила отбора шагов, а не потенциала"
3war,pose_optimization_stats,2026-09-18-3war-s0-n100:all7:paired_min_distance,before_median,1.2409,,2026-09-18,python scripts/pose_optimization_stats.py 2026-09-18-3war-s0-n100,"минимальное расстояние до белка; растёт и в контроле — это свойство правила отбора шагов, а не потенциала"
3war,pose_optimization_stats,2026-09-18-3war-s0-n100:all7:paired_min_distance,effect,0.12345,,2026-09-18,python scripts/pose_optimization_stats.py 2026-09-18-3war-s0-n100,"минимальное расстояние до белка; растёт и в контроле — это свойство правила отбора шагов, а не потенциала"
3war,pose_optimization_stats,2026-09-18-3war-s0-n100:all7:paired_min_distance,p_value,1.75303e-11,,2026-09-18,python scripts/pose_optimization_stats.py 2026-09-18-3war-s0-n100,"минимальное расстояние до белка; растёт и в контроле — это свойство правила отбора шагов, а не потенциала"
3war,pose_optimization_stats,2026-09-18-3war-s0-n100:all7:paired_min_distance,pairs,58,,2026-09-18,python scripts/pose_optimization_stats.py 2026-09-18-3war-s0-n100,"минимальное расстояние до белка; растёт и в контроле — это свойство правила отбора шагов, а не потенциала"
3war,pose_optimization_stats,2026-09-18-3war-s0-n100:all7:paired_min_distance,worsened,0,,2026-09-18,python scripts/pose_optimization_stats.py 2026-09-18-3war-s0-n100,"минимальное расстояние до белка; растёт и в контроле — это свойство правила отбора шагов, а не потенциала"
3war,pose_optimization_stats,2026-09-18-3war-s0-n100:all7:paired_score,after_median,0.727273,,2026-09-18,python scripts/pose_optimization_stats.py 2026-09-18-3war-s0-n100,"парный Уилкоксон, односторонний; интервал — бутстрэп среднего прироста"
3war,pose_optimization_stats,2026-09-18-3war-s0-n100:all7:paired_score,before_median,0.636364,,2026-09-18,python scripts/pose_optimization_stats.py 2026-09-18-3war-s0-n100,"парный Уилкоксон, односторонний; интервал — бутстрэп среднего прироста"
3war,pose_optimization_stats,2026-09-18-3war-s0-n100:all7:paired_score,ci_high,0.0871984,,2026-09-18,python scripts/pose_optimization_stats.py 2026-09-18-3war-s0-n100,"парный Уилкоксон, односторонний; интервал — бутстрэп среднего прироста"
3war,pose_optimization_stats,2026-09-18-3war-s0-n100:all7:paired_score,ci_low,0.0584415,,2026-09-18,python scripts/pose_optimization_stats.py 2026-09-18-3war-s0-n100,"парный Уилкоксон, односторонний; интервал — бутстрэп среднего прироста"
3war,pose_optimization_stats,2026-09-18-3war-s0-n100:all7:paired_score,effect,0.0723562,,2026-09-18,python scripts/pose_optimization_stats.py 2026-09-18-3war-s0-n100,"парный Уилкоксон, односторонний; интервал — бутстрэп среднего прироста"
3war,pose_optimization_stats,2026-09-18-3war-s0-n100:all7:paired_score,molecules,98,,2026-09-18,python scripts/pose_optimization_stats.py 2026-09-18-3war-s0-n100,"парный Уилкоксон, односторонний; интервал — бутстрэп среднего прироста"
3war,pose_optimization_stats,2026-09-18-3war-s0-n100:all7:paired_score,p_value,9.95128e-12,,2026-09-18,python scripts/pose_optimization_stats.py 2026-09-18-3war-s0-n100,"парный Уилкоксон, односторонний; интервал — бутстрэп среднего прироста"
3war,pose_optimization_stats,2026-09-18-3war-s0-n100:all7:paired_score,pairs,58,,2026-09-18,python scripts/pose_optimization_stats.py 2026-09-18-3war-s0-n100,"парный Уилкоксон, односторонний; интервал — бутстрэп среднего прироста"
3war,pose_optimization_stats,2026-09-18-3war-s0-n100:all7:paired_tanimoto,after_median,0.391304,,2026-09-18,python scripts/pose_optimization_stats.py 2026-09-18-3war-s0-n100,"парный Уилкоксон, односторонний; интервал — бутстрэп среднего прироста"
3war,pose_optimization_stats,2026-09-18-3war-s0-n100:all7:paired_tanimoto,before_median,0.35,,2026-09-18,python scripts/pose_optimization_stats.py 2026-09-18-3war-s0-n100,"парный Уилкоксон, односторонний; интервал — бутстрэп среднего прироста"
3war,pose_optimization_stats,2026-09-18-3war-s0-n100:all7:paired_tanimoto,ci_high,0.054651,,2026-09-18,python scripts/pose_optimization_stats.py 2026-09-18-3war-s0-n100,"парный Уилкоксон, односторонний; интервал — бутстрэп среднего прироста"
3war,pose_optimization_stats,2026-09-18-3war-s0-n100:all7:paired_tanimoto,ci_low,0.0350943,,2026-09-18,python scripts/pose_optimization_stats.py 2026-09-18-3war-s0-n100,"парный Уилкоксон, односторонний; интервал — бутстрэп среднего прироста"
3war,pose_optimization_stats,2026-09-18-3war-s0-n100:all7:paired_tanimoto,effect,0.0446976,,2026-09-18,python scripts/pose_optimization_stats.py 2026-09-18-3war-s0-n100,"парный Уилкоксон, односторонний; интервал — бутстрэп среднего прироста"
3war,pose_optimization_stats,2026-09-18-3war-s0-n100:all7:paired_tanimoto,molecules,98,,2026-09-18,python scripts/pose_optimization_stats.py 2026-09-18-3war-s0-n100,"парный Уилкоксон, односторонний; интервал — бутстрэп среднего прироста"
3war,pose_optimization_stats,2026-09-18-3war-s0-n100:all7:paired_tanimoto,p_value,2.15722e-11,,2026-09-18,python scripts/pose_optimization_stats.py 2026-09-18-3war-s0-n100,"парный Уилкоксон, односторонний; интервал — бутстрэп среднего прироста"
3war,pose_optimization_stats,2026-09-18-3war-s0-n100:all7:paired_tanimoto,pairs,58,,2026-09-18,python scripts/pose_optimization_stats.py 2026-09-18-3war-s0-n100,"парный Уилкоксон, односторонний; интервал — бутстрэп среднего прироста"
3war,pose_optimization_stats,2026-09-18-3war-s0-n100:all7:permutation_tanimoto,ci_high,0.0583896,,2026-09-18,python scripts/pose_optimization_stats.py 2026-09-18-3war-s0-n100,перестановочный тест против контроля all7-control; знак меняется внутри пары
3war,pose_optimization_stats,2026-09-18-3war-s0-n100:all7:permutation_tanimoto,ci_low,0.0384133,,2026-09-18,python scripts/pose_optimization_stats.py 2026-09-18-3war-s0-n100,перестановочный тест против контроля all7-control; знак меняется внутри пары
3war,pose_optimization_stats,2026-09-18-3war-s0-n100:all7:permutation_tanimoto,effect,0.0482628,,2026-09-18,python scripts/pose_optimization_stats.py 2026-09-18-3war-s0-n100,перестановочный тест против контроля all7-control; знак меняется внутри пары
3war,pose_optimization_stats,2026-09-18-3war-s0-n100:all7:permutation_tanimoto,p_value,5e-05,,2026-09-18,python scripts/pose_optimization_stats.py 2026-09-18-3war-s0-n100,перестановочный тест против контроля all7-control; знак меняется внутри пары
3war,pose_optimization_stats,2026-09-18-3war-s0-n100:all7:permutation_tanimoto,pairs,98,,2026-09-18,python scripts/pose_optimization_stats.py 2026-09-18-3war-s0-n100,перестановочный тест против контроля all7-control; знак меняется внутри пары
3war,pose_optimization_stats,2026-09-18-3war-s0-n100:all7:permutation_tanimoto,permutations,20000,,2026-09-18,python scripts/pose_optimization_stats.py 2026-09-18-3war-s0-n100,перестановочный тест против контроля all7-control; знак меняется внутри пары
5lvo,klifs_rules,all,reference_bits,14,бит,2026-09-19,python scripts/klifs_rules.py --best-per-kinase,"правила FingerPrintLib, пороги: кольца 4.0 A и 30.0°, гидрофобный 4.5 A, водородная связь 3.5 A и 45.0°, ионный 4.0 A"
5lvo,klifs_rules,all,shared_bits,14,бит,2026-09-19,python scripts/klifs_rules.py --best-per-kinase,"правила FingerPrintLib, пороги: кольца 4.0 A и 30.0°, гидрофобный 4.5 A, водородная связь 3.5 A и 45.0°, ионный 4.0 A"
5nkg,klifs_rules,all,reference_bits,22,бит,2026-09-19,python scripts/klifs_rules.py --best-per-kinase,"правила FingerPrintLib, пороги: кольца 4.0 A и 30.0°, гидрофобный 4.5 A, водородная связь 3.5 A и 45.0°, ионный 4.0 A"
5nkg,klifs_rules,all,shared_bits,22,бит,2026-09-19,python scripts/klifs_rules.py --best-per-kinase,"правила FingerPrintLib, пороги: кольца 4.0 A и 30.0°, гидрофобный 4.5 A, водородная связь 3.5 A и 45.0°, ионный 4.0 A"
6fnk,calibration_smoke,explicit,bits_common,3,bit,2026-09-18,python scripts/calibrate_ifp.py --target 6fnk,KLIFS ID 10344
6fnk,calibration_smoke,explicit,bits_extra,0,bit,2026-09-18,python scripts/calibrate_ifp.py --target 6fnk,KLIFS ID 10344
6fnk,calibration_smoke,explicit,bits_ours,3,bit,2026-09-18,python scripts/calibrate_ifp.py --target 6fnk,KLIFS ID 10344
6fnk,calibration_smoke,explicit,bits_reference,14,bit,2026-09-18,python scripts/calibrate_ifp.py --target 6fnk,KLIFS ID 10344
6fnk,calibration_smoke,explicit,gross_failures,0,,2026-09-18,python scripts/calibrate_ifp.py --target 6fnk,
6fnk,calibration_smoke,explicit,tanimoto_all,0.214,,2026-09-18,python scripts/calibrate_ifp.py --target 6fnk,KLIFS ID 10344
6fnk,calibration_smoke,explicit,tanimoto_scoring,0.667,,2026-09-18,python scripts/calibrate_ifp.py --target 6fnk,KLIFS ID 10344
6fnk,calibration_smoke,implicit-prolif,bits_common,3,bit,2026-09-18,python scripts/calibrate_ifp.py --target 6fnk,KLIFS ID 10344
6fnk,calibration_smoke,implicit-prolif,bits_extra,0,bit,2026-09-18,python scripts/calibrate_ifp.py --target 6fnk,KLIFS ID 10344
6fnk,calibration_smoke,implicit-prolif,bits_ours,3,bit,2026-09-18,python scripts/calibrate_ifp.py --target 6fnk,KLIFS ID 10344
6fnk,calibration_smoke,implicit-prolif,bits_reference,14,bit,2026-09-18,python scripts/calibrate_ifp.py --target 6fnk,KLIFS ID 10344
6fnk,calibration_smoke,implicit-prolif,tanimoto_all,0.214,,2026-09-18,python scripts/calibrate_ifp.py --target 6fnk,KLIFS ID 10344
6fnk,calibration_smoke,implicit-prolif,tanimoto_scoring,0.667,,2026-09-18,python scripts/calibrate_ifp.py --target 6fnk,KLIFS ID 10344
6fnk,calibration_smoke_by_type,explicit:ACC,bits_common,1,bit,2026-09-18,python scripts/calibrate_ifp.py --target 6fnk,
6fnk,calibration_smoke_by_type,explicit:ACC,bits_extra,0,bit,2026-09-18,python scripts/calibrate_ifp.py --target 6fnk,
6fnk,calibration_smoke_by_type,explicit:ACC,bits_missed,0,bit,2026-09-18,python scripts/calibrate_ifp.py --target 6fnk,
6fnk,calibration_smoke_by_type,explicit:ACC,bits_ours,1,bit,2026-09-18,python scripts/calibrate_ifp.py --target 6fnk,
6fnk,calibration_smoke_by_type,explicit:ACC,bits_reference,1,bit,2026-09-18,python scripts/calibrate_ifp.py --target 6fnk,
6fnk,calibration_smoke_by_type,explicit:DON,bits_common,1,bit,2026-09-18,python scripts/calibrate_ifp.py --target 6fnk,
6fnk,calibration_smoke_by_type,explicit:DON,bits_extra,0,bit,2026-09-18,python scripts/calibrate_ifp.py --target 6fnk,
6fnk,calibration_smoke_by_type,explicit:DON,bits_missed,0,bit,2026-09-18,python scripts/calibrate_ifp.py --target 6fnk,
6fnk,calibration_smoke_by_type,explicit:DON,bits_ours,1,bit,2026-09-18,python scripts/calibrate_ifp.py --target 6fnk,
6fnk,calibration_smoke_by_type,explicit:DON,bits_reference,1,bit,2026-09-18,python scripts/calibrate_ifp.py --target 6fnk,
6fnk,calibration_smoke_by_type,explicit:F-E,bits_common,0,bit,2026-09-18,python scripts/calibrate_ifp.py --target 6fnk,
6fnk,calibration_smoke_by_type,explicit:F-E,bits_extra,0,bit,2026-09-18,python scripts/calibrate_ifp.py --target 6fnk,
6fnk,calibration_smoke_by_type,explicit:F-E,bits_missed,0,bit,2026-09-18,python scripts/calibrate_ifp.py --target 6fnk,
6fnk,calibration_smoke_by_type,explicit:F-E,bits_ours,0,bit,2026-09-18,python scripts/calibrate_ifp.py --target 6fnk,
6fnk,calibration_smoke_by_type,explicit:F-E,bits_reference,0,bit,2026-09-18,python scripts/calibrate_ifp.py --target 6fnk,
6fnk,calibration_smoke_by_type,explicit:F-F,bits_common,0,bit,2026-09-18,python scripts/calibrate_ifp.py --target 6fnk,
6fnk,calibration_smoke_by_type,explicit:F-F,bits_extra,0,bit,2026-09-18,python scripts/calibrate_ifp.py --target 6fnk,
6fnk,calibration_smoke_by_type,explicit:F-F,bits_missed,1,bit,2026-09-18,python scripts/calibrate_ifp.py --target 6fnk,
6fnk,calibration_smoke_by_type,explicit:F-F,bits_ours,0,bit,2026-09-18,python scripts/calibrate_ifp.py --target 6fnk,
6fnk,calibration_smoke_by_type,explicit:F-F,bits_reference,1,bit,2026-09-18,python scripts/calibrate_ifp.py --target 6fnk,
6fnk,calibration_smoke_by_type,explicit:HYD,bits_common,1,bit,2026-09-18,python scripts/calibrate_ifp.py --target 6fnk,
6fnk,calibration_smoke_by_type,explicit:HYD,bits_extra,0,bit,2026-09-18,python scripts/calibrate_ifp.py --target 6fnk,
6fnk,calibration_smoke_by_type,explicit:HYD,bits_missed,10,bit,2026-09-18,python scripts/calibrate_ifp.py --target 6fnk,
6fnk,calibration_smoke_by_type,explicit:HYD,bits_ours,1,bit,2026-09-18,python scripts/calibrate_ifp.py --target 6fnk,
6fnk,calibration_smoke_by_type,explicit:HYD,bits_reference,11,bit,2026-09-18,python scripts/calibrate_ifp.py --target 6fnk,
6fnk,calibration_smoke_by_type,explicit:ION+,bits_common,0,bit,2026-09-18,python scripts/calibrate_ifp.py --target 6fnk,
6fnk,calibration_smoke_by_type,explicit:ION+,bits_extra,0,bit,2026-09-18,python scripts/calibrate_ifp.py --target 6fnk,
6fnk,calibration_smoke_by_type,explicit:ION+,bits_missed,0,bit,2026-09-18,python scripts/calibrate_ifp.py --target 6fnk,
6fnk,calibration_smoke_by_type,explicit:ION+,bits_ours,0,bit,2026-09-18,python scripts/calibrate_ifp.py --target 6fnk,
6fnk,calibration_smoke_by_type,explicit:ION+,bits_reference,0,bit,2026-09-18,python scripts/calibrate_ifp.py --target 6fnk,
6fnk,calibration_smoke_by_type,explicit:ION-,bits_common,0,bit,2026-09-18,python scripts/calibrate_ifp.py --target 6fnk,
6fnk,calibration_smoke_by_type,explicit:ION-,bits_extra,0,bit,2026-09-18,python scripts/calibrate_ifp.py --target 6fnk,
6fnk,calibration_smoke_by_type,explicit:ION-,bits_missed,0,bit,2026-09-18,python scripts/calibrate_ifp.py --target 6fnk,
6fnk,calibration_smoke_by_type,explicit:ION-,bits_ours,0,bit,2026-09-18,python scripts/calibrate_ifp.py --target 6fnk,
6fnk,calibration_smoke_by_type,explicit:ION-,bits_reference,0,bit,2026-09-18,python scripts/calibrate_ifp.py --target 6fnk,
6fnk,docking,2026-09-18-6fnk-s0-n100-refligand:all7,ligand_efficiency_median,0.089,ккал/моль,2026-09-18,python scripts/score_docking.py --run runs/2026-09-18-6fnk-s0-n100-refligand --poses results/pose_optimization-2026-09-18-6fnk-s0-n100-refligand-all7.sdf,
6fnk,docking,2026-09-18-6fnk-s0-n100-refligand:all7,molecules,89,,2026-09-18,python scripts/score_docking.py --run runs/2026-09-18-6fnk-s0-n100-refligand --poses results/pose_optimization-2026-09-18-6fnk-s0-n100-refligand-all7.sdf,
6fnk,docking,2026-09-18-6fnk-s0-n100-refligand:all7,positive_energy,29,поз,2026-09-18,python scripts/score_docking.py --run runs/2026-09-18-6fnk-s0-n100-refligand --poses results/pose_optimization-2026-09-18-6fnk-s0-n100-refligand-all7.sdf,
6fnk,docking,2026-09-18-6fnk-s0-n100-refligand:all7,vina_min_improved,20,молекул,2026-09-18,python scripts/score_docking.py --run runs/2026-09-18-6fnk-s0-n100-refligand,
6fnk,docking,2026-09-18-6fnk-s0-n100-refligand:all7,vina_min_median,-4.641,ккал/моль,2026-09-18,python scripts/score_docking.py --run runs/2026-09-18-6fnk-s0-n100-refligand --poses results/pose_optimization-2026-09-18-6fnk-s0-n100-refligand-all7.sdf,
6fnk,docking,2026-09-18-6fnk-s0-n100-refligand:all7,vina_min_wilcoxon_p,1.998e-08,,2026-09-18,python scripts/score_docking.py --run runs/2026-09-18-6fnk-s0-n100-refligand,парный двусторонний тест против исходных молекул
6fnk,docking,2026-09-18-6fnk-s0-n100-refligand:all7,vina_score_improved,0,молекул,2026-09-18,python scripts/score_docking.py --run runs/2026-09-18-6fnk-s0-n100-refligand,
6fnk,docking,2026-09-18-6fnk-s0-n100-refligand:all7,vina_score_median,-1.726,ккал/моль,2026-09-18,python scripts/score_docking.py --run runs/2026-09-18-6fnk-s0-n100-refligand --poses results/pose_optimization-2026-09-18-6fnk-s0-n100-refligand-all7.sdf,
6fnk,docking,2026-09-18-6fnk-s0-n100-refligand:all7,vina_score_wilcoxon_p,5.460e-16,,2026-09-18,python scripts/score_docking.py --run runs/2026-09-18-6fnk-s0-n100-refligand,парный двусторонний тест против исходных молекул
6fnk,docking,2026-09-18-6fnk-s0-n100-refligand:all7-clash,ligand_efficiency_median,0.168,ккал/моль,2026-09-18,python scripts/score_docking.py --run runs/2026-09-18-6fnk-s0-n100-refligand --poses results/pose_optimization-2026-09-18-6fnk-s0-n100-refligand-all7-clash.sdf,
6fnk,docking,2026-09-18-6fnk-s0-n100-refligand:all7-clash,molecules,89,,2026-09-18,python scripts/score_docking.py --run runs/2026-09-18-6fnk-s0-n100-refligand --poses results/pose_optimization-2026-09-18-6fnk-s0-n100-refligand-all7-clash.sdf,
6fnk,docking,2026-09-18-6fnk-s0-n100-refligand:all7-clash,positive_energy,11,поз,2026-09-18,python scripts/score_docking.py --run runs/2026-09-18-6fnk-s0-n100-refligand --poses results/pose_optimization-2026-09-18-6fnk-s0-n100-refligand-all7-clash.sdf,
6fnk,docking,2026-09-18-6fnk-s0-n100-refligand:all7-clash,vina_min_improved,30,молекул,2026-09-18,python scripts/score_docking.py --run runs/2026-09-18-6fnk-s0-n100-refligand,
6fnk,docking,2026-09-18-6fnk-s0-n100-refligand:all7-clash,vina_min_median,-4.895,ккал/моль,2026-09-18,python scripts/score_docking.py --run runs/2026-09-18-6fnk-s0-n100-refligand --poses results/pose_optimization-2026-09-18-6fnk-s0-n100-refligand-all7-clash.sdf,
6fnk,docking,2026-09-18-6fnk-s0-n100-refligand:all7-clash,vina_min_wilcoxon_p,3.647e-02,,2026-09-18,python scripts/score_docking.py --run runs/2026-09-18-6fnk-s0-n100-refligand,парный двусторонний тест против исходных молекул
6fnk,docking,2026-09-18-6fnk-s0-n100-refligand:all7-clash,vina_score_improved,5,молекул,2026-09-18,python scripts/score_docking.py --run runs/2026-09-18-6fnk-s0-n100-refligand,
6fnk,docking,2026-09-18-6fnk-s0-n100-refligand:all7-clash,vina_score_median,-2.649,ккал/моль,2026-09-18,python scripts/score_docking.py --run runs/2026-09-18-6fnk-s0-n100-refligand --poses results/pose_optimization-2026-09-18-6fnk-s0-n100-refligand-all7-clash.sdf,
6fnk,docking,2026-09-18-6fnk-s0-n100-refligand:all7-clash,vina_score_wilcoxon_p,7.835e-14,,2026-09-18,python scripts/score_docking.py --run runs/2026-09-18-6fnk-s0-n100-refligand,парный двусторонний тест против исходных молекул
6fnk,docking,2026-09-18-6fnk-s0-n100-refligand:source,ligand_efficiency_median,0.319,ккал/моль,2026-09-18,python scripts/score_docking.py --run runs/2026-09-18-6fnk-s0-n100-refligand,
6fnk,docking,2026-09-18-6fnk-s0-n100-refligand:source,molecules,89,,2026-09-18,python scripts/score_docking.py --run runs/2026-09-18-6fnk-s0-n100-refligand,
6fnk,docking,2026-09-18-6fnk-s0-n100-refligand:source,positive_energy,2,поз,2026-09-18,python scripts/score_docking.py --run runs/2026-09-18-6fnk-s0-n100-refligand,
6fnk,docking,2026-09-18-6fnk-s0-n100-refligand:source,vina_min_median,-5.018,ккал/моль,2026-09-18,python scripts/score_docking.py --run runs/2026-09-18-6fnk-s0-n100-refligand,
6fnk,docking,2026-09-18-6fnk-s0-n100-refligand:source,vina_score_median,-4.588,ккал/моль,2026-09-18,python scripts/score_docking.py --run runs/2026-09-18-6fnk-s0-n100-refligand,
6fnk,docking,crystal,vina_score_median,-5.990,ккал/моль,2026-09-18,python scripts/score_docking.py --run runs/2026-09-18-6fnk-s0-n100-refligand,кристаллический лиганд пакета мишени: калибровка шкалы
6fnk,klifs_rules,all,reference_bits,14,бит,2026-09-19,python scripts/klifs_rules.py --best-per-kinase,"правила FingerPrintLib, пороги: кольца 4.0 A и 30.0°, гидрофобный 4.5 A, водородная связь 3.5 A и 45.0°, ионный 4.0 A"
6fnk,klifs_rules,all,shared_bits,14,бит,2026-09-19,python scripts/klifs_rules.py --best-per-kinase,"правила FingerPrintLib, пороги: кольца 4.0 A и 30.0°, гидрофобный 4.5 A, водородная связь 3.5 A и 45.0°, ионный 4.0 A"
6fnk,physics,2026-09-18-6fnk-s0-n100-refligand:all7,all_atoms_connected,0.927,доля,2026-09-18,python scripts/check_physics.py --sdf results/pose_optimization-2026-09-18-6fnk-s0-n100-refligand-all7.sdf --target data/targets/6fnk/target.json,
6fnk,physics,2026-09-18-6fnk-s0-n100-refligand:all7,aromatic_ring_flatness,0.990,доля,2026-09-18,python scripts/check_physics.py --sdf results/pose_optimization-2026-09-18-6fnk-s0-n100-refligand-all7.sdf --target data/targets/6fnk/target.json,
6fnk,physics,2026-09-18-6fnk-s0-n100-refligand:all7,bond_angles,0.875,доля,2026-09-18,python scripts/check_physics.py --sdf results/pose_optimization-2026-09-18-6fnk-s0-n100-refligand-all7.sdf --target data/targets/6fnk/target.json,
6fnk,physics,2026-09-18-6fnk-s0-n100-refligand:all7,bond_lengths,0.812,доля,2026-09-18,python scripts/check_physics.py --sdf results/pose_optimization-2026-09-18-6fnk-s0-n100-refligand-all7.sdf --target data/targets/6fnk/target.json,
6fnk,physics,2026-09-18-6fnk-s0-n100-refligand:all7,double_bond_flatness,0.990,доля,2026-09-18,python scripts/check_physics.py --sdf results/pose_optimization-2026-09-18-6fnk-s0-n100-refligand-all7.sdf --target data/targets/6fnk/target.json,
6fnk,physics,2026-09-18-6fnk-s0-n100-refligand:all7,internal_energy,0.851,доля,2026-09-18,python scripts/check_physics.py --sdf results/pose_optimization-2026-09-18-6fnk-s0-n100-refligand-all7.sdf --target data/targets/6fnk/target.json,
6fnk,physics,2026-09-18-6fnk-s0-n100-refligand:all7,internal_steric_clash,0.927,доля,2026-09-18,python scripts/check_physics.py --sdf results/pose_optimization-2026-09-18-6fnk-s0-n100-refligand-all7.sdf --target data/targets/6fnk/target.json,
6fnk,physics,2026-09-18-6fnk-s0-n100-refligand:all7,minimum_distance_to_protein,0.531,доля,2026-09-18,python scripts/check_physics.py --sdf results/pose_optimization-2026-09-18-6fnk-s0-n100-refligand-all7.sdf --target data/targets/6fnk/target.json,
6fnk,physics,2026-09-18-6fnk-s0-n100-refligand:all7,molecules,96,,2026-09-18,python scripts/check_physics.py --sdf results/pose_optimization-2026-09-18-6fnk-s0-n100-refligand-all7.sdf --target data/targets/6fnk/target.json,
6fnk,physics,2026-09-18-6fnk-s0-n100-refligand:all7,sanitization,1.000,доля,2026-09-18,python scripts/check_physics.py --sdf results/pose_optimization-2026-09-18-6fnk-s0-n100-refligand-all7.sdf --target data/targets/6fnk/target.json,
6fnk,physics,2026-09-18-6fnk-s0-n100-refligand:all7,valid_all,0.333,доля,2026-09-18,python scripts/check_physics.py --sdf results/pose_optimization-2026-09-18-6fnk-s0-n100-refligand-all7.sdf --target data/targets/6fnk/target.json,
6fnk,physics,2026-09-18-6fnk-s0-n100-refligand:all7,volume_overlap_with_protein,0.948,доля,2026-09-18,python scripts/check_physics.py --sdf results/pose_optimization-2026-09-18-6fnk-s0-n100-refligand-all7.sdf --target data/targets/6fnk/target.json,
6fnk,physics,2026-09-18-6fnk-s0-n100-refligand:all7-clash,all_atoms_connected,0.927,доля,2026-09-18,python scripts/check_physics.py --sdf results/pose_optimization-2026-09-18-6fnk-s0-n100-refligand-all7-clash.sdf --target data/targets/6fnk/target.json,
6fnk,physics,2026-09-18-6fnk-s0-n100-refligand:all7-clash,aromatic_ring_flatness,0.990,доля,2026-09-18,python scripts/check_physics.py --sdf results/pose_optimization-2026-09-18-6fnk-s0-n100-refligand-all7-clash.sdf --target data/targets/6fnk/target.json,
6fnk,physics,2026-09-18-6fnk-s0-n100-refligand:all7-clash,bond_angles,0.875,доля,2026-09-18,python scripts/check_physics.py --sdf results/pose_optimization-2026-09-18-6fnk-s0-n100-refligand-all7-clash.sdf --target data/targets/6fnk/target.json,
6fnk,physics,2026-09-18-6fnk-s0-n100-refligand:all7-clash,bond_lengths,0.812,доля,2026-09-18,python scripts/check_physics.py --sdf results/pose_optimization-2026-09-18-6fnk-s0-n100-refligand-all7-clash.sdf --target data/targets/6fnk/target.json,
6fnk,physics,2026-09-18-6fnk-s0-n100-refligand:all7-clash,double_bond_flatness,0.990,доля,2026-09-18,python scripts/check_physics.py --sdf results/pose_optimization-2026-09-18-6fnk-s0-n100-refligand-all7-clash.sdf --target data/targets/6fnk/target.json,
6fnk,physics,2026-09-18-6fnk-s0-n100-refligand:all7-clash,internal_energy,0.851,доля,2026-09-18,python scripts/check_physics.py --sdf results/pose_optimization-2026-09-18-6fnk-s0-n100-refligand-all7-clash.sdf --target data/targets/6fnk/target.json,
6fnk,physics,2026-09-18-6fnk-s0-n100-refligand:all7-clash,internal_steric_clash,0.927,доля,2026-09-18,python scripts/check_physics.py --sdf results/pose_optimization-2026-09-18-6fnk-s0-n100-refligand-all7-clash.sdf --target data/targets/6fnk/target.json,
6fnk,physics,2026-09-18-6fnk-s0-n100-refligand:all7-clash,minimum_distance_to_protein,0.938,доля,2026-09-18,python scripts/check_physics.py --sdf results/pose_optimization-2026-09-18-6fnk-s0-n100-refligand-all7-clash.sdf --target data/targets/6fnk/target.json,
6fnk,physics,2026-09-18-6fnk-s0-n100-refligand:all7-clash,molecules,96,,2026-09-18,python scripts/check_physics.py --sdf results/pose_optimization-2026-09-18-6fnk-s0-n100-refligand-all7-clash.sdf --target data/targets/6fnk/target.json,
6fnk,physics,2026-09-18-6fnk-s0-n100-refligand:all7-clash,sanitization,1.000,доля,2026-09-18,python scripts/check_physics.py --sdf results/pose_optimization-2026-09-18-6fnk-s0-n100-refligand-all7-clash.sdf --target data/targets/6fnk/target.json,
6fnk,physics,2026-09-18-6fnk-s0-n100-refligand:all7-clash,valid_all,0.552,доля,2026-09-18,python scripts/check_physics.py --sdf results/pose_optimization-2026-09-18-6fnk-s0-n100-refligand-all7-clash.sdf --target data/targets/6fnk/target.json,
6fnk,physics,2026-09-18-6fnk-s0-n100-refligand:all7-clash,volume_overlap_with_protein,1.000,доля,2026-09-18,python scripts/check_physics.py --sdf results/pose_optimization-2026-09-18-6fnk-s0-n100-refligand-all7-clash.sdf --target data/targets/6fnk/target.json,
6fnk,physics,2026-09-18-6fnk-s0-n100-refligand:source,all_atoms_connected,0.927,доля,2026-09-18,python scripts/check_physics.py --sdf runs/2026-09-18-6fnk-s0-n100-refligand/molecules.sdf --target data/targets/6fnk/target.json,
6fnk,physics,2026-09-18-6fnk-s0-n100-refligand:source,aromatic_ring_flatness,0.990,доля,2026-09-18,python scripts/check_physics.py --sdf runs/2026-09-18-6fnk-s0-n100-refligand/molecules.sdf --target data/targets/6fnk/target.json,
6fnk,physics,2026-09-18-6fnk-s0-n100-refligand:source,bond_angles,0.875,доля,2026-09-18,python scripts/check_physics.py --sdf runs/2026-09-18-6fnk-s0-n100-refligand/molecules.sdf --target data/targets/6fnk/target.json,
6fnk,physics,2026-09-18-6fnk-s0-n100-refligand:source,bond_lengths,0.812,доля,2026-09-18,python scripts/check_physics.py --sdf runs/2026-09-18-6fnk-s0-n100-refligand/molecules.sdf --target data/targets/6fnk/target.json,
6fnk,physics,2026-09-18-6fnk-s0-n100-refligand:source,double_bond_flatness,0.990,доля,2026-09-18,python scripts/check_physics.py --sdf runs/2026-09-18-6fnk-s0-n100-refligand/molecules.sdf --target data/targets/6fnk/target.json,
6fnk,physics,2026-09-18-6fnk-s0-n100-refligand:source,internal_energy,0.851,доля,2026-09-18,python scripts/check_physics.py --sdf runs/2026-09-18-6fnk-s0-n100-refligand/molecules.sdf --target data/targets/6fnk/target.json,
6fnk,physics,2026-09-18-6fnk-s0-n100-refligand:source,internal_steric_clash,0.927,доля,2026-09-18,python scripts/check_physics.py --sdf runs/2026-09-18-6fnk-s0-n100-refligand/molecules.sdf --target data/targets/6fnk/target.json,
6fnk,physics,2026-09-18-6fnk-s0-n100-refligand:source,minimum_distance_to_protein,0.927,доля,2026-09-18,python scripts/check_physics.py --sdf runs/2026-09-18-6fnk-s0-n100-refligand/molecules.sdf --target data/targets/6fnk/target.json,
6fnk,physics,2026-09-18-6fnk-s0-n100-refligand:source,molecules,96,,2026-09-18,python scripts/check_physics.py --sdf runs/2026-09-18-6fnk-s0-n100-refligand/molecules.sdf --target data/targets/6fnk/target.json,
6fnk,physics,2026-09-18-6fnk-s0-n100-refligand:source,sanitization,1.000,доля,2026-09-18,python scripts/check_physics.py --sdf runs/2026-09-18-6fnk-s0-n100-refligand/molecules.sdf --target data/targets/6fnk/target.json,
6fnk,physics,2026-09-18-6fnk-s0-n100-refligand:source,valid_all,0.562,доля,2026-09-18,python scripts/check_physics.py --sdf runs/2026-09-18-6fnk-s0-n100-refligand/molecules.sdf --target data/targets/6fnk/target.json,
6fnk,physics,2026-09-18-6fnk-s0-n100-refligand:source,volume_overlap_with_protein,1.000,доля,2026-09-18,python scripts/check_physics.py --sdf runs/2026-09-18-6fnk-s0-n100-refligand/molecules.sdf --target data/targets/6fnk/target.json,
6fnk,pose_optimization,2026-09-18-6fnk-s0-n100-refligand:all7,improved,93,,2026-09-18,python scripts/optimize_poses.py --run runs/2026-09-18-6fnk-s0-n100-refligand --steps 1000 --max-rmsd 1.5,
6fnk,pose_optimization,2026-09-18-6fnk-s0-n100-refligand:all7,min_distance_after_median,2.419,A,2026-09-18,python scripts/optimize_poses.py --run runs/2026-09-18-6fnk-s0-n100-refligand --steps 1000 --max-rmsd 1.5,
6fnk,pose_optimization,2026-09-18-6fnk-s0-n100-refligand:all7,molecules,96,,2026-09-18,python scripts/optimize_poses.py --run runs/2026-09-18-6fnk-s0-n100-refligand --steps 1000 --max-rmsd 1.5,
6fnk,pose_optimization,2026-09-18-6fnk-s0-n100-refligand:all7,objective_after,0.754,,2026-09-18,python scripts/optimize_poses.py --run runs/2026-09-18-6fnk-s0-n100-refligand --steps 1000 --max-rmsd 1.5,
6fnk,pose_optimization,2026-09-18-6fnk-s0-n100-refligand:all7,objective_before,0.584,,2026-09-18,python scripts/optimize_poses.py --run runs/2026-09-18-6fnk-s0-n100-refligand --steps 1000 --max-rmsd 1.5,
6fnk,pose_optimization,2026-09-18-6fnk-s0-n100-refligand:all7,rmsd_shift_median,0.886,A,2026-09-18,python scripts/optimize_poses.py --run runs/2026-09-18-6fnk-s0-n100-refligand --steps 1000 --max-rmsd 1.5,
6fnk,pose_optimization,2026-09-18-6fnk-s0-n100-refligand:all7,score_after,0.754,,2026-09-18,python scripts/optimize_poses.py --run runs/2026-09-18-6fnk-s0-n100-refligand --steps 1000 --max-rmsd 1.5,
6fnk,pose_optimization,2026-09-18-6fnk-s0-n100-refligand:all7,score_before,0.584,,2026-09-18,python scripts/optimize_poses.py --run runs/2026-09-18-6fnk-s0-n100-refligand --steps 1000 --max-rmsd 1.5,
6fnk,pose_optimization,2026-09-18-6fnk-s0-n100-refligand:all7,tanimoto_after_median,0.643,,2026-09-18,python scripts/optimize_poses.py --run runs/2026-09-18-6fnk-s0-n100-refligand --steps 1000 --max-rmsd 1.5,
6fnk,pose_optimization,2026-09-18-6fnk-s0-n100-refligand:all7,tanimoto_before_median,0.500,,2026-09-18,python scripts/optimize_poses.py --run runs/2026-09-18-6fnk-s0-n100-refligand --steps 1000 --max-rmsd 1.5,
6fnk,pose_optimization,2026-09-18-6fnk-s0-n100-refligand:all7-clash,improved,89,,2026-09-18,python scripts/optimize_poses.py --run runs/2026-09-18-6fnk-s0-n100-refligand --steps 1000 --max-rmsd 1.5,
6fnk,pose_optimization,2026-09-18-6fnk-s0-n100-refligand:all7-clash,min_distance_after_median,2.604,A,2026-09-18,python scripts/optimize_poses.py --run runs/2026-09-18-6fnk-s0-n100-refligand --steps 1000 --max-rmsd 1.5,
6fnk,pose_optimization,2026-09-18-6fnk-s0-n100-refligand:all7-clash,molecules,96,,2026-09-18,python scripts/optimize_poses.py --run runs/2026-09-18-6fnk-s0-n100-refligand --steps 1000 --max-rmsd 1.5,
6fnk,pose_optimization,2026-09-18-6fnk-s0-n100-refligand:all7-clash,objective_after,0.736,,2026-09-18,python scripts/optimize_poses.py --run runs/2026-09-18-6fnk-s0-n100-refligand --steps 1000 --max-rmsd 1.5,
6fnk,pose_optimization,2026-09-18-6fnk-s0-n100-refligand:all7-clash,objective_before,0.563,,2026-09-18,python scripts/optimize_poses.py --run runs/2026-09-18-6fnk-s0-n100-refligand --steps 1000 --max-rmsd 1.5,
6fnk,pose_optimization,2026-09-18-6fnk-s0-n100-refligand:all7-clash,rmsd_shift_median,0.915,A,2026-09-18,python scripts/optimize_poses.py --run runs/2026-09-18-6fnk-s0-n100-refligand --steps 1000 --max-rmsd 1.5,
6fnk,pose_optimization,2026-09-18-6fnk-s0-n100-refligand:all7-clash,score_after,0.737,,2026-09-18,python scripts/optimize_poses.py --run runs/2026-09-18-6fnk-s0-n100-refligand --steps 1000 --max-rmsd 1.5,
6fnk,pose_optimization,2026-09-18-6fnk-s0-n100-refligand:all7-clash,score_before,0.584,,2026-09-18,python scripts/optimize_poses.py --run runs/2026-09-18-6fnk-s0-n100-refligand --steps 1000 --max-rmsd 1.5,
6fnk,pose_optimization,2026-09-18-6fnk-s0-n100-refligand:all7-clash,tanimoto_after_median,0.615,,2026-09-18,python scripts/optimize_poses.py --run runs/2026-09-18-6fnk-s0-n100-refligand --steps 1000 --max-rmsd 1.5,
6fnk,pose_optimization,2026-09-18-6fnk-s0-n100-refligand:all7-clash,tanimoto_before_median,0.500,,2026-09-18,python scripts/optimize_poses.py --run runs/2026-09-18-6fnk-s0-n100-refligand --steps 1000 --max-rmsd 1.5,
6fnk,pose_optimization,2026-09-18-6fnk-s0-n100-refligand:all7-control,improved,18,,2026-09-18,python scripts/optimize_poses.py --run runs/2026-09-18-6fnk-s0-n100-refligand --steps 1000 --max-rmsd 1.5,отрицательный контроль: позиции эталона перемешаны
6fnk,pose_optimization,2026-09-18-6fnk-s0-n100-refligand:all7-control,min_distance_after_median,2.628,A,2026-09-18,python scripts/optimize_poses.py --run runs/2026-09-18-6fnk-s0-n100-refligand --steps 1000 --max-rmsd 1.5,отрицательный контроль: позиции эталона перемешаны
6fnk,pose_optimization,2026-09-18-6fnk-s0-n100-refligand:all7-control,molecules,96,,2026-09-18,python scripts/optimize_poses.py --run runs/2026-09-18-6fnk-s0-n100-refligand --steps 1000 --max-rmsd 1.5,отрицательный контроль: позиции эталона перемешаны
6fnk,pose_optimization,2026-09-18-6fnk-s0-n100-refligand:all7-control,objective_after,0.211,,2026-09-18,python scripts/optimize_poses.py --run runs/2026-09-18-6fnk-s0-n100-refligand --steps 1000 --max-rmsd 1.5,отрицательный контроль: позиции эталона перемешаны
6fnk,pose_optimization,2026-09-18-6fnk-s0-n100-refligand:all7-control,objective_before,0.157,,2026-09-18,python scripts/optimize_poses.py --run runs/2026-09-18-6fnk-s0-n100-refligand --steps 1000 --max-rmsd 1.5,отрицательный контроль: позиции эталона перемешаны
6fnk,pose_optimization,2026-09-18-6fnk-s0-n100-refligand:all7-control,rmsd_shift_median,0.668,A,2026-09-18,python scripts/optimize_poses.py --run runs/2026-09-18-6fnk-s0-n100-refligand --steps 1000 --max-rmsd 1.5,отрицательный контроль: позиции эталона перемешаны
6fnk,pose_optimization,2026-09-18-6fnk-s0-n100-refligand:all7-control,score_after,0.569,,2026-09-18,python scripts/optimize_poses.py --run runs/2026-09-18-6fnk-s0-n100-refligand --steps 1000 --max-rmsd 1.5,отрицательный контроль: позиции эталона перемешаны
6fnk,pose_optimization,2026-09-18-6fnk-s0-n100-refligand:all7-control,score_before,0.584,,2026-09-18,python scripts/optimize_poses.py --run runs/2026-09-18-6fnk-s0-n100-refligand --steps 1000 --max-rmsd 1.5,отрицательный контроль: позиции эталона перемешаны
6fnk,pose_optimization,2026-09-18-6fnk-s0-n100-refligand:all7-control,tanimoto_after_median,0.461,,2026-09-18,python scripts/optimize_poses.py --run runs/2026-09-18-6fnk-s0-n100-refligand --steps 1000 --max-rmsd 1.5,отрицательный контроль: позиции эталона перемешаны
6fnk,pose_optimization,2026-09-18-6fnk-s0-n100-refligand:all7-control,tanimoto_before_median,0.500,,2026-09-18,python scripts/optimize_poses.py --run runs/2026-09-18-6fnk-s0-n100-refligand --steps 1000 --max-rmsd 1.5,отрицательный контроль: позиции эталона перемешаны
6fnk,pose_optimization,2026-09-18-6fnk-s0-n100-refligand:all7-control-clash,improved,13,,2026-09-18,python scripts/optimize_poses.py --run runs/2026-09-18-6fnk-s0-n100-refligand --steps 1000 --max-rmsd 1.5,отрицательный контроль: позиции эталона перемешаны
6fnk,pose_optimization,2026-09-18-6fnk-s0-n100-refligand:all7-control-clash,min_distance_after_median,2.699,A,2026-09-18,python scripts/optimize_poses.py --run runs/2026-09-18-6fnk-s0-n100-refligand --steps 1000 --max-rmsd 1.5,отрицательный контроль: позиции эталона перемешаны
6fnk,pose_optimization,2026-09-18-6fnk-s0-n100-refligand:all7-control-clash,molecules,96,,2026-09-18,python scripts/optimize_poses.py --run runs/2026-09-18-6fnk-s0-n100-refligand --steps 1000 --max-rmsd 1.5,отрицательный контроль: позиции эталона перемешаны
6fnk,pose_optimization,2026-09-18-6fnk-s0-n100-refligand:all7-control-clash,objective_after,0.203,,2026-09-18,python scripts/optimize_poses.py --run runs/2026-09-18-6fnk-s0-n100-refligand --steps 1000 --max-rmsd 1.5,отрицательный контроль: позиции эталона перемешаны
6fnk,pose_optimization,2026-09-18-6fnk-s0-n100-refligand:all7-control-clash,objective_before,0.136,,2026-09-18,python scripts/optimize_poses.py --run runs/2026-09-18-6fnk-s0-n100-refligand --steps 1000 --max-rmsd 1.5,отрицательный контроль: позиции эталона перемешаны
6fnk,pose_optimization,2026-09-18-6fnk-s0-n100-refligand:all7-control-clash,rmsd_shift_median,0.550,A,2026-09-18,python scripts/optimize_poses.py --run runs/2026-09-18-6fnk-s0-n100-refligand --steps 1000 --max-rmsd 1.5,отрицательный контроль: позиции эталона перемешаны
6fnk,pose_optimization,2026-09-18-6fnk-s0-n100-refligand:all7-control-clash,score_after,0.567,,2026-09-18,python scripts/optimize_poses.py --run runs/2026-09-18-6fnk-s0-n100-refligand --steps 1000 --max-rmsd 1.5,отрицательный контроль: позиции эталона перемешаны
6fnk,pose_optimization,2026-09-18-6fnk-s0-n100-refligand:all7-control-clash,score_before,0.584,,2026-09-18,python scripts/optimize_poses.py --run runs/2026-09-18-6fnk-s0-n100-refligand --steps 1000 --max-rmsd 1.5,отрицательный контроль: позиции эталона перемешаны
6fnk,pose_optimization,2026-09-18-6fnk-s0-n100-refligand:all7-control-clash,tanimoto_after_median,0.456,,2026-09-18,python scripts/optimize_poses.py --run runs/2026-09-18-6fnk-s0-n100-refligand --steps 1000 --max-rmsd 1.5,отрицательный контроль: позиции эталона перемешаны
6fnk,pose_optimization,2026-09-18-6fnk-s0-n100-refligand:all7-control-clash,tanimoto_before_median,0.500,,2026-09-18,python scripts/optimize_poses.py --run runs/2026-09-18-6fnk-s0-n100-refligand --steps 1000 --max-rmsd 1.5,отрицательный контроль: позиции эталона перемешаны
6fnk,pose_optimization,2026-09-18-6fnk-s0-n100:all7,improved,90,,2026-09-18,python scripts/optimize_poses.py --run runs/2026-09-18-6fnk-s0-n100 --steps 1000 --max-rmsd 1.5,
6fnk,pose_optimization,2026-09-18-6fnk-s0-n100:all7,min_distance_after_median,1.457,A,2026-09-18,python scripts/optimize_poses.py --run runs/2026-09-18-6fnk-s0-n100 --steps 1000 --max-rmsd 1.5,
6fnk,pose_optimization,2026-09-18-6fnk-s0-n100:all7,molecules,99,,2026-09-18,python scripts/optimize_poses.py --run runs/2026-09-18-6fnk-s0-n100 --steps 1000 --max-rmsd 1.5,
6fnk,pose_optimization,2026-09-18-6fnk-s0-n100:all7,rmsd_shift_median,1.002,A,2026-09-18,python scripts/optimize_poses.py --run runs/2026-09-18-6fnk-s0-n100 --steps 1000 --max-rmsd 1.5,
6fnk,pose_optimization,2026-09-18-6fnk-s0-n100:all7,score_after,0.439,,2026-09-18,python scripts/optimize_poses.py --run runs/2026-09-18-6fnk-s0-n100 --steps 1000 --max-rmsd 1.5,
6fnk,pose_optimization,2026-09-18-6fnk-s0-n100:all7,score_before,0.298,,2026-09-18,python scripts/optimize_poses.py --run runs/2026-09-18-6fnk-s0-n100 --steps 1000 --max-rmsd 1.5,
6fnk,pose_optimization,2026-09-18-6fnk-s0-n100:all7,tanimoto_after_median,0.207,,2026-09-18,python scripts/optimize_poses.py --run runs/2026-09-18-6fnk-s0-n100 --steps 1000 --max-rmsd 1.5,
6fnk,pose_optimization,2026-09-18-6fnk-s0-n100:all7,tanimoto_before_median,0.133,,2026-09-18,python scripts/optimize_poses.py --run runs/2026-09-18-6fnk-s0-n100 --steps 1000 --max-rmsd 1.5,
6fnk,pose_optimization,2026-09-18-6fnk-s0-n100:all7-control,improved,23,,2026-09-18,python scripts/optimize_poses.py --run runs/2026-09-18-6fnk-s0-n100 --steps 1000 --max-rmsd 1.5,отрицательный контроль: позиции эталона перемешаны
6fnk,pose_optimization,2026-09-18-6fnk-s0-n100:all7-control,min_distance_after_median,1.376,A,2026-09-18,python scripts/optimize_poses.py --run runs/2026-09-18-6fnk-s0-n100 --steps 1000 --max-rmsd 1.5,отрицательный контроль: позиции эталона перемешаны
6fnk,pose_optimization,2026-09-18-6fnk-s0-n100:all7-control,molecules,99,,2026-09-18,python scripts/optimize_poses.py --run runs/2026-09-18-6fnk-s0-n100 --steps 1000 --max-rmsd 1.5,отрицательный контроль: позиции эталона перемешаны
6fnk,pose_optimization,2026-09-18-6fnk-s0-n100:all7-control,rmsd_shift_median,0.709,A,2026-09-18,python scripts/optimize_poses.py --run runs/2026-09-18-6fnk-s0-n100 --steps 1000 --max-rmsd 1.5,отрицательный контроль: позиции эталона перемешаны
6fnk,pose_optimization,2026-09-18-6fnk-s0-n100:all7-control,score_after,0.312,,2026-09-18,python scripts/optimize_poses.py --run runs/2026-09-18-6fnk-s0-n100 --steps 1000 --max-rmsd 1.5,отрицательный контроль: позиции эталона перемешаны
6fnk,pose_optimization,2026-09-18-6fnk-s0-n100:all7-control,score_before,0.298,,2026-09-18,python scripts/optimize_poses.py --run runs/2026-09-18-6fnk-s0-n100 --steps 1000 --max-rmsd 1.5,отрицательный контроль: позиции эталона перемешаны
6fnk,pose_optimization,2026-09-18-6fnk-s0-n100:all7-control,tanimoto_after_median,0.133,,2026-09-18,python scripts/optimize_poses.py --run runs/2026-09-18-6fnk-s0-n100 --steps 1000 --max-rmsd 1.5,отрицательный контроль: позиции эталона перемешаны
6fnk,pose_optimization,2026-09-18-6fnk-s0-n100:all7-control,tanimoto_before_median,0.133,,2026-09-18,python scripts/optimize_poses.py --run runs/2026-09-18-6fnk-s0-n100 --steps 1000 --max-rmsd 1.5,отрицательный контроль: позиции эталона перемешаны
6fnk,pose_optimization_stats,2026-09-18-6fnk-s0-n100-refligand:all7-clash:binomial_improved,effect,0.927083,,2026-09-18,python scripts/pose_optimization_stats.py 2026-09-18-6fnk-s0-n100-refligand,доля улучшившихся против контроля all7-control-clash; точный биномиальный тест
6fnk,pose_optimization_stats,2026-09-18-6fnk-s0-n100-refligand:all7-clash:binomial_improved,improved,89,,2026-09-18,python scripts/pose_optimization_stats.py 2026-09-18-6fnk-s0-n100-refligand,доля улучшившихся против контроля all7-control-clash; точный биномиальный тест
6fnk,pose_optimization_stats,2026-09-18-6fnk-s0-n100-refligand:all7-clash:binomial_improved,improved_control,13,,2026-09-18,python scripts/pose_optimization_stats.py 2026-09-18-6fnk-s0-n100-refligand,доля улучшившихся против контроля all7-control-clash; точный биномиальный тест
6fnk,pose_optimization_stats,2026-09-18-6fnk-s0-n100-refligand:all7-clash:binomial_improved,molecules_control,96,,2026-09-18,python scripts/pose_optimization_stats.py 2026-09-18-6fnk-s0-n100-refligand,доля улучшившихся против контроля all7-control-clash; точный биномиальный тест
6fnk,pose_optimization_stats,2026-09-18-6fnk-s0-n100-refligand:all7-clash:binomial_improved,p_value,2.28048e-68,,2026-09-18,python scripts/pose_optimization_stats.py 2026-09-18-6fnk-s0-n100-refligand,доля улучшившихся против контроля all7-control-clash; точный биномиальный тест
6fnk,pose_optimization_stats,2026-09-18-6fnk-s0-n100-refligand:all7-clash:binomial_improved,pairs,96,,2026-09-18,python scripts/pose_optimization_stats.py 2026-09-18-6fnk-s0-n100-refligand,доля улучшившихся против контроля all7-control-clash; точный биномиальный тест
6fnk,pose_optimization_stats,2026-09-18-6fnk-s0-n100-refligand:all7-clash:mcnemar_hbond,ci_high,0.25,,2026-09-18,python scripts/pose_optimization_stats.py 2026-09-18-6fnk-s0-n100-refligand,"доля молекул с ключевой H-связью по правилам KLIFS; точный критерий Макнемара, интервал — бутстрэп разности долей"
6fnk,pose_optimization_stats,2026-09-18-6fnk-s0-n100-refligand:all7-clash:mcnemar_hbond,ci_low,0.09375,,2026-09-18,python scripts/pose_optimization_stats.py 2026-09-18-6fnk-s0-n100-refligand,"доля молекул с ключевой H-связью по правилам KLIFS; точный критерий Макнемара, интервал — бутстрэп разности долей"
6fnk,pose_optimization_stats,2026-09-18-6fnk-s0-n100-refligand:all7-clash:mcnemar_hbond,effect,0.166667,,2026-09-18,python scripts/pose_optimization_stats.py 2026-09-18-6fnk-s0-n100-refligand,"доля молекул с ключевой H-связью по правилам KLIFS; точный критерий Макнемара, интервал — бутстрэп разности долей"
6fnk,pose_optimization_stats,2026-09-18-6fnk-s0-n100-refligand:all7-clash:mcnemar_hbond,fraction_after,0.90625,,2026-09-18,python scripts/pose_optimization_stats.py 2026-09-18-6fnk-s0-n100-refligand,"доля молекул с ключевой H-связью по правилам KLIFS; точный критерий Макнемара, интервал — бутстрэп разности долей"
6fnk,pose_optimization_stats,2026-09-18-6fnk-s0-n100-refligand:all7-clash:mcnemar_hbond,fraction_before,0.739583,,2026-09-18,python scripts/pose_optimization_stats.py 2026-09-18-6fnk-s0-n100-refligand,"доля молекул с ключевой H-связью по правилам KLIFS; точный критерий Макнемара, интервал — бутстрэп разности долей"
6fnk,pose_optimization_stats,2026-09-18-6fnk-s0-n100-refligand:all7-clash:mcnemar_hbond,gained,17,,2026-09-18,python scripts/pose_optimization_stats.py 2026-09-18-6fnk-s0-n100-refligand,"доля молекул с ключевой H-связью по правилам KLIFS; точный критерий Макнемара, интервал — бутстрэп разности долей"
6fnk,pose_optimization_stats,2026-09-18-6fnk-s0-n100-refligand:all7-clash:mcnemar_hbond,lost,1,,2026-09-18,python scripts/pose_optimization_stats.py 2026-09-18-6fnk-s0-n100-refligand,"доля молекул с ключевой H-связью по правилам KLIFS; точный критерий Макнемара, интервал — бутстрэп разности долей"
6fnk,pose_optimization_stats,2026-09-18-6fnk-s0-n100-refligand:all7-clash:mcnemar_hbond,molecules,96,,2026-09-18,python scripts/pose_optimization_stats.py 2026-09-18-6fnk-s0-n100-refligand,"доля молекул с ключевой H-связью по правилам KLIFS; точный критерий Макнемара, интервал — бутстрэп разности долей"
6fnk,pose_optimization_stats,2026-09-18-6fnk-s0-n100-refligand:all7-clash:mcnemar_hbond,p_value,7.24792e-05,,2026-09-18,python scripts/pose_optimization_stats.py 2026-09-18-6fnk-s0-n100-refligand,"доля молекул с ключевой H-связью по правилам KLIFS; точный критерий Макнемара, интервал — бутстрэп разности долей"
6fnk,pose_optimization_stats,2026-09-18-6fnk-s0-n100-refligand:all7-clash:mcnemar_hbond,pairs,18,,2026-09-18,python scripts/pose_optimization_stats.py 2026-09-18-6fnk-s0-n100-refligand,"доля молекул с ключевой H-связью по правилам KLIFS; точный критерий Макнемара, интервал — бутстрэп разности долей"
6fnk,pose_optimization_stats,2026-09-18-6fnk-s0-n100-refligand:all7-clash:paired_min_distance,after_median,2.6036,,2026-09-18,python scripts/pose_optimization_stats.py 2026-09-18-6fnk-s0-n100-refligand,"минимальное расстояние до белка; растёт и в контроле — это свойство правила отбора шагов, а не потенциала"
6fnk,pose_optimization_stats,2026-09-18-6fnk-s0-n100-refligand:all7-clash:paired_min_distance,before_median,2.7854,,2026-09-18,python scripts/pose_optimization_stats.py 2026-09-18-6fnk-s0-n100-refligand,"минимальное расстояние до белка; растёт и в контроле — это свойство правила отбора шагов, а не потенциала"
6fnk,pose_optimization_stats,2026-09-18-6fnk-s0-n100-refligand:all7-clash:paired_min_distance,effect,-0.1818,,2026-09-18,python scripts/pose_optimization_stats.py 2026-09-18-6fnk-s0-n100-refligand,"минимальное расстояние до белка; растёт и в контроле — это свойство правила отбора шагов, а не потенциала"
6fnk,pose_optimization_stats,2026-09-18-6fnk-s0-n100-refligand:all7-clash:paired_min_distance,p_value,1,,2026-09-18,python scripts/pose_optimization_stats.py 2026-09-18-6fnk-s0-n100-refligand,"минимальное расстояние до белка; растёт и в контроле — это свойство правила отбора шагов, а не потенциала"
6fnk,pose_optimization_stats,2026-09-18-6fnk-s0-n100-refligand:all7-clash:paired_min_distance,pairs,90,,2026-09-18,python scripts/pose_optimization_stats.py 2026-09-18-6fnk-s0-n100-refligand,"минимальное расстояние до белка; растёт и в контроле — это свойство правила отбора шагов, а не потенциала"
6fnk,pose_optimization_stats,2026-09-18-6fnk-s0-n100-refligand:all7-clash:paired_min_distance,worsened,70,,2026-09-18,python scripts/pose_optimization_stats.py 2026-09-18-6fnk-s0-n100-refligand,"минимальное расстояние до белка; растёт и в контроле — это свойство правила отбора шагов, а не потенциала"
6fnk,pose_optimization_stats,2026-09-18-6fnk-s0-n100-refligand:all7-clash:paired_score,after_median,0.714286,,2026-09-18,python scripts/pose_optimization_stats.py 2026-09-18-6fnk-s0-n100-refligand,"парный Уилкоксон, односторонний; интервал — бутстрэп среднего прироста"
6fnk,pose_optimization_stats,2026-09-18-6fnk-s0-n100-refligand:all7-clash:paired_score,before_median,0.571429,,2026-09-18,python scripts/pose_optimization_stats.py 2026-09-18-6fnk-s0-n100-refligand,"парный Уилкоксон, односторонний; интервал — бутстрэп среднего прироста"
6fnk,pose_optimization_stats,2026-09-18-6fnk-s0-n100-refligand:all7-clash:paired_score,ci_high,0.170387,,2026-09-18,python scripts/pose_optimization_stats.py 2026-09-18-6fnk-s0-n100-refligand,"парный Уилкоксон, односторонний; интервал — бутстрэп среднего прироста"
6fnk,pose_optimization_stats,2026-09-18-6fnk-s0-n100-refligand:all7-clash:paired_score,ci_low,0.135417,,2026-09-18,python scripts/pose_optimization_stats.py 2026-09-18-6fnk-s0-n100-refligand,"парный Уилкоксон, односторонний; интервал — бутстрэп среднего прироста"
6fnk,pose_optimization_stats,2026-09-18-6fnk-s0-n100-refligand:all7-clash:paired_score,effect,0.15253,,2026-09-18,python scripts/pose_optimization_stats.py 2026-09-18-6fnk-s0-n100-refligand,"парный Уилкоксон, односторонний; интервал — бутстрэп среднего прироста"
6fnk,pose_optimization_stats,2026-09-18-6fnk-s0-n100-refligand:all7-clash:paired_score,molecules,96,,2026-09-18,python scripts/pose_optimization_stats.py 2026-09-18-6fnk-s0-n100-refligand,"парный Уилкоксон, односторонний; интервал — бутстрэп среднего прироста"
6fnk,pose_optimization_stats,2026-09-18-6fnk-s0-n100-refligand:all7-clash:paired_score,p_value,9.00085e-17,,2026-09-18,python scripts/pose_optimization_stats.py 2026-09-18-6fnk-s0-n100-refligand,"парный Уилкоксон, односторонний; интервал — бутстрэп среднего прироста"
6fnk,pose_optimization_stats,2026-09-18-6fnk-s0-n100-refligand:all7-clash:paired_score,pairs,89,,2026-09-18,python scripts/pose_optimization_stats.py 2026-09-18-6fnk-s0-n100-refligand,"парный Уилкоксон, односторонний; интервал — бутстрэп среднего прироста"
6fnk,pose_optimization_stats,2026-09-18-6fnk-s0-n100-refligand:all7-clash:paired_tanimoto,after_median,0.61508,,2026-09-18,python scripts/pose_optimization_stats.py 2026-09-18-6fnk-s0-n100-refligand,"парный Уилкоксон, односторонний; интервал — бутстрэп среднего прироста"
6fnk,pose_optimization_stats,2026-09-18-6fnk-s0-n100-refligand:all7-clash:paired_tanimoto,before_median,0.5,,2026-09-18,python scripts/pose_optimization_stats.py 2026-09-18-6fnk-s0-n100-refligand,"парный Уилкоксон, односторонний; интервал — бутстрэп среднего прироста"
6fnk,pose_optimization_stats,2026-09-18-6fnk-s0-n100-refligand:all7-clash:paired_tanimoto,ci_high,0.144022,,2026-09-18,python scripts/pose_optimization_stats.py 2026-09-18-6fnk-s0-n100-refligand,"парный Уилкоксон, односторонний; интервал — бутстрэп среднего прироста"
6fnk,pose_optimization_stats,2026-09-18-6fnk-s0-n100-refligand:all7-clash:paired_tanimoto,ci_low,0.108151,,2026-09-18,python scripts/pose_optimization_stats.py 2026-09-18-6fnk-s0-n100-refligand,"парный Уилкоксон, односторонний; интервал — бутстрэп среднего прироста"
6fnk,pose_optimization_stats,2026-09-18-6fnk-s0-n100-refligand:all7-clash:paired_tanimoto,effect,0.125868,,2026-09-18,python scripts/pose_optimization_stats.py 2026-09-18-6fnk-s0-n100-refligand,"парный Уилкоксон, односторонний; интервал — бутстрэп среднего прироста"
6fnk,pose_optimization_stats,2026-09-18-6fnk-s0-n100-refligand:all7-clash:paired_tanimoto,molecules,96,,2026-09-18,python scripts/pose_optimization_stats.py 2026-09-18-6fnk-s0-n100-refligand,"парный Уилкоксон, односторонний; интервал — бутстрэп среднего прироста"
6fnk,pose_optimization_stats,2026-09-18-6fnk-s0-n100-refligand:all7-clash:paired_tanimoto,p_value,2.44689e-16,,2026-09-18,python scripts/pose_optimization_stats.py 2026-09-18-6fnk-s0-n100-refligand,"парный Уилкоксон, односторонний; интервал — бутстрэп среднего прироста"
6fnk,pose_optimization_stats,2026-09-18-6fnk-s0-n100-refligand:all7-clash:paired_tanimoto,pairs,90,,2026-09-18,python scripts/pose_optimization_stats.py 2026-09-18-6fnk-s0-n100-refligand,"парный Уилкоксон, односторонний; интервал — бутстрэп среднего прироста"
6fnk,pose_optimization_stats,2026-09-18-6fnk-s0-n100-refligand:all7-clash:permutation_tanimoto,ci_high,0.165079,,2026-09-18,python scripts/pose_optimization_stats.py 2026-09-18-6fnk-s0-n100-refligand,перестановочный тест против контроля all7-control-clash; знак меняется внутри пары
6fnk,pose_optimization_stats,2026-09-18-6fnk-s0-n100-refligand:all7-clash:permutation_tanimoto,ci_low,0.126024,,2026-09-18,python scripts/pose_optimization_stats.py 2026-09-18-6fnk-s0-n100-refligand,перестановочный тест против контроля all7-control-clash; знак меняется внутри пары
6fnk,pose_optimization_stats,2026-09-18-6fnk-s0-n100-refligand:all7-clash:permutation_tanimoto,effect,0.145441,,2026-09-18,python scripts/pose_optimization_stats.py 2026-09-18-6fnk-s0-n100-refligand,перестановочный тест против контроля all7-control-clash; знак меняется внутри пары
6fnk,pose_optimization_stats,2026-09-18-6fnk-s0-n100-refligand:all7-clash:permutation_tanimoto,p_value,5e-05,,2026-09-18,python scripts/pose_optimization_stats.py 2026-09-18-6fnk-s0-n100-refligand,перестановочный тест против контроля all7-control-clash; знак меняется внутри пары
6fnk,pose_optimization_stats,2026-09-18-6fnk-s0-n100-refligand:all7-clash:permutation_tanimoto,pairs,96,,2026-09-18,python scripts/pose_optimization_stats.py 2026-09-18-6fnk-s0-n100-refligand,перестановочный тест против контроля all7-control-clash; знак меняется внутри пары
6fnk,pose_optimization_stats,2026-09-18-6fnk-s0-n100-refligand:all7-clash:permutation_tanimoto,permutations,20000,,2026-09-18,python scripts/pose_optimization_stats.py 2026-09-18-6fnk-s0-n100-refligand,перестановочный тест против контроля all7-control-clash; знак меняется внутри пары
6fnk,pose_optimization_stats,2026-09-18-6fnk-s0-n100-refligand:all7-control-clash:mcnemar_hbond,ci_high,0.0208333,,2026-09-18,python scripts/pose_optimization_stats.py 2026-09-18-6fnk-s0-n100-refligand,"доля молекул с ключевой H-связью по правилам KLIFS; точный критерий Макнемара, интервал — бутстрэп разности долей"
6fnk,pose_optimization_stats,2026-09-18-6fnk-s0-n100-refligand:all7-control-clash:mcnemar_hbond,ci_low,-0.104167,,2026-09-18,python scripts/pose_optimization_stats.py 2026-09-18-6fnk-s0-n100-refligand,"доля молекул с ключевой H-связью по правилам KLIFS; точный критерий Макнемара, интервал — бутстрэп разности долей"
6fnk,pose_optimization_stats,2026-09-18-6fnk-s0-n100-refligand:all7-control-clash:mcnemar_hbond,effect,-0.0416667,,2026-09-18,python scripts/pose_optimization_stats.py 2026-09-18-6fnk-s0-n100-refligand,"доля молекул с ключевой H-связью по правилам KLIFS; точный критерий Макнемара, интервал — бутстрэп разности долей"
6fnk,pose_optimization_stats,2026-09-18-6fnk-s0-n100-refligand:all7-control-clash:mcnemar_hbond,fraction_after,0.697917,,2026-09-18,python scripts/pose_optimization_stats.py 2026-09-18-6fnk-s0-n100-refligand,"доля молекул с ключевой H-связью по правилам KLIFS; точный критерий Макнемара, интервал — бутстрэп разности долей"
6fnk,pose_optimization_stats,2026-09-18-6fnk-s0-n100-refligand:all7-control-clash:mcnemar_hbond,fraction_before,0.739583,,2026-09-18,python scripts/pose_optimization_stats.py 2026-09-18-6fnk-s0-n100-refligand,"доля молекул с ключевой H-связью по правилам KLIFS; точный критерий Макнемара, интервал — бутстрэп разности долей"
6fnk,pose_optimization_stats,2026-09-18-6fnk-s0-n100-refligand:all7-control-clash:mcnemar_hbond,gained,3,,2026-09-18,python scripts/pose_optimization_stats.py 2026-09-18-6fnk-s0-n100-refligand,"доля молекул с ключевой H-связью по правилам KLIFS; точный критерий Макнемара, интервал — бутстрэп разности долей"
6fnk,pose_optimization_stats,2026-09-18-6fnk-s0-n100-refligand:all7-control-clash:mcnemar_hbond,lost,7,,2026-09-18,python scripts/pose_optimization_stats.py 2026-09-18-6fnk-s0-n100-refligand,"доля молекул с ключевой H-связью по правилам KLIFS; точный критерий Макнемара, интервал — бутстрэп разности долей"
6fnk,pose_optimization_stats,2026-09-18-6fnk-s0-n100-refligand:all7-control-clash:mcnemar_hbond,molecules,96,,2026-09-18,python scripts/pose_optimization_stats.py 2026-09-18-6fnk-s0-n100-refligand,"доля молекул с ключевой H-связью по правилам KLIFS; точный критерий Макнемара, интервал — бутстрэп разности долей"
6fnk,pose_optimization_stats,2026-09-18-6fnk-s0-n100-refligand:all7-control-clash:mcnemar_hbond,p_value,0.945312,,2026-09-18,python scripts/pose_optimization_stats.py 2026-09-18-6fnk-s0-n100-refligand,"доля молекул с ключевой H-связью по правилам KLIFS; точный критерий Макнемара, интервал — бутстрэп разности долей"
6fnk,pose_optimization_stats,2026-09-18-6fnk-s0-n100-refligand:all7-control-clash:mcnemar_hbond,pairs,10,,2026-09-18,python scripts/pose_optimization_stats.py 2026-09-18-6fnk-s0-n100-refligand,"доля молекул с ключевой H-связью по правилам KLIFS; точный критерий Макнемара, интервал — бутстрэп разности долей"
6fnk,pose_optimization_stats,2026-09-18-6fnk-s0-n100-refligand:all7-control-clash:paired_min_distance,after_median,2.69885,,2026-09-18,python scripts/pose_optimization_stats.py 2026-09-18-6fnk-s0-n100-refligand,"минимальное расстояние до белка; растёт и в контроле — это свойство правила отбора шагов, а не потенциала"
6fnk,pose_optimization_stats,2026-09-18-6fnk-s0-n100-refligand:all7-control-clash:paired_min_distance,before_median,2.7854,,2026-09-18,python scripts/pose_optimization_stats.py 2026-09-18-6fnk-s0-n100-refligand,"минимальное расстояние до белка; растёт и в контроле — это свойство правила отбора шагов, а не потенциала"
6fnk,pose_optimization_stats,2026-09-18-6fnk-s0-n100-refligand:all7-control-clash:paired_min_distance,effect,-0.08655,,2026-09-18,python scripts/pose_optimization_stats.py 2026-09-18-6fnk-s0-n100-refligand,"минимальное расстояние до белка; растёт и в контроле — это свойство правила отбора шагов, а не потенциала"
6fnk,pose_optimization_stats,2026-09-18-6fnk-s0-n100-refligand:all7-control-clash:paired_min_distance,p_value,0.997857,,2026-09-18,python scripts/pose_optimization_stats.py 2026-09-18-6fnk-s0-n100-refligand,"минимальное расстояние до белка; растёт и в контроле — это свойство правила отбора шагов, а не потенциала"
6fnk,pose_optimization_stats,2026-09-18-6fnk-s0-n100-refligand:all7-control-clash:paired_min_distance,pairs,60,,2026-09-18,python scripts/pose_optimization_stats.py 2026-09-18-6fnk-s0-n100-refligand,"минимальное расстояние до белка; растёт и в контроле — это свойство правила отбора шагов, а не потенциала"
6fnk,pose_optimization_stats,2026-09-18-6fnk-s0-n100-refligand:all7-control-clash:paired_min_distance,worsened,42,,2026-09-18,python scripts/pose_optimization_stats.py 2026-09-18-6fnk-s0-n100-refligand,"минимальное расстояние до белка; растёт и в контроле — это свойство правила отбора шагов, а не потенциала"
6fnk,pose_optimization_stats,2026-09-18-6fnk-s0-n100-refligand:all7-control-clash:paired_score,after_median,0.571429,,2026-09-18,python scripts/pose_optimization_stats.py 2026-09-18-6fnk-s0-n100-refligand,"парный Уилкоксон, односторонний; интервал — бутстрэп среднего прироста"
6fnk,pose_optimization_stats,2026-09-18-6fnk-s0-n100-refligand:all7-control-clash:paired_score,before_median,0.571429,,2026-09-18,python scripts/pose_optimization_stats.py 2026-09-18-6fnk-s0-n100-refligand,"парный Уилкоксон, односторонний; интервал — бутстрэп среднего прироста"
6fnk,pose_optimization_stats,2026-09-18-6fnk-s0-n100-refligand:all7-control-clash:paired_score,ci_high,-0.00074401,,2026-09-18,python scripts/pose_optimization_stats.py 2026-09-18-6fnk-s0-n100-refligand,"парный Уилкоксон, односторонний; интервал — бутстрэп среднего прироста"
6fnk,pose_optimization_stats,2026-09-18-6fnk-s0-n100-refligand:all7-control-clash:paired_score,ci_low,-0.0342262,,2026-09-18,python scripts/pose_optimization_stats.py 2026-09-18-6fnk-s0-n100-refligand,"парный Уилкоксон, односторонний; интервал — бутстрэп среднего прироста"
6fnk,pose_optimization_stats,2026-09-18-6fnk-s0-n100-refligand:all7-control-clash:paired_score,effect,-0.0171131,,2026-09-18,python scripts/pose_optimization_stats.py 2026-09-18-6fnk-s0-n100-refligand,"парный Уилкоксон, односторонний; интервал — бутстрэп среднего прироста"
6fnk,pose_optimization_stats,2026-09-18-6fnk-s0-n100-refligand:all7-control-clash:paired_score,molecules,96,,2026-09-18,python scripts/pose_optimization_stats.py 2026-09-18-6fnk-s0-n100-refligand,"парный Уилкоксон, односторонний; интервал — бутстрэп среднего прироста"
6fnk,pose_optimization_stats,2026-09-18-6fnk-s0-n100-refligand:all7-control-clash:paired_score,p_value,0.968451,,2026-09-18,python scripts/pose_optimization_stats.py 2026-09-18-6fnk-s0-n100-refligand,"парный Уилкоксон, односторонний; интервал — бутстрэп среднего прироста"
6fnk,pose_optimization_stats,2026-09-18-6fnk-s0-n100-refligand:all7-control-clash:paired_score,pairs,39,,2026-09-18,python scripts/pose_optimization_stats.py 2026-09-18-6fnk-s0-n100-refligand,"парный Уилкоксон, односторонний; интервал — бутстрэп среднего прироста"
6fnk,pose_optimization_stats,2026-09-18-6fnk-s0-n100-refligand:all7-control-clash:paired_tanimoto,after_median,0.456439,,2026-09-18,python scripts/pose_optimization_stats.py 2026-09-18-6fnk-s0-n100-refligand,"парный Уилкоксон, односторонний; интервал — бутстрэп среднего прироста"
6fnk,pose_optimization_stats,2026-09-18-6fnk-s0-n100-refligand:all7-control-clash:paired_tanimoto,before_median,0.5,,2026-09-18,python scripts/pose_optimization_stats.py 2026-09-18-6fnk-s0-n100-refligand,"парный Уилкоксон, односторонний; интервал — бутстрэп среднего прироста"
6fnk,pose_optimization_stats,2026-09-18-6fnk-s0-n100-refligand:all7-control-clash:paired_tanimoto,ci_high,-0.00488975,,2026-09-18,python scripts/pose_optimization_stats.py 2026-09-18-6fnk-s0-n100-refligand,"парный Уилкоксон, односторонний; интервал — бутстрэп среднего прироста"
6fnk,pose_optimization_stats,2026-09-18-6fnk-s0-n100-refligand:all7-control-clash:paired_tanimoto,ci_low,-0.035347,,2026-09-18,python scripts/pose_optimization_stats.py 2026-09-18-6fnk-s0-n100-refligand,"парный Уилкоксон, односторонний; интервал — бутстрэп среднего прироста"
6fnk,pose_optimization_stats,2026-09-18-6fnk-s0-n100-refligand:all7-control-clash:paired_tanimoto,effect,-0.0195724,,2026-09-18,python scripts/pose_optimization_stats.py 2026-09-18-6fnk-s0-n100-refligand,"парный Уилкоксон, односторонний; интервал — бутстрэп среднего прироста"
6fnk,pose_optimization_stats,2026-09-18-6fnk-s0-n100-refligand:all7-control-clash:paired_tanimoto,molecules,96,,2026-09-18,python scripts/pose_optimization_stats.py 2026-09-18-6fnk-s0-n100-refligand,"парный Уилкоксон, односторонний; интервал — бутстрэп среднего прироста"
6fnk,pose_optimization_stats,2026-09-18-6fnk-s0-n100-refligand:all7-control-clash:paired_tanimoto,p_value,0.989202,,2026-09-18,python scripts/pose_optimization_stats.py 2026-09-18-6fnk-s0-n100-refligand,"парный Уилкоксон, односторонний; интервал — бутстрэп среднего прироста"
6fnk,pose_optimization_stats,2026-09-18-6fnk-s0-n100-refligand:all7-control-clash:paired_tanimoto,pairs,53,,2026-09-18,python scripts/pose_optimization_stats.py 2026-09-18-6fnk-s0-n100-refligand,"парный Уилкоксон, односторонний; интервал — бутстрэп среднего прироста"
6fnk,pose_optimization_stats,2026-09-18-6fnk-s0-n100-refligand:all7-control:mcnemar_hbond,ci_high,0.0208333,,2026-09-18,python scripts/pose_optimization_stats.py 2026-09-18-6fnk-s0-n100-refligand,"доля молекул с ключевой H-связью по правилам KLIFS; точный критерий Макнемара, интервал — бутстрэп разности долей"
6fnk,pose_optimization_stats,2026-09-18-6fnk-s0-n100-refligand:all7-control:mcnemar_hbond,ci_low,-0.135417,,2026-09-18,python scripts/pose_optimization_stats.py 2026-09-18-6fnk-s0-n100-refligand,"доля молекул с ключевой H-связью по правилам KLIFS; точный критерий Макнемара, интервал — бутстрэп разности долей"
6fnk,pose_optimization_stats,2026-09-18-6fnk-s0-n100-refligand:all7-control:mcnemar_hbond,effect,-0.0520833,,2026-09-18,python scripts/pose_optimization_stats.py 2026-09-18-6fnk-s0-n100-refligand,"доля молекул с ключевой H-связью по правилам KLIFS; точный критерий Макнемара, интервал — бутстрэп разности долей"
6fnk,pose_optimization_stats,2026-09-18-6fnk-s0-n100-refligand:all7-control:mcnemar_hbond,fraction_after,0.6875,,2026-09-18,python scripts/pose_optimization_stats.py 2026-09-18-6fnk-s0-n100-refligand,"доля молекул с ключевой H-связью по правилам KLIFS; точный критерий Макнемара, интервал — бутстрэп разности долей"
6fnk,pose_optimization_stats,2026-09-18-6fnk-s0-n100-refligand:all7-control:mcnemar_hbond,fraction_before,0.739583,,2026-09-18,python scripts/pose_optimization_stats.py 2026-09-18-6fnk-s0-n100-refligand,"доля молекул с ключевой H-связью по правилам KLIFS; точный критерий Макнемара, интервал — бутстрэп разности долей"
6fnk,pose_optimization_stats,2026-09-18-6fnk-s0-n100-refligand:all7-control:mcnemar_hbond,gained,5,,2026-09-18,python scripts/pose_optimization_stats.py 2026-09-18-6fnk-s0-n100-refligand,"доля молекул с ключевой H-связью по правилам KLIFS; точный критерий Макнемара, интервал — бутстрэп разности долей"
6fnk,pose_optimization_stats,2026-09-18-6fnk-s0-n100-refligand:all7-control:mcnemar_hbond,lost,10,,2026-09-18,python scripts/pose_optimization_stats.py 2026-09-18-6fnk-s0-n100-refligand,"доля молекул с ключевой H-связью по правилам KLIFS; точный критерий Макнемара, интервал — бутстрэп разности долей"
6fnk,pose_optimization_stats,2026-09-18-6fnk-s0-n100-refligand:all7-control:mcnemar_hbond,molecules,96,,2026-09-18,python scripts/pose_optimization_stats.py 2026-09-18-6fnk-s0-n100-refligand,"доля молекул с ключевой H-связью по правилам KLIFS; точный критерий Макнемара, интервал — бутстрэп разности долей"
6fnk,pose_optimization_stats,2026-09-18-6fnk-s0-n100-refligand:all7-control:mcnemar_hbond,p_value,0.940765,,2026-09-18,python scripts/pose_optimization_stats.py 2026-09-18-6fnk-s0-n100-refligand,"доля молекул с ключевой H-связью по правилам KLIFS; точный критерий Макнемара, интервал — бутстрэп разности долей"
6fnk,pose_optimization_stats,2026-09-18-6fnk-s0-n100-refligand:all7-control:mcnemar_hbond,pairs,15,,2026-09-18,python scripts/pose_optimization_stats.py 2026-09-18-6fnk-s0-n100-refligand,"доля молекул с ключевой H-связью по правилам KLIFS; точный критерий Макнемара, интервал — бутстрэп разности долей"
6fnk,pose_optimization_stats,2026-09-18-6fnk-s0-n100-refligand:all7-control:paired_min_distance,after_median,2.6285,,2026-09-18,python scripts/pose_optimization_stats.py 2026-09-18-6fnk-s0-n100-refligand,"минимальное расстояние до белка; растёт и в контроле — это свойство правила отбора шагов, а не потенциала"
6fnk,pose_optimization_stats,2026-09-18-6fnk-s0-n100-refligand:all7-control:paired_min_distance,before_median,2.7854,,2026-09-18,python scripts/pose_optimization_stats.py 2026-09-18-6fnk-s0-n100-refligand,"минимальное расстояние до белка; растёт и в контроле — это свойство правила отбора шагов, а не потенциала"
6fnk,pose_optimization_stats,2026-09-18-6fnk-s0-n100-refligand:all7-control:paired_min_distance,effect,-0.1569,,2026-09-18,python scripts/pose_optimization_stats.py 2026-09-18-6fnk-s0-n100-refligand,"минимальное расстояние до белка; растёт и в контроле — это свойство правила отбора шагов, а не потенциала"
6fnk,pose_optimization_stats,2026-09-18-6fnk-s0-n100-refligand:all7-control:paired_min_distance,p_value,1,,2026-09-18,python scripts/pose_optimization_stats.py 2026-09-18-6fnk-s0-n100-refligand,"минимальное расстояние до белка; растёт и в контроле — это свойство правила отбора шагов, а не потенциала"
6fnk,pose_optimization_stats,2026-09-18-6fnk-s0-n100-refligand:all7-control:paired_min_distance,pairs,59,,2026-09-18,python scripts/pose_optimization_stats.py 2026-09-18-6fnk-s0-n100-refligand,"минимальное расстояние до белка; растёт и в контроле — это свойство правила отбора шагов, а не потенциала"
6fnk,pose_optimization_stats,2026-09-18-6fnk-s0-n100-refligand:all7-control:paired_min_distance,worsened,49,,2026-09-18,python scripts/pose_optimization_stats.py 2026-09-18-6fnk-s0-n100-refligand,"минимальное расстояние до белка; растёт и в контроле — это свойство правила отбора шагов, а не потенциала"
6fnk,pose_optimization_stats,2026-09-18-6fnk-s0-n100-refligand:all7-control:paired_score,after_median,0.571429,,2026-09-18,python scripts/pose_optimization_stats.py 2026-09-18-6fnk-s0-n100-refligand,"парный Уилкоксон, односторонний; интервал — бутстрэп среднего прироста"
6fnk,pose_optimization_stats,2026-09-18-6fnk-s0-n100-refligand:all7-control:paired_score,before_median,0.571429,,2026-09-18,python scripts/pose_optimization_stats.py 2026-09-18-6fnk-s0-n100-refligand,"парный Уилкоксон, односторонний; интервал — бутстрэп среднего прироста"
6fnk,pose_optimization_stats,2026-09-18-6fnk-s0-n100-refligand:all7-control:paired_score,ci_high,0.000744115,,2026-09-18,python scripts/pose_optimization_stats.py 2026-09-18-6fnk-s0-n100-refligand,"парный Уилкоксон, односторонний; интервал — бутстрэп среднего прироста"
6fnk,pose_optimization_stats,2026-09-18-6fnk-s0-n100-refligand:all7-control:paired_score,ci_low,-0.031994,,2026-09-18,python scripts/pose_optimization_stats.py 2026-09-18-6fnk-s0-n100-refligand,"парный Уилкоксон, односторонний; интервал — бутстрэп среднего прироста"
6fnk,pose_optimization_stats,2026-09-18-6fnk-s0-n100-refligand:all7-control:paired_score,effect,-0.0148809,,2026-09-18,python scripts/pose_optimization_stats.py 2026-09-18-6fnk-s0-n100-refligand,"парный Уилкоксон, односторонний; интервал — бутстрэп среднего прироста"
6fnk,pose_optimization_stats,2026-09-18-6fnk-s0-n100-refligand:all7-control:paired_score,molecules,96,,2026-09-18,python scripts/pose_optimization_stats.py 2026-09-18-6fnk-s0-n100-refligand,"парный Уилкоксон, односторонний; интервал — бутстрэп среднего прироста"
6fnk,pose_optimization_stats,2026-09-18-6fnk-s0-n100-refligand:all7-control:paired_score,p_value,0.922124,,2026-09-18,python scripts/pose_optimization_stats.py 2026-09-18-6fnk-s0-n100-refligand,"парный Уилкоксон, односторонний; интервал — бутстрэп среднего прироста"
6fnk,pose_optimization_stats,2026-09-18-6fnk-s0-n100-refligand:all7-control:paired_score,pairs,45,,2026-09-18,python scripts/pose_optimization_stats.py 2026-09-18-6fnk-s0-n100-refligand,"парный Уилкоксон, односторонний; интервал — бутстрэп среднего прироста"
6fnk,pose_optimization_stats,2026-09-18-6fnk-s0-n100-refligand:all7-control:paired_tanimoto,after_median,0.460606,,2026-09-18,python scripts/pose_optimization_stats.py 2026-09-18-6fnk-s0-n100-refligand,"парный Уилкоксон, односторонний; интервал — бутстрэп среднего прироста"
6fnk,pose_optimization_stats,2026-09-18-6fnk-s0-n100-refligand:all7-control:paired_tanimoto,before_median,0.5,,2026-09-18,python scripts/pose_optimization_stats.py 2026-09-18-6fnk-s0-n100-refligand,"парный Уилкоксон, односторонний; интервал — бутстрэп среднего прироста"
6fnk,pose_optimization_stats,2026-09-18-6fnk-s0-n100-refligand:all7-control:paired_tanimoto,ci_high,-0.00528213,,2026-09-18,python scripts/pose_optimization_stats.py 2026-09-18-6fnk-s0-n100-refligand,"парный Уилкоксон, односторонний; интервал — бутстрэп среднего прироста"
6fnk,pose_optimization_stats,2026-09-18-6fnk-s0-n100-refligand:all7-control:paired_tanimoto,ci_low,-0.0388709,,2026-09-18,python scripts/pose_optimization_stats.py 2026-09-18-6fnk-s0-n100-refligand,"парный Уилкоксон, односторонний; интервал — бутстрэп среднего прироста"
6fnk,pose_optimization_stats,2026-09-18-6fnk-s0-n100-refligand:all7-control:paired_tanimoto,effect,-0.0213895,,2026-09-18,python scripts/pose_optimization_stats.py 2026-09-18-6fnk-s0-n100-refligand,"парный Уилкоксон, односторонний; интервал — бутстрэп среднего прироста"
6fnk,pose_optimization_stats,2026-09-18-6fnk-s0-n100-refligand:all7-control:paired_tanimoto,molecules,96,,2026-09-18,python scripts/pose_optimization_stats.py 2026-09-18-6fnk-s0-n100-refligand,"парный Уилкоксон, односторонний; интервал — бутстрэп среднего прироста"
6fnk,pose_optimization_stats,2026-09-18-6fnk-s0-n100-refligand:all7-control:paired_tanimoto,p_value,0.982687,,2026-09-18,python scripts/pose_optimization_stats.py 2026-09-18-6fnk-s0-n100-refligand,"парный Уилкоксон, односторонний; интервал — бутстрэп среднего прироста"
6fnk,pose_optimization_stats,2026-09-18-6fnk-s0-n100-refligand:all7-control:paired_tanimoto,pairs,56,,2026-09-18,python scripts/pose_optimization_stats.py 2026-09-18-6fnk-s0-n100-refligand,"парный Уилкоксон, односторонний; интервал — бутстрэп среднего прироста"
6fnk,pose_optimization_stats,2026-09-18-6fnk-s0-n100-refligand:all7:binomial_improved,effect,0.96875,,2026-09-18,python scripts/pose_optimization_stats.py 2026-09-18-6fnk-s0-n100-refligand,доля улучшившихся против контроля all7-control; точный биномиальный тест
6fnk,pose_optimization_stats,2026-09-18-6fnk-s0-n100-refligand:all7:binomial_improved,improved,93,,2026-09-18,python scripts/pose_optimization_stats.py 2026-09-18-6fnk-s0-n100-refligand,доля улучшившихся против контроля all7-control; точный биномиальный тест
6fnk,pose_optimization_stats,2026-09-18-6fnk-s0-n100-refligand:all7:binomial_improved,improved_control,18,,2026-09-18,python scripts/pose_optimization_stats.py 2026-09-18-6fnk-s0-n100-refligand,доля улучшившихся против контроля all7-control; точный биномиальный тест
6fnk,pose_optimization_stats,2026-09-18-6fnk-s0-n100-refligand:all7:binomial_improved,molecules_control,96,,2026-09-18,python scripts/pose_optimization_stats.py 2026-09-18-6fnk-s0-n100-refligand,доля улучшившихся против контроля all7-control; точный биномиальный тест
6fnk,pose_optimization_stats,2026-09-18-6fnk-s0-n100-refligand:all7:binomial_improved,p_value,1.89131e-63,,2026-09-18,python scripts/pose_optimization_stats.py 2026-09-18-6fnk-s0-n100-refligand,доля улучшившихся против контроля all7-control; точный биномиальный тест
6fnk,pose_optimization_stats,2026-09-18-6fnk-s0-n100-refligand:all7:binomial_improved,pairs,96,,2026-09-18,python scripts/pose_optimization_stats.py 2026-09-18-6fnk-s0-n100-refligand,доля улучшившихся против контроля all7-control; точный биномиальный тест
6fnk,pose_optimization_stats,2026-09-18-6fnk-s0-n100-refligand:all7:mcnemar_hbond,ci_high,0.25,,2026-09-18,python scripts/pose_optimization_stats.py 2026-09-18-6fnk-s0-n100-refligand,"доля молекул с ключевой H-связью по правилам KLIFS; точный критерий Макнемара, интервал — бутстрэп разности долей"
6fnk,pose_optimization_stats,2026-09-18-6fnk-s0-n100-refligand:all7:mcnemar_hbond,ci_low,0.09375,,2026-09-18,python scripts/pose_optimization_stats.py 2026-09-18-6fnk-s0-n100-refligand,"доля молекул с ключевой H-связью по правилам KLIFS; точный критерий Макнемара, интервал — бутстрэп разности долей"
6fnk,pose_optimization_stats,2026-09-18-6fnk-s0-n100-refligand:all7:mcnemar_hbond,effect,0.166667,,2026-09-18,python scripts/pose_optimization_stats.py 2026-09-18-6fnk-s0-n100-refligand,"доля молекул с ключевой H-связью по правилам KLIFS; точный критерий Макнемара, интервал — бутстрэп разности долей"
6fnk,pose_optimization_stats,2026-09-18-6fnk-s0-n100-refligand:all7:mcnemar_hbond,fraction_after,0.90625,,2026-09-18,python scripts/pose_optimization_stats.py 2026-09-18-6fnk-s0-n100-refligand,"доля молекул с ключевой H-связью по правилам KLIFS; точный критерий Макнемара, интервал — бутстрэп разности долей"
6fnk,pose_optimization_stats,2026-09-18-6fnk-s0-n100-refligand:all7:mcnemar_hbond,fraction_before,0.739583,,2026-09-18,python scripts/pose_optimization_stats.py 2026-09-18-6fnk-s0-n100-refligand,"доля молекул с ключевой H-связью по правилам KLIFS; точный критерий Макнемара, интервал — бутстрэп разности долей"
6fnk,pose_optimization_stats,2026-09-18-6fnk-s0-n100-refligand:all7:mcnemar_hbond,gained,17,,2026-09-18,python scripts/pose_optimization_stats.py 2026-09-18-6fnk-s0-n100-refligand,"доля молекул с ключевой H-связью по правилам KLIFS; точный критерий Макнемара, интервал — бутстрэп разности долей"
6fnk,pose_optimization_stats,2026-09-18-6fnk-s0-n100-refligand:all7:mcnemar_hbond,lost,1,,2026-09-18,python scripts/pose_optimization_stats.py 2026-09-18-6fnk-s0-n100-refligand,"доля молекул с ключевой H-связью по правилам KLIFS; точный критерий Макнемара, интервал — бутстрэп разности долей"
6fnk,pose_optimization_stats,2026-09-18-6fnk-s0-n100-refligand:all7:mcnemar_hbond,molecules,96,,2026-09-18,python scripts/pose_optimization_stats.py 2026-09-18-6fnk-s0-n100-refligand,"доля молекул с ключевой H-связью по правилам KLIFS; точный критерий Макнемара, интервал — бутстрэп разности долей"
6fnk,pose_optimization_stats,2026-09-18-6fnk-s0-n100-refligand:all7:mcnemar_hbond,p_value,7.24792e-05,,2026-09-18,python scripts/pose_optimization_stats.py 2026-09-18-6fnk-s0-n100-refligand,"доля молекул с ключевой H-связью по правилам KLIFS; точный критерий Макнемара, интервал — бутстрэп разности долей"
6fnk,pose_optimization_stats,2026-09-18-6fnk-s0-n100-refligand:all7:mcnemar_hbond,pairs,18,,2026-09-18,python scripts/pose_optimization_stats.py 2026-09-18-6fnk-s0-n100-refligand,"доля молекул с ключевой H-связью по правилам KLIFS; точный критерий Макнемара, интервал — бутстрэп разности долей"
6fnk,pose_optimization_stats,2026-09-18-6fnk-s0-n100-refligand:all7:paired_min_distance,after_median,2.41875,,2026-09-18,python scripts/pose_optimization_stats.py 2026-09-18-6fnk-s0-n100-refligand,"минимальное расстояние до белка; растёт и в контроле — это свойство правила отбора шагов, а не потенциала"
6fnk,pose_optimization_stats,2026-09-18-6fnk-s0-n100-refligand:all7:paired_min_distance,before_median,2.7854,,2026-09-18,python scripts/pose_optimization_stats.py 2026-09-18-6fnk-s0-n100-refligand,"минимальное расстояние до белка; растёт и в контроле — это свойство правила отбора шагов, а не потенциала"
6fnk,pose_optimization_stats,2026-09-18-6fnk-s0-n100-refligand:all7:paired_min_distance,effect,-0.36665,,2026-09-18,python scripts/pose_optimization_stats.py 2026-09-18-6fnk-s0-n100-refligand,"минимальное расстояние до белка; растёт и в контроле — это свойство правила отбора шагов, а не потенциала"
6fnk,pose_optimization_stats,2026-09-18-6fnk-s0-n100-refligand:all7:paired_min_distance,p_value,1,,2026-09-18,python scripts/pose_optimization_stats.py 2026-09-18-6fnk-s0-n100-refligand,"минимальное расстояние до белка; растёт и в контроле — это свойство правила отбора шагов, а не потенциала"
6fnk,pose_optimization_stats,2026-09-18-6fnk-s0-n100-refligand:all7:paired_min_distance,pairs,93,,2026-09-18,python scripts/pose_optimization_stats.py 2026-09-18-6fnk-s0-n100-refligand,"минимальное расстояние до белка; растёт и в контроле — это свойство правила отбора шагов, а не потенциала"
6fnk,pose_optimization_stats,2026-09-18-6fnk-s0-n100-refligand:all7:paired_min_distance,worsened,81,,2026-09-18,python scripts/pose_optimization_stats.py 2026-09-18-6fnk-s0-n100-refligand,"минимальное расстояние до белка; растёт и в контроле — это свойство правила отбора шагов, а не потенциала"
6fnk,pose_optimization_stats,2026-09-18-6fnk-s0-n100-refligand:all7:paired_score,after_median,0.75,,2026-09-18,python scripts/pose_optimization_stats.py 2026-09-18-6fnk-s0-n100-refligand,"парный Уилкоксон, односторонний; интервал — бутстрэп среднего прироста"
6fnk,pose_optimization_stats,2026-09-18-6fnk-s0-n100-refligand:all7:paired_score,before_median,0.571429,,2026-09-18,python scripts/pose_optimization_stats.py 2026-09-18-6fnk-s0-n100-refligand,"парный Уилкоксон, односторонний; интервал — бутстрэп среднего прироста"
6fnk,pose_optimization_stats,2026-09-18-6fnk-s0-n100-refligand:all7:paired_score,ci_high,0.1875,,2026-09-18,python scripts/pose_optimization_stats.py 2026-09-18-6fnk-s0-n100-refligand,"парный Уилкоксон, односторонний; интервал — бутстрэп среднего прироста"
6fnk,pose_optimization_stats,2026-09-18-6fnk-s0-n100-refligand:all7:paired_score,ci_low,0.153274,,2026-09-18,python scripts/pose_optimization_stats.py 2026-09-18-6fnk-s0-n100-refligand,"парный Уилкоксон, односторонний; интервал — бутстрэп среднего прироста"
6fnk,pose_optimization_stats,2026-09-18-6fnk-s0-n100-refligand:all7:paired_score,effect,0.170387,,2026-09-18,python scripts/pose_optimization_stats.py 2026-09-18-6fnk-s0-n100-refligand,"парный Уилкоксон, односторонний; интервал — бутстрэп среднего прироста"
6fnk,pose_optimization_stats,2026-09-18-6fnk-s0-n100-refligand:all7:paired_score,molecules,96,,2026-09-18,python scripts/pose_optimization_stats.py 2026-09-18-6fnk-s0-n100-refligand,"парный Уилкоксон, односторонний; интервал — бутстрэп среднего прироста"
6fnk,pose_optimization_stats,2026-09-18-6fnk-s0-n100-refligand:all7:paired_score,p_value,1.87847e-17,,2026-09-18,python scripts/pose_optimization_stats.py 2026-09-18-6fnk-s0-n100-refligand,"парный Уилкоксон, односторонний; интервал — бутстрэп среднего прироста"
6fnk,pose_optimization_stats,2026-09-18-6fnk-s0-n100-refligand:all7:paired_score,pairs,93,,2026-09-18,python scripts/pose_optimization_stats.py 2026-09-18-6fnk-s0-n100-refligand,"парный Уилкоксон, односторонний; интервал — бутстрэп среднего прироста"
6fnk,pose_optimization_stats,2026-09-18-6fnk-s0-n100-refligand:all7:paired_tanimoto,after_median,0.642857,,2026-09-18,python scripts/pose_optimization_stats.py 2026-09-18-6fnk-s0-n100-refligand,"парный Уилкоксон, односторонний; интервал — бутстрэп среднего прироста"
6fnk,pose_optimization_stats,2026-09-18-6fnk-s0-n100-refligand:all7:paired_tanimoto,before_median,0.5,,2026-09-18,python scripts/pose_optimization_stats.py 2026-09-18-6fnk-s0-n100-refligand,"парный Уилкоксон, односторонний; интервал — бутстрэп среднего прироста"
6fnk,pose_optimization_stats,2026-09-18-6fnk-s0-n100-refligand:all7:paired_tanimoto,ci_high,0.16441,,2026-09-18,python scripts/pose_optimization_stats.py 2026-09-18-6fnk-s0-n100-refligand,"парный Уилкоксон, односторонний; интервал — бутстрэп среднего прироста"
6fnk,pose_optimization_stats,2026-09-18-6fnk-s0-n100-refligand:all7:paired_tanimoto,ci_low,0.127813,,2026-09-18,python scripts/pose_optimization_stats.py 2026-09-18-6fnk-s0-n100-refligand,"парный Уилкоксон, односторонний; интервал — бутстрэп среднего прироста"
6fnk,pose_optimization_stats,2026-09-18-6fnk-s0-n100-refligand:all7:paired_tanimoto,effect,0.145947,,2026-09-18,python scripts/pose_optimization_stats.py 2026-09-18-6fnk-s0-n100-refligand,"парный Уилкоксон, односторонний; интервал — бутстрэп среднего прироста"
6fnk,pose_optimization_stats,2026-09-18-6fnk-s0-n100-refligand:all7:paired_tanimoto,molecules,96,,2026-09-18,python scripts/pose_optimization_stats.py 2026-09-18-6fnk-s0-n100-refligand,"парный Уилкоксон, односторонний; интервал — бутстрэп среднего прироста"
6fnk,pose_optimization_stats,2026-09-18-6fnk-s0-n100-refligand:all7:paired_tanimoto,p_value,3.6003e-17,,2026-09-18,python scripts/pose_optimization_stats.py 2026-09-18-6fnk-s0-n100-refligand,"парный Уилкоксон, односторонний; интервал — бутстрэп среднего прироста"
6fnk,pose_optimization_stats,2026-09-18-6fnk-s0-n100-refligand:all7:paired_tanimoto,pairs,93,,2026-09-18,python scripts/pose_optimization_stats.py 2026-09-18-6fnk-s0-n100-refligand,"парный Уилкоксон, односторонний; интервал — бутстрэп среднего прироста"
6fnk,pose_optimization_stats,2026-09-18-6fnk-s0-n100-refligand:all7:permutation_tanimoto,ci_high,0.188634,,2026-09-18,python scripts/pose_optimization_stats.py 2026-09-18-6fnk-s0-n100-refligand,перестановочный тест против контроля all7-control; знак меняется внутри пары
6fnk,pose_optimization_stats,2026-09-18-6fnk-s0-n100-refligand:all7:permutation_tanimoto,ci_low,0.146343,,2026-09-18,python scripts/pose_optimization_stats.py 2026-09-18-6fnk-s0-n100-refligand,перестановочный тест против контроля all7-control; знак меняется внутри пары
6fnk,pose_optimization_stats,2026-09-18-6fnk-s0-n100-refligand:all7:permutation_tanimoto,effect,0.167336,,2026-09-18,python scripts/pose_optimization_stats.py 2026-09-18-6fnk-s0-n100-refligand,перестановочный тест против контроля all7-control; знак меняется внутри пары
6fnk,pose_optimization_stats,2026-09-18-6fnk-s0-n100-refligand:all7:permutation_tanimoto,p_value,5e-05,,2026-09-18,python scripts/pose_optimization_stats.py 2026-09-18-6fnk-s0-n100-refligand,перестановочный тест против контроля all7-control; знак меняется внутри пары
6fnk,pose_optimization_stats,2026-09-18-6fnk-s0-n100-refligand:all7:permutation_tanimoto,pairs,96,,2026-09-18,python scripts/pose_optimization_stats.py 2026-09-18-6fnk-s0-n100-refligand,перестановочный тест против контроля all7-control; знак меняется внутри пары
6fnk,pose_optimization_stats,2026-09-18-6fnk-s0-n100-refligand:all7:permutation_tanimoto,permutations,20000,,2026-09-18,python scripts/pose_optimization_stats.py 2026-09-18-6fnk-s0-n100-refligand,перестановочный тест против контроля all7-control; знак меняется внутри пары
6fnk,pose_optimization_stats,2026-09-18-6fnk-s0-n100:all7-control:paired_min_distance,after_median,1.3763,,2026-09-18,python scripts/pose_optimization_stats.py 2026-09-18-6fnk-s0-n100,"минимальное расстояние до белка; растёт и в контроле — это свойство правила отбора шагов, а не потенциала"
6fnk,pose_optimization_stats,2026-09-18-6fnk-s0-n100:all7-control:paired_min_distance,before_median,1.2805,,2026-09-18,python scripts/pose_optimization_stats.py 2026-09-18-6fnk-s0-n100,"минимальное расстояние до белка; растёт и в контроле — это свойство правила отбора шагов, а не потенциала"
6fnk,pose_optimization_stats,2026-09-18-6fnk-s0-n100:all7-control:paired_min_distance,effect,0.0958,,2026-09-18,python scripts/pose_optimization_stats.py 2026-09-18-6fnk-s0-n100,"минимальное расстояние до белка; растёт и в контроле — это свойство правила отбора шагов, а не потенциала"
6fnk,pose_optimization_stats,2026-09-18-6fnk-s0-n100:all7-control:paired_min_distance,p_value,8.29105e-14,,2026-09-18,python scripts/pose_optimization_stats.py 2026-09-18-6fnk-s0-n100,"минимальное расстояние до белка; растёт и в контроле — это свойство правила отбора шагов, а не потенциала"
6fnk,pose_optimization_stats,2026-09-18-6fnk-s0-n100:all7-control:paired_min_distance,pairs,72,,2026-09-18,python scripts/pose_optimization_stats.py 2026-09-18-6fnk-s0-n100,"минимальное расстояние до белка; растёт и в контроле — это свойство правила отбора шагов, а не потенциала"
6fnk,pose_optimization_stats,2026-09-18-6fnk-s0-n100:all7-control:paired_min_distance,worsened,0,,2026-09-18,python scripts/pose_optimization_stats.py 2026-09-18-6fnk-s0-n100,"минимальное расстояние до белка; растёт и в контроле — это свойство правила отбора шагов, а не потенциала"
6fnk,pose_optimization_stats,2026-09-18-6fnk-s0-n100:all7-control:paired_score,after_median,0.285714,,2026-09-18,python scripts/pose_optimization_stats.py 2026-09-18-6fnk-s0-n100,"парный Уилкоксон, односторонний; интервал — бутстрэп среднего прироста"
6fnk,pose_optimization_stats,2026-09-18-6fnk-s0-n100:all7-control:paired_score,before_median,0.285714,,2026-09-18,python scripts/pose_optimization_stats.py 2026-09-18-6fnk-s0-n100,"парный Уилкоксон, односторонний; интервал — бутстрэп среднего прироста"
6fnk,pose_optimization_stats,2026-09-18-6fnk-s0-n100:all7-control:paired_score,ci_high,0.025974,,2026-09-18,python scripts/pose_optimization_stats.py 2026-09-18-6fnk-s0-n100,"парный Уилкоксон, односторонний; интервал — бутстрэп среднего прироста"
6fnk,pose_optimization_stats,2026-09-18-6fnk-s0-n100:all7-control:paired_score,ci_low,0.00216453,,2026-09-18,python scripts/pose_optimization_stats.py 2026-09-18-6fnk-s0-n100,"парный Уилкоксон, односторонний; интервал — бутстрэп среднего прироста"
6fnk,pose_optimization_stats,2026-09-18-6fnk-s0-n100:all7-control:paired_score,effect,0.0137085,,2026-09-18,python scripts/pose_optimization_stats.py 2026-09-18-6fnk-s0-n100,"парный Уилкоксон, односторонний; интервал — бутстрэп среднего прироста"
6fnk,pose_optimization_stats,2026-09-18-6fnk-s0-n100:all7-control:paired_score,molecules,99,,2026-09-18,python scripts/pose_optimization_stats.py 2026-09-18-6fnk-s0-n100,"парный Уилкоксон, односторонний; интервал — бутстрэп среднего прироста"
6fnk,pose_optimization_stats,2026-09-18-6fnk-s0-n100:all7-control:paired_score,p_value,0.0106132,,2026-09-18,python scripts/pose_optimization_stats.py 2026-09-18-6fnk-s0-n100,"парный Уилкоксон, односторонний; интервал — бутстрэп среднего прироста"
6fnk,pose_optimization_stats,2026-09-18-6fnk-s0-n100:all7-control:paired_score,pairs,34,,2026-09-18,python scripts/pose_optimization_stats.py 2026-09-18-6fnk-s0-n100,"парный Уилкоксон, односторонний; интервал — бутстрэп среднего прироста"
6fnk,pose_optimization_stats,2026-09-18-6fnk-s0-n100:all7-control:paired_tanimoto,after_median,0.133333,,2026-09-18,python scripts/pose_optimization_stats.py 2026-09-18-6fnk-s0-n100,"парный Уилкоксон, односторонний; интервал — бутстрэп среднего прироста"
6fnk,pose_optimization_stats,2026-09-18-6fnk-s0-n100:all7-control:paired_tanimoto,before_median,0.133333,,2026-09-18,python scripts/pose_optimization_stats.py 2026-09-18-6fnk-s0-n100,"парный Уилкоксон, односторонний; интервал — бутстрэп среднего прироста"
6fnk,pose_optimization_stats,2026-09-18-6fnk-s0-n100:all7-control:paired_tanimoto,ci_high,0.0127023,,2026-09-18,python scripts/pose_optimization_stats.py 2026-09-18-6fnk-s0-n100,"парный Уилкоксон, односторонний; интервал — бутстрэп среднего прироста"
6fnk,pose_optimization_stats,2026-09-18-6fnk-s0-n100:all7-control:paired_tanimoto,ci_low,-8.08889e-05,,2026-09-18,python scripts/pose_optimization_stats.py 2026-09-18-6fnk-s0-n100,"парный Уилкоксон, односторонний; интервал — бутстрэп среднего прироста"
6fnk,pose_optimization_stats,2026-09-18-6fnk-s0-n100:all7-control:paired_tanimoto,effect,0.00601833,,2026-09-18,python scripts/pose_optimization_stats.py 2026-09-18-6fnk-s0-n100,"парный Уилкоксон, односторонний; интервал — бутстрэп среднего прироста"
6fnk,pose_optimization_stats,2026-09-18-6fnk-s0-n100:all7-control:paired_tanimoto,molecules,99,,2026-09-18,python scripts/pose_optimization_stats.py 2026-09-18-6fnk-s0-n100,"парный Уилкоксон, односторонний; интервал — бутстрэп среднего прироста"
6fnk,pose_optimization_stats,2026-09-18-6fnk-s0-n100:all7-control:paired_tanimoto,p_value,0.0813826,,2026-09-18,python scripts/pose_optimization_stats.py 2026-09-18-6fnk-s0-n100,"парный Уилкоксон, односторонний; интервал — бутстрэп среднего прироста"
6fnk,pose_optimization_stats,2026-09-18-6fnk-s0-n100:all7-control:paired_tanimoto,pairs,66,,2026-09-18,python scripts/pose_optimization_stats.py 2026-09-18-6fnk-s0-n100,"парный Уилкоксон, односторонний; интервал — бутстрэп среднего прироста"
6fnk,pose_optimization_stats,2026-09-18-6fnk-s0-n100:all7:binomial_improved,effect,0.909091,,2026-09-18,python scripts/pose_optimization_stats.py 2026-09-18-6fnk-s0-n100,доля улучшившихся против контроля all7-control; точный биномиальный тест
6fnk,pose_optimization_stats,2026-09-18-6fnk-s0-n100:all7:binomial_improved,improved,90,,2026-09-18,python scripts/pose_optimization_stats.py 2026-09-18-6fnk-s0-n100,доля улучшившихся против контроля all7-control; точный биномиальный тест
6fnk,pose_optimization_stats,2026-09-18-6fnk-s0-n100:all7:binomial_improved,improved_control,23,,2026-09-18,python scripts/pose_optimization_stats.py 2026-09-18-6fnk-s0-n100,доля улучшившихся против контроля all7-control; точный биномиальный тест
6fnk,pose_optimization_stats,2026-09-18-6fnk-s0-n100:all7:binomial_improved,molecules_control,99,,2026-09-18,python scripts/pose_optimization_stats.py 2026-09-18-6fnk-s0-n100,доля улучшившихся против контроля all7-control; точный биномиальный тест
6fnk,pose_optimization_stats,2026-09-18-6fnk-s0-n100:all7:binomial_improved,p_value,1.46688e-46,,2026-09-18,python scripts/pose_optimization_stats.py 2026-09-18-6fnk-s0-n100,доля улучшившихся против контроля all7-control; точный биномиальный тест
6fnk,pose_optimization_stats,2026-09-18-6fnk-s0-n100:all7:binomial_improved,pairs,99,,2026-09-18,python scripts/pose_optimization_stats.py 2026-09-18-6fnk-s0-n100,доля улучшившихся против контроля all7-control; точный биномиальный тест
6fnk,pose_optimization_stats,2026-09-18-6fnk-s0-n100:all7:paired_min_distance,after_median,1.4573,,2026-09-18,python scripts/pose_optimization_stats.py 2026-09-18-6fnk-s0-n100,"минимальное расстояние до белка; растёт и в контроле — это свойство правила отбора шагов, а не потенциала"
6fnk,pose_optimization_stats,2026-09-18-6fnk-s0-n100:all7:paired_min_distance,before_median,1.2805,,2026-09-18,python scripts/pose_optimization_stats.py 2026-09-18-6fnk-s0-n100,"минимальное расстояние до белка; растёт и в контроле — это свойство правила отбора шагов, а не потенциала"
6fnk,pose_optimization_stats,2026-09-18-6fnk-s0-n100:all7:paired_min_distance,effect,0.1768,,2026-09-18,python scripts/pose_optimization_stats.py 2026-09-18-6fnk-s0-n100,"минимальное расстояние до белка; растёт и в контроле — это свойство правила отбора шагов, а не потенциала"
6fnk,pose_optimization_stats,2026-09-18-6fnk-s0-n100:all7:paired_min_distance,p_value,8.71834e-17,,2026-09-18,python scripts/pose_optimization_stats.py 2026-09-18-6fnk-s0-n100,"минимальное расстояние до белка; растёт и в контроле — это свойство правила отбора шагов, а не потенциала"
6fnk,pose_optimization_stats,2026-09-18-6fnk-s0-n100:all7:paired_min_distance,pairs,90,,2026-09-18,python scripts/pose_optimization_stats.py 2026-09-18-6fnk-s0-n100,"минимальное расстояние до белка; растёт и в контроле — это свойство правила отбора шагов, а не потенциала"
6fnk,pose_optimization_stats,2026-09-18-6fnk-s0-n100:all7:paired_min_distance,worsened,0,,2026-09-18,python scripts/pose_optimization_stats.py 2026-09-18-6fnk-s0-n100,"минимальное расстояние до белка; растёт и в контроле — это свойство правила отбора шагов, а не потенциала"
6fnk,pose_optimization_stats,2026-09-18-6fnk-s0-n100:all7:paired_score,after_median,0.428571,,2026-09-18,python scripts/pose_optimization_stats.py 2026-09-18-6fnk-s0-n100,"парный Уилкоксон, односторонний; интервал — бутстрэп среднего прироста"
6fnk,pose_optimization_stats,2026-09-18-6fnk-s0-n100:all7:paired_score,before_median,0.285714,,2026-09-18,python scripts/pose_optimization_stats.py 2026-09-18-6fnk-s0-n100,"парный Уилкоксон, односторонний; интервал — бутстрэп среднего прироста"
6fnk,pose_optimization_stats,2026-09-18-6fnk-s0-n100:all7:paired_score,ci_high,0.157287,,2026-09-18,python scripts/pose_optimization_stats.py 2026-09-18-6fnk-s0-n100,"парный Уилкоксон, односторонний; интервал — бутстрэп среднего прироста"
6fnk,pose_optimization_stats,2026-09-18-6fnk-s0-n100:all7:paired_score,ci_low,0.124098,,2026-09-18,python scripts/pose_optimization_stats.py 2026-09-18-6fnk-s0-n100,"парный Уилкоксон, односторонний; интервал — бутстрэп среднего прироста"
6fnk,pose_optimization_stats,2026-09-18-6fnk-s0-n100:all7:paired_score,effect,0.140693,,2026-09-18,python scripts/pose_optimization_stats.py 2026-09-18-6fnk-s0-n100,"парный Уилкоксон, односторонний; интервал — бутстрэп среднего прироста"
6fnk,pose_optimization_stats,2026-09-18-6fnk-s0-n100:all7:paired_score,molecules,99,,2026-09-18,python scripts/pose_optimization_stats.py 2026-09-18-6fnk-s0-n100,"парный Уилкоксон, односторонний; интервал — бутстрэп среднего прироста"
6fnk,pose_optimization_stats,2026-09-18-6fnk-s0-n100:all7:paired_score,p_value,7.49179e-17,,2026-09-18,python scripts/pose_optimization_stats.py 2026-09-18-6fnk-s0-n100,"парный Уилкоксон, односторонний; интервал — бутстрэп среднего прироста"
6fnk,pose_optimization_stats,2026-09-18-6fnk-s0-n100:all7:paired_score,pairs,90,,2026-09-18,python scripts/pose_optimization_stats.py 2026-09-18-6fnk-s0-n100,"парный Уилкоксон, односторонний; интервал — бутстрэп среднего прироста"
6fnk,pose_optimization_stats,2026-09-18-6fnk-s0-n100:all7:paired_tanimoto,after_median,0.206897,,2026-09-18,python scripts/pose_optimization_stats.py 2026-09-18-6fnk-s0-n100,"парный Уилкоксон, односторонний; интервал — бутстрэп среднего прироста"
6fnk,pose_optimization_stats,2026-09-18-6fnk-s0-n100:all7:paired_tanimoto,before_median,0.133333,,2026-09-18,python scripts/pose_optimization_stats.py 2026-09-18-6fnk-s0-n100,"парный Уилкоксон, односторонний; интервал — бутстрэп среднего прироста"
6fnk,pose_optimization_stats,2026-09-18-6fnk-s0-n100:all7:paired_tanimoto,ci_high,0.0868806,,2026-09-18,python scripts/pose_optimization_stats.py 2026-09-18-6fnk-s0-n100,"парный Уилкоксон, односторонний; интервал — бутстрэп среднего прироста"
6fnk,pose_optimization_stats,2026-09-18-6fnk-s0-n100:all7:paired_tanimoto,ci_low,0.0670355,,2026-09-18,python scripts/pose_optimization_stats.py 2026-09-18-6fnk-s0-n100,"парный Уилкоксон, односторонний; интервал — бутстрэп среднего прироста"
6fnk,pose_optimization_stats,2026-09-18-6fnk-s0-n100:all7:paired_tanimoto,effect,0.0769098,,2026-09-18,python scripts/pose_optimization_stats.py 2026-09-18-6fnk-s0-n100,"парный Уилкоксон, односторонний; интервал — бутстрэп среднего прироста"
6fnk,pose_optimization_stats,2026-09-18-6fnk-s0-n100:all7:paired_tanimoto,molecules,99,,2026-09-18,python scripts/pose_optimization_stats.py 2026-09-18-6fnk-s0-n100,"парный Уилкоксон, односторонний; интервал — бутстрэп среднего прироста"
6fnk,pose_optimization_stats,2026-09-18-6fnk-s0-n100:all7:paired_tanimoto,p_value,9.01264e-17,,2026-09-18,python scripts/pose_optimization_stats.py 2026-09-18-6fnk-s0-n100,"парный Уилкоксон, односторонний; интервал — бутстрэп среднего прироста"
6fnk,pose_optimization_stats,2026-09-18-6fnk-s0-n100:all7:paired_tanimoto,pairs,90,,2026-09-18,python scripts/pose_optimization_stats.py 2026-09-18-6fnk-s0-n100,"парный Уилкоксон, односторонний; интервал — бутстрэп среднего прироста"
6fnk,pose_optimization_stats,2026-09-18-6fnk-s0-n100:all7:permutation_tanimoto,ci_high,0.0811584,,2026-09-18,python scripts/pose_optimization_stats.py 2026-09-18-6fnk-s0-n100,перестановочный тест против контроля all7-control; знак меняется внутри пары
6fnk,pose_optimization_stats,2026-09-18-6fnk-s0-n100:all7:permutation_tanimoto,ci_low,0.0605485,,2026-09-18,python scripts/pose_optimization_stats.py 2026-09-18-6fnk-s0-n100,перестановочный тест против контроля all7-control; знак меняется внутри пары
6fnk,pose_optimization_stats,2026-09-18-6fnk-s0-n100:all7:permutation_tanimoto,effect,0.0708915,,2026-09-18,python scripts/pose_optimization_stats.py 2026-09-18-6fnk-s0-n100,перестановочный тест против контроля all7-control; знак меняется внутри пары
6fnk,pose_optimization_stats,2026-09-18-6fnk-s0-n100:all7:permutation_tanimoto,p_value,5e-05,,2026-09-18,python scripts/pose_optimization_stats.py 2026-09-18-6fnk-s0-n100,перестановочный тест против контроля all7-control; знак меняется внутри пары
6fnk,pose_optimization_stats,2026-09-18-6fnk-s0-n100:all7:permutation_tanimoto,pairs,99,,2026-09-18,python scripts/pose_optimization_stats.py 2026-09-18-6fnk-s0-n100,перестановочный тест против контроля all7-control; знак меняется внутри пары
6fnk,pose_optimization_stats,2026-09-18-6fnk-s0-n100:all7:permutation_tanimoto,permutations,20000,,2026-09-18,python scripts/pose_optimization_stats.py 2026-09-18-6fnk-s0-n100,перестановочный тест против контроля all7-control; знак меняется внутри пары
6ra7,klifs_rules,all,reference_bits,17,бит,2026-09-19,python scripts/klifs_rules.py --best-per-kinase,"правила FingerPrintLib, пороги: кольца 4.0 A и 30.0°, гидрофобный 4.5 A, водородная связь 3.5 A и 45.0°, ионный 4.0 A"
6ra7,klifs_rules,all,shared_bits,17,бит,2026-09-19,python scripts/klifs_rules.py --best-per-kinase,"правила FingerPrintLib, пороги: кольца 4.0 A и 30.0°, гидрофобный 4.5 A, водородная связь 3.5 A и 45.0°, ионный 4.0 A"
6s14,klifs_rules,all,reference_bits,18,бит,2026-09-19,python scripts/klifs_rules.py --best-per-kinase,"правила FingerPrintLib, пороги: кольца 4.0 A и 30.0°, гидрофобный 4.5 A, водородная связь 3.5 A и 45.0°, ионный 4.0 A"
6s14,klifs_rules,all,shared_bits,18,бит,2026-09-19,python scripts/klifs_rules.py --best-per-kinase,"правила FingerPrintLib, пороги: кольца 4.0 A и 30.0°, гидрофобный 4.5 A, водородная связь 3.5 A и 45.0°, ионный 4.0 A"
6srh,klifs_rules,all,reference_bits,18,бит,2026-09-19,python scripts/klifs_rules.py --best-per-kinase,"правила FingerPrintLib, пороги: кольца 4.0 A и 30.0°, гидрофобный 4.5 A, водородная связь 3.5 A и 45.0°, ионный 4.0 A"
6srh,klifs_rules,all,shared_bits,18,бит,2026-09-19,python scripts/klifs_rules.py --best-per-kinase,"правила FingerPrintLib, пороги: кольца 4.0 A и 30.0°, гидрофобный 4.5 A, водородная связь 3.5 A и 45.0°, ионный 4.0 A"
6tgu,alternates,6tgu,alternate_groups,24,групп,2026-09-19,python scripts/alternate_models.py --pdb-id 6tgu,расхождение — наибольшее расстояние между одноимёнными атомами A и B
6tgu,alternates,6tgu,major_differs_from_a,14,групп,2026-09-19,python scripts/alternate_models.py --pdb-id 6tgu,расхождение — наибольшее расстояние между одноимёнными атомами A и B
6tgu,alternates,6tgu:ARG229,occupancy_a,0.71,доля,2026-09-19,python scripts/alternate_models.py --pdb-id 6tgu,расхождение — наибольшее расстояние между одноимёнными атомами A и B
6tgu,alternates,6tgu:ARG229,occupancy_b,0.30,доля,2026-09-19,python scripts/alternate_models.py --pdb-id 6tgu,расхождение — наибольшее расстояние между одноимёнными атомами A и B
6tgu,alternates,6tgu:ARG229,shift_ab,5.8259,A,2026-09-19,python scripts/alternate_models.py --pdb-id 6tgu,расхождение — наибольшее расстояние между одноимёнными атомами A и B
6tgu,alternates,6tgu:ARG9,occupancy_a,0.57,доля,2026-09-19,python scripts/alternate_models.py --pdb-id 6tgu,расхождение — наибольшее расстояние между одноимёнными атомами A и B
6tgu,alternates,6tgu:ARG9,occupancy_b,0.43,доля,2026-09-19,python scripts/alternate_models.py --pdb-id 6tgu,расхождение — наибольшее расстояние между одноимёнными атомами A и B
6tgu,alternates,6tgu:ARG9,shift_ab,7.2564,A,2026-09-19,python scripts/alternate_models.py --pdb-id 6tgu,расхождение — наибольшее расстояние между одноимёнными атомами A и B
6tgu,alternates,6tgu:ASN119,occupancy_a,0.33,доля,2026-09-19,python scripts/alternate_models.py --pdb-id 6tgu,расхождение — наибольшее расстояние между одноимёнными атомами A и B
6tgu,alternates,6tgu:ASN119,occupancy_b,0.67,доля,2026-09-19,python scripts/alternate_models.py --pdb-id 6tgu,расхождение — наибольшее расстояние между одноимёнными атомами A и B
6tgu,alternates,6tgu:ASN119,shift_ab,3.9498,A,2026-09-19,python scripts/alternate_models.py --pdb-id 6tgu,расхождение — наибольшее расстояние между одноимёнными атомами A и B
6tgu,alternates,6tgu:GLN312,occupancy_a,0.58,доля,2026-09-19,python scripts/alternate_models.py --pdb-id 6tgu,расхождение — наибольшее расстояние между одноимёнными атомами A и B
6tgu,alternates,6tgu:GLN312,occupancy_b,0.42,доля,2026-09-19,python scripts/alternate_models.py --pdb-id 6tgu,расхождение — наибольшее расстояние между одноимёнными атомами A и B
6tgu,alternates,6tgu:GLN312,shift_ab,5.9715,A,2026-09-19,python scripts/alternate_models.py --pdb-id 6tgu,расхождение — наибольшее расстояние между одноимёнными атомами A и B
6tgu,alternates,6tgu:GLN332,occupancy_a,0.43,доля,2026-09-19,python scripts/alternate_models.py --pdb-id 6tgu,расхождение — наибольшее расстояние между одноимёнными атомами A и B
6tgu,alternates,6tgu:GLN332,occupancy_b,0.57,доля,2026-09-19,python scripts/alternate_models.py --pdb-id 6tgu,расхождение — наибольшее расстояние между одноимёнными атомами A и B
6tgu,alternates,6tgu:GLN332,shift_ab,6.0114,A,2026-09-19,python scripts/alternate_models.py --pdb-id 6tgu,расхождение — наибольшее расстояние между одноимёнными атомами A и B
6tgu,alternates,6tgu:GLU181,occupancy_a,0.46,доля,2026-09-19,python scripts/alternate_models.py --pdb-id 6tgu,расхождение — наибольшее расстояние между одноимёнными атомами A и B
6tgu,alternates,6tgu:GLU181,occupancy_b,0.54,доля,2026-09-19,python scripts/alternate_models.py --pdb-id 6tgu,расхождение — наибольшее расстояние между одноимёнными атомами A и B
6tgu,alternates,6tgu:GLU181,shift_ab,2.4353,A,2026-09-19,python scripts/alternate_models.py --pdb-id 6tgu,расхождение — наибольшее расстояние между одноимёнными атомами A и B
6tgu,alternates,6tgu:GLU23,occupancy_a,0.65,доля,2026-09-19,python scripts/alternate_models.py --pdb-id 6tgu,расхождение — наибольшее расстояние между одноимёнными атомами A и B
6tgu,alternates,6tgu:GLU23,occupancy_b,0.35,доля,2026-09-19,python scripts/alternate_models.py --pdb-id 6tgu,расхождение — наибольшее расстояние между одноимёнными атомами A и B
6tgu,alternates,6tgu:GLU23,shift_ab,3.9350,A,2026-09-19,python scripts/alternate_models.py --pdb-id 6tgu,расхождение — наибольшее расстояние между одноимёнными атомами A и B
6tgu,alternates,6tgu:GLU321,occupancy_a,0.42,доля,2026-09-19,python scripts/alternate_models.py --pdb-id 6tgu,расхождение — наибольшее расстояние между одноимёнными атомами A и B
6tgu,alternates,6tgu:GLU321,occupancy_b,0.58,доля,2026-09-19,python scripts/alternate_models.py --pdb-id 6tgu,расхождение — наибольшее расстояние между одноимёнными атомами A и B
6tgu,alternates,6tgu:GLU321,shift_ab,4.0597,A,2026-09-19,python scripts/alternate_models.py --pdb-id 6tgu,расхождение — наибольшее расстояние между одноимёнными атомами A и B
6tgu,alternates,6tgu:HIS161,occupancy_a,0.62,доля,2026-09-19,python scripts/alternate_models.py --pdb-id 6tgu,расхождение — наибольшее расстояние между одноимёнными атомами A и B
6tgu,alternates,6tgu:HIS161,occupancy_b,0.38,доля,2026-09-19,python scripts/alternate_models.py --pdb-id 6tgu,расхождение — наибольшее расстояние между одноимёнными атомами A и B
6tgu,alternates,6tgu:HIS161,shift_ab,6.9669,A,2026-09-19,python scripts/alternate_models.py --pdb-id 6tgu,расхождение — наибольшее расстояние между одноимёнными атомами A и B
6tgu,alternates,6tgu:HOH507,occupancy_a,0.64,доля,2026-09-19,python scripts/alternate_models.py --pdb-id 6tgu,расхождение — наибольшее расстояние между одноимёнными атомами A и B
6tgu,alternates,6tgu:HOH507,occupancy_b,0.36,доля,2026-09-19,python scripts/alternate_models.py --pdb-id 6tgu,расхождение — наибольшее расстояние между одноимёнными атомами A и B
6tgu,alternates,6tgu:HOH507,shift_ab,2.2143,A,2026-09-19,python scripts/alternate_models.py --pdb-id 6tgu,расхождение — наибольшее расстояние между одноимёнными атомами A и B
6tgu,alternates,6tgu:HOH522,occupancy_a,0.16,доля,2026-09-19,python scripts/alternate_models.py --pdb-id 6tgu,расхождение — наибольшее расстояние между одноимёнными атомами A и B
6tgu,alternates,6tgu:HOH522,occupancy_b,0.84,доля,2026-09-19,python scripts/alternate_models.py --pdb-id 6tgu,расхождение — наибольшее расстояние между одноимёнными атомами A и B
6tgu,alternates,6tgu:HOH522,shift_ab,3.7021,A,2026-09-19,python scripts/alternate_models.py --pdb-id 6tgu,расхождение — наибольшее расстояние между одноимёнными атомами A и B
6tgu,alternates,6tgu:HOH547,occupancy_a,0.51,доля,2026-09-19,python scripts/alternate_models.py --pdb-id 6tgu,расхождение — наибольшее расстояние между одноимёнными атомами A и B
6tgu,alternates,6tgu:HOH547,occupancy_b,0.49,доля,2026-09-19,python scripts/alternate_models.py --pdb-id 6tgu,расхождение — наибольшее расстояние между одноимёнными атомами A и B
6tgu,alternates,6tgu:HOH547,shift_ab,2.0054,A,2026-09-19,python scripts/alternate_models.py --pdb-id 6tgu,расхождение — наибольшее расстояние между одноимёнными атомами A и B
6tgu,alternates,6tgu:HOH674,occupancy_a,0.74,доля,2026-09-19,python scripts/alternate_models.py --pdb-id 6tgu,расхождение — наибольшее расстояние между одноимёнными атомами A и B
6tgu,alternates,6tgu:HOH674,occupancy_b,0.26,доля,2026-09-19,python scripts/alternate_models.py --pdb-id 6tgu,расхождение — наибольшее расстояние между одноимёнными атомами A и B
6tgu,alternates,6tgu:HOH674,shift_ab,1.4233,A,2026-09-19,python scripts/alternate_models.py --pdb-id 6tgu,расхождение — наибольшее расстояние между одноимёнными атомами A и B
6tgu,alternates,6tgu:HOH690,occupancy_a,0.69,доля,2026-09-19,python scripts/alternate_models.py --pdb-id 6tgu,расхождение — наибольшее расстояние между одноимёнными атомами A и B
6tgu,alternates,6tgu:HOH690,occupancy_b,0.31,доля,2026-09-19,python scripts/alternate_models.py --pdb-id 6tgu,расхождение — наибольшее расстояние между одноимёнными атомами A и B
6tgu,alternates,6tgu:HOH690,shift_ab,2.8257,A,2026-09-19,python scripts/alternate_models.py --pdb-id 6tgu,расхождение — наибольшее расстояние между одноимёнными атомами A и B
6tgu,alternates,6tgu:HOH712,occupancy_a,0.47,доля,2026-09-19,python scripts/alternate_models.py --pdb-id 6tgu,расхождение — наибольшее расстояние между одноимёнными атомами A и B
6tgu,alternates,6tgu:HOH712,occupancy_b,0.54,доля,2026-09-19,python scripts/alternate_models.py --pdb-id 6tgu,расхождение — наибольшее расстояние между одноимёнными атомами A и B
6tgu,alternates,6tgu:HOH712,shift_ab,2.8432,A,2026-09-19,python scripts/alternate_models.py --pdb-id 6tgu,расхождение — наибольшее расстояние между одноимёнными атомами A и B
6tgu,alternates,6tgu:HOH786,occupancy_a,0.41,доля,2026-09-19,python scripts/alternate_models.py --pdb-id 6tgu,расхождение — наибольшее расстояние между одноимёнными атомами A и B
6tgu,alternates,6tgu:HOH786,occupancy_b,0.59,доля,2026-09-19,python scripts/alternate_models.py --pdb-id 6tgu,расхождение — наибольшее расстояние между одноимёнными атомами A и B
6tgu,alternates,6tgu:HOH786,shift_ab,1.8691,A,2026-09-19,python scripts/alternate_models.py --pdb-id 6tgu,расхождение — наибольшее расстояние между одноимёнными атомами A и B
6tgu,alternates,6tgu:HOH811,occupancy_a,0.46,доля,2026-09-19,python scripts/alternate_models.py --pdb-id 6tgu,расхождение — наибольшее расстояние между одноимёнными атомами A и B
6tgu,alternates,6tgu:HOH811,occupancy_b,0.54,доля,2026-09-19,python scripts/alternate_models.py --pdb-id 6tgu,расхождение — наибольшее расстояние между одноимёнными атомами A и B
6tgu,alternates,6tgu:HOH811,shift_ab,2.1101,A,2026-09-19,python scripts/alternate_models.py --pdb-id 6tgu,расхождение — наибольшее расстояние между одноимёнными атомами A и B
6tgu,alternates,6tgu:HOH840,occupancy_a,0.46,доля,2026-09-19,python scripts/alternate_models.py --pdb-id 6tgu,расхождение — наибольшее расстояние между одноимёнными атомами A и B
6tgu,alternates,6tgu:HOH840,occupancy_b,0.55,доля,2026-09-19,python scripts/alternate_models.py --pdb-id 6tgu,расхождение — наибольшее расстояние между одноимёнными атомами A и B
6tgu,alternates,6tgu:HOH840,shift_ab,2.1233,A,2026-09-19,python scripts/alternate_models.py --pdb-id 6tgu,расхождение — наибольшее расстояние между одноимёнными атомами A и B
6tgu,alternates,6tgu:HOH877,occupancy_a,0.40,доля,2026-09-19,python scripts/alternate_models.py --pdb-id 6tgu,расхождение — наибольшее расстояние между одноимёнными атомами A и B
6tgu,alternates,6tgu:HOH877,occupancy_b,0.60,доля,2026-09-19,python scripts/alternate_models.py --pdb-id 6tgu,расхождение — наибольшее расстояние между одноимёнными атомами A и B
6tgu,alternates,6tgu:HOH877,shift_ab,1.9852,A,2026-09-19,python scripts/alternate_models.py --pdb-id 6tgu,расхождение — наибольшее расстояние между одноимёнными атомами A и B
6tgu,alternates,6tgu:HOH909,occupancy_a,0.49,доля,2026-09-19,python scripts/alternate_models.py --pdb-id 6tgu,расхождение — наибольшее расстояние между одноимёнными атомами A и B
6tgu,alternates,6tgu:HOH909,occupancy_b,0.51,доля,2026-09-19,python scripts/alternate_models.py --pdb-id 6tgu,расхождение — наибольшее расстояние между одноимёнными атомами A и B
6tgu,alternates,6tgu:HOH909,shift_ab,2.8184,A,2026-09-19,python scripts/alternate_models.py --pdb-id 6tgu,расхождение — наибольшее расстояние между одноимёнными атомами A и B
6tgu,alternates,6tgu:LEU274,occupancy_a,0.30,доля,2026-09-19,python scripts/alternate_models.py --pdb-id 6tgu,расхождение — наибольшее расстояние между одноимёнными атомами A и B
6tgu,alternates,6tgu:LEU274,occupancy_b,0.70,доля,2026-09-19,python scripts/alternate_models.py --pdb-id 6tgu,расхождение — наибольшее расстояние между одноимёнными атомами A и B
6tgu,alternates,6tgu:LEU274,shift_ab,3.9618,A,2026-09-19,python scripts/alternate_models.py --pdb-id 6tgu,расхождение — наибольшее расстояние между одноимёнными атомами A и B
6tgu,alternates,6tgu:MET164,occupancy_a,0.39,доля,2026-09-19,python scripts/alternate_models.py --pdb-id 6tgu,расхождение — наибольшее расстояние между одноимёнными атомами A и B
6tgu,alternates,6tgu:MET164,occupancy_b,0.61,доля,2026-09-19,python scripts/alternate_models.py --pdb-id 6tgu,расхождение — наибольшее расстояние между одноимёнными атомами A и B
6tgu,alternates,6tgu:MET164,shift_ab,3.0256,A,2026-09-19,python scripts/alternate_models.py --pdb-id 6tgu,расхождение — наибольшее расстояние между одноимёнными атомами A и B
6tgu,alternates,6tgu:N92401,occupancy_a,0.45,доля,2026-09-19,python scripts/alternate_models.py --pdb-id 6tgu,расхождение — наибольшее расстояние между одноимёнными атомами A и B
6tgu,alternates,6tgu:N92401,occupancy_b,0.55,доля,2026-09-19,python scripts/alternate_models.py --pdb-id 6tgu,расхождение — наибольшее расстояние между одноимёнными атомами A и B
6tgu,alternates,6tgu:N92401,shift_ab,10.8700,A,2026-09-19,python scripts/alternate_models.py --pdb-id 6tgu,расхождение — наибольшее расстояние между одноимёнными атомами A и B
6tgu,alternates,6tgu:SER18,occupancy_a,0.68,доля,2026-09-19,python scripts/alternate_models.py --pdb-id 6tgu,расхождение — наибольшее расстояние между одноимёнными атомами A и B
6tgu,alternates,6tgu:SER18,occupancy_b,0.32,доля,2026-09-19,python scripts/alternate_models.py --pdb-id 6tgu,расхождение — наибольшее расстояние между одноимёнными атомами A и B
6tgu,alternates,6tgu:SER18,shift_ab,2.7189,A,2026-09-19,python scripts/alternate_models.py --pdb-id 6tgu,расхождение — наибольшее расстояние между одноимёнными атомами A и B
6tgu,calibration_smoke,explicit,bits_common,10,bit,2026-09-18,python scripts/calibrate_ifp.py --target 6tgu,KLIFS ID 12448
6tgu,calibration_smoke,explicit,bits_extra,0,bit,2026-09-18,python scripts/calibrate_ifp.py --target 6tgu,KLIFS ID 12448
6tgu,calibration_smoke,explicit,bits_ours,10,bit,2026-09-18,python scripts/calibrate_ifp.py --target 6tgu,KLIFS ID 12448
6tgu,calibration_smoke,explicit,bits_reference,17,bit,2026-09-18,python scripts/calibrate_ifp.py --target 6tgu,KLIFS ID 12448
6tgu,calibration_smoke,explicit,gross_failures,0,,2026-09-18,python scripts/calibrate_ifp.py --target 6tgu,
6tgu,calibration_smoke,explicit,tanimoto_all,0.588,,2026-09-18,python scripts/calibrate_ifp.py --target 6tgu,KLIFS ID 12448
6tgu,calibration_smoke,explicit,tanimoto_scoring,1.000,,2026-09-18,python scripts/calibrate_ifp.py --target 6tgu,KLIFS ID 12448
6tgu,calibration_smoke,implicit-prolif,bits_common,7,bit,2026-09-18,python scripts/calibrate_ifp.py --target 6tgu,KLIFS ID 12448
6tgu,calibration_smoke,implicit-prolif,bits_extra,0,bit,2026-09-18,python scripts/calibrate_ifp.py --target 6tgu,KLIFS ID 12448
6tgu,calibration_smoke,implicit-prolif,bits_ours,7,bit,2026-09-18,python scripts/calibrate_ifp.py --target 6tgu,KLIFS ID 12448
6tgu,calibration_smoke,implicit-prolif,bits_reference,17,bit,2026-09-18,python scripts/calibrate_ifp.py --target 6tgu,KLIFS ID 12448
6tgu,calibration_smoke,implicit-prolif,tanimoto_all,0.412,,2026-09-18,python scripts/calibrate_ifp.py --target 6tgu,KLIFS ID 12448
6tgu,calibration_smoke,implicit-prolif,tanimoto_scoring,0.400,,2026-09-18,python scripts/calibrate_ifp.py --target 6tgu,KLIFS ID 12448
6tgu,calibration_smoke_by_type,explicit:ACC,bits_common,0,bit,2026-09-18,python scripts/calibrate_ifp.py --target 6tgu,
6tgu,calibration_smoke_by_type,explicit:ACC,bits_extra,0,bit,2026-09-18,python scripts/calibrate_ifp.py --target 6tgu,
6tgu,calibration_smoke_by_type,explicit:ACC,bits_missed,0,bit,2026-09-18,python scripts/calibrate_ifp.py --target 6tgu,
6tgu,calibration_smoke_by_type,explicit:ACC,bits_ours,0,bit,2026-09-18,python scripts/calibrate_ifp.py --target 6tgu,
6tgu,calibration_smoke_by_type,explicit:ACC,bits_reference,0,bit,2026-09-18,python scripts/calibrate_ifp.py --target 6tgu,
6tgu,calibration_smoke_by_type,explicit:DON,bits_common,2,bit,2026-09-18,python scripts/calibrate_ifp.py --target 6tgu,
6tgu,calibration_smoke_by_type,explicit:DON,bits_extra,0,bit,2026-09-18,python scripts/calibrate_ifp.py --target 6tgu,
6tgu,calibration_smoke_by_type,explicit:DON,bits_missed,0,bit,2026-09-18,python scripts/calibrate_ifp.py --target 6tgu,
6tgu,calibration_smoke_by_type,explicit:DON,bits_ours,2,bit,2026-09-18,python scripts/calibrate_ifp.py --target 6tgu,
6tgu,calibration_smoke_by_type,explicit:DON,bits_reference,2,bit,2026-09-18,python scripts/calibrate_ifp.py --target 6tgu,
6tgu,calibration_smoke_by_type,explicit:F-E,bits_common,1,bit,2026-09-18,python scripts/calibrate_ifp.py --target 6tgu,
6tgu,calibration_smoke_by_type,explicit:F-E,bits_extra,0,bit,2026-09-18,python scripts/calibrate_ifp.py --target 6tgu,
6tgu,calibration_smoke_by_type,explicit:F-E,bits_missed,0,bit,2026-09-18,python scripts/calibrate_ifp.py --target 6tgu,
6tgu,calibration_smoke_by_type,explicit:F-E,bits_ours,1,bit,2026-09-18,python scripts/calibrate_ifp.py --target 6tgu,
6tgu,calibration_smoke_by_type,explicit:F-E,bits_reference,1,bit,2026-09-18,python scripts/calibrate_ifp.py --target 6tgu,
6tgu,calibration_smoke_by_type,explicit:F-F,bits_common,1,bit,2026-09-18,python scripts/calibrate_ifp.py --target 6tgu,
6tgu,calibration_smoke_by_type,explicit:F-F,bits_extra,0,bit,2026-09-18,python scripts/calibrate_ifp.py --target 6tgu,
6tgu,calibration_smoke_by_type,explicit:F-F,bits_missed,0,bit,2026-09-18,python scripts/calibrate_ifp.py --target 6tgu,
6tgu,calibration_smoke_by_type,explicit:F-F,bits_ours,1,bit,2026-09-18,python scripts/calibrate_ifp.py --target 6tgu,
6tgu,calibration_smoke_by_type,explicit:F-F,bits_reference,1,bit,2026-09-18,python scripts/calibrate_ifp.py --target 6tgu,
6tgu,calibration_smoke_by_type,explicit:HYD,bits_common,5,bit,2026-09-18,python scripts/calibrate_ifp.py --target 6tgu,
6tgu,calibration_smoke_by_type,explicit:HYD,bits_extra,0,bit,2026-09-18,python scripts/calibrate_ifp.py --target 6tgu,
6tgu,calibration_smoke_by_type,explicit:HYD,bits_missed,7,bit,2026-09-18,python scripts/calibrate_ifp.py --target 6tgu,
6tgu,calibration_smoke_by_type,explicit:HYD,bits_ours,5,bit,2026-09-18,python scripts/calibrate_ifp.py --target 6tgu,
6tgu,calibration_smoke_by_type,explicit:HYD,bits_reference,12,bit,2026-09-18,python scripts/calibrate_ifp.py --target 6tgu,
6tgu,calibration_smoke_by_type,explicit:ION+,bits_common,1,bit,2026-09-18,python scripts/calibrate_ifp.py --target 6tgu,
6tgu,calibration_smoke_by_type,explicit:ION+,bits_extra,0,bit,2026-09-18,python scripts/calibrate_ifp.py --target 6tgu,
6tgu,calibration_smoke_by_type,explicit:ION+,bits_missed,0,bit,2026-09-18,python scripts/calibrate_ifp.py --target 6tgu,
6tgu,calibration_smoke_by_type,explicit:ION+,bits_ours,1,bit,2026-09-18,python scripts/calibrate_ifp.py --target 6tgu,
6tgu,calibration_smoke_by_type,explicit:ION+,bits_reference,1,bit,2026-09-18,python scripts/calibrate_ifp.py --target 6tgu,
6tgu,calibration_smoke_by_type,explicit:ION-,bits_common,0,bit,2026-09-18,python scripts/calibrate_ifp.py --target 6tgu,
6tgu,calibration_smoke_by_type,explicit:ION-,bits_extra,0,bit,2026-09-18,python scripts/calibrate_ifp.py --target 6tgu,
6tgu,calibration_smoke_by_type,explicit:ION-,bits_missed,0,bit,2026-09-18,python scripts/calibrate_ifp.py --target 6tgu,
6tgu,calibration_smoke_by_type,explicit:ION-,bits_ours,0,bit,2026-09-18,python scripts/calibrate_ifp.py --target 6tgu,
6tgu,calibration_smoke_by_type,explicit:ION-,bits_reference,0,bit,2026-09-18,python scripts/calibrate_ifp.py --target 6tgu,
6tgu,docking,2026-08-23-6tgu-s0-n100-prep:all7,ligand_efficiency_median,0.247,ккал/моль,2026-09-18,python scripts/score_docking.py --run runs/2026-08-23-6tgu-s0-n100-prep --poses results/pose_optimization-2026-08-23-6tgu-s0-n100-prep-all7.sdf,
6tgu,docking,2026-08-23-6tgu-s0-n100-prep:all7,molecules,91,,2026-09-18,python scripts/score_docking.py --run runs/2026-08-23-6tgu-s0-n100-prep --poses results/pose_optimization-2026-08-23-6tgu-s0-n100-prep-all7.sdf,
6tgu,docking,2026-08-23-6tgu-s0-n100-prep:all7,positive_energy,5,поз,2026-09-18,python scripts/score_docking.py --run runs/2026-08-23-6tgu-s0-n100-prep --poses results/pose_optimization-2026-08-23-6tgu-s0-n100-prep-all7.sdf,
6tgu,docking,2026-08-23-6tgu-s0-n100-prep:all7,vina_min_improved,23,молекул,2026-09-18,python scripts/score_docking.py --run runs/2026-08-23-6tgu-s0-n100-prep,
6tgu,docking,2026-08-23-6tgu-s0-n100-prep:all7,vina_min_median,-7.573,ккал/моль,2026-09-18,python scripts/score_docking.py --run runs/2026-08-23-6tgu-s0-n100-prep --poses results/pose_optimization-2026-08-23-6tgu-s0-n100-prep-all7.sdf,
6tgu,docking,2026-08-23-6tgu-s0-n100-prep:all7,vina_min_wilcoxon_p,2.769e-04,,2026-09-18,python scripts/score_docking.py --run runs/2026-08-23-6tgu-s0-n100-prep,парный двусторонний тест против исходных молекул
6tgu,docking,2026-08-23-6tgu-s0-n100-prep:all7,vina_score_improved,0,молекул,2026-09-18,python scripts/score_docking.py --run runs/2026-08-23-6tgu-s0-n100-prep,
6tgu,docking,2026-08-23-6tgu-s0-n100-prep:all7,vina_score_median,-5.059,ккал/моль,2026-09-18,python scripts/score_docking.py --run runs/2026-08-23-6tgu-s0-n100-prep --poses results/pose_optimization-2026-08-23-6tgu-s0-n100-prep-all7.sdf,
6tgu,docking,2026-08-23-6tgu-s0-n100-prep:all7,vina_score_wilcoxon_p,1.149e-14,,2026-09-18,python scripts/score_docking.py --run runs/2026-08-23-6tgu-s0-n100-prep,парный двусторонний тест против исходных молекул
6tgu,docking,2026-08-23-6tgu-s0-n100-prep:all7-clash,ligand_efficiency_median,0.263,ккал/моль,2026-09-18,python scripts/score_docking.py --run runs/2026-08-23-6tgu-s0-n100-prep --poses results/pose_optimization-2026-08-23-6tgu-s0-n100-prep-all7-clash.sdf,
6tgu,docking,2026-08-23-6tgu-s0-n100-prep:all7-clash,molecules,91,,2026-09-18,python scripts/score_docking.py --run runs/2026-08-23-6tgu-s0-n100-prep --poses results/pose_optimization-2026-08-23-6tgu-s0-n100-prep-all7-clash.sdf,
6tgu,docking,2026-08-23-6tgu-s0-n100-prep:all7-clash,positive_energy,0,поз,2026-09-18,python scripts/score_docking.py --run runs/2026-08-23-6tgu-s0-n100-prep --poses results/pose_optimization-2026-08-23-6tgu-s0-n100-prep-all7-clash.sdf,
6tgu,docking,2026-08-23-6tgu-s0-n100-prep:all7-clash,vina_min_improved,29,молекул,2026-09-18,python scripts/score_docking.py --run runs/2026-08-23-6tgu-s0-n100-prep,
6tgu,docking,2026-08-23-6tgu-s0-n100-prep:all7-clash,vina_min_median,-7.685,ккал/моль,2026-09-18,python scripts/score_docking.py --run runs/2026-08-23-6tgu-s0-n100-prep --poses results/pose_optimization-2026-08-23-6tgu-s0-n100-prep-all7-clash.sdf,
6tgu,docking,2026-08-23-6tgu-s0-n100-prep:all7-clash,vina_min_wilcoxon_p,1.271e-02,,2026-09-18,python scripts/score_docking.py --run runs/2026-08-23-6tgu-s0-n100-prep,парный двусторонний тест против исходных молекул
6tgu,docking,2026-08-23-6tgu-s0-n100-prep:all7-clash,vina_score_improved,5,молекул,2026-09-18,python scripts/score_docking.py --run runs/2026-08-23-6tgu-s0-n100-prep,
6tgu,docking,2026-08-23-6tgu-s0-n100-prep:all7-clash,vina_score_median,-5.344,ккал/моль,2026-09-18,python scripts/score_docking.py --run runs/2026-08-23-6tgu-s0-n100-prep --poses results/pose_optimization-2026-08-23-6tgu-s0-n100-prep-all7-clash.sdf,
6tgu,docking,2026-08-23-6tgu-s0-n100-prep:all7-clash,vina_score_wilcoxon_p,8.497e-12,,2026-09-18,python scripts/score_docking.py --run runs/2026-08-23-6tgu-s0-n100-prep,парный двусторонний тест против исходных молекул
6tgu,docking,2026-08-23-6tgu-s0-n100-prep:source,ligand_efficiency_median,0.376,ккал/моль,2026-09-18,python scripts/score_docking.py --run runs/2026-08-23-6tgu-s0-n100-prep,
6tgu,docking,2026-08-23-6tgu-s0-n100-prep:source,molecules,91,,2026-09-18,python scripts/score_docking.py --run runs/2026-08-23-6tgu-s0-n100-prep,
6tgu,docking,2026-08-23-6tgu-s0-n100-prep:source,positive_energy,1,поз,2026-09-18,python scripts/score_docking.py --run runs/2026-08-23-6tgu-s0-n100-prep,
6tgu,docking,2026-08-23-6tgu-s0-n100-prep:source,vina_min_median,-7.844,ккал/моль,2026-09-18,python scripts/score_docking.py --run runs/2026-08-23-6tgu-s0-n100-prep,
6tgu,docking,2026-08-23-6tgu-s0-n100-prep:source,vina_score_median,-7.325,ккал/моль,2026-09-18,python scripts/score_docking.py --run runs/2026-08-23-6tgu-s0-n100-prep,
6tgu,docking,2026-08-24-6tgu-s0-n100-seed1:all7,ligand_efficiency_median,0.210,ккал/моль,2026-09-18,python scripts/score_docking.py --run runs/2026-08-24-6tgu-s0-n100-seed1 --poses results/pose_optimization-2026-08-24-6tgu-s0-n100-seed1-all7.sdf,
6tgu,docking,2026-08-24-6tgu-s0-n100-seed1:all7,molecules,91,,2026-09-18,python scripts/score_docking.py --run runs/2026-08-24-6tgu-s0-n100-seed1 --poses results/pose_optimization-2026-08-24-6tgu-s0-n100-seed1-all7.sdf,
6tgu,docking,2026-08-24-6tgu-s0-n100-seed1:all7,positive_energy,12,поз,2026-09-18,python scripts/score_docking.py --run runs/2026-08-24-6tgu-s0-n100-seed1 --poses results/pose_optimization-2026-08-24-6tgu-s0-n100-seed1-all7.sdf,
6tgu,docking,2026-08-24-6tgu-s0-n100-seed1:all7,vina_min_improved,20,молекул,2026-09-18,python scripts/score_docking.py --run runs/2026-08-24-6tgu-s0-n100-seed1,
6tgu,docking,2026-08-24-6tgu-s0-n100-seed1:all7,vina_min_median,-7.722,ккал/моль,2026-09-18,python scripts/score_docking.py --run runs/2026-08-24-6tgu-s0-n100-seed1 --poses results/pose_optimization-2026-08-24-6tgu-s0-n100-seed1-all7.sdf,
6tgu,docking,2026-08-24-6tgu-s0-n100-seed1:all7,vina_min_wilcoxon_p,1.717e-06,,2026-09-18,python scripts/score_docking.py --run runs/2026-08-24-6tgu-s0-n100-seed1,парный двусторонний тест против исходных молекул
6tgu,docking,2026-08-24-6tgu-s0-n100-seed1:all7,vina_score_improved,0,молекул,2026-09-18,python scripts/score_docking.py --run runs/2026-08-24-6tgu-s0-n100-seed1,
6tgu,docking,2026-08-24-6tgu-s0-n100-seed1:all7,vina_score_median,-4.949,ккал/моль,2026-09-18,python scripts/score_docking.py --run runs/2026-08-24-6tgu-s0-n100-seed1 --poses results/pose_optimization-2026-08-24-6tgu-s0-n100-seed1-all7.sdf,
6tgu,docking,2026-08-24-6tgu-s0-n100-seed1:all7,vina_score_wilcoxon_p,5.280e-14,,2026-09-18,python scripts/score_docking.py --run runs/2026-08-24-6tgu-s0-n100-seed1,парный двусторонний тест против исходных молекул
6tgu,docking,2026-08-24-6tgu-s0-n100-seed1:all7-clash,ligand_efficiency_median,0.247,ккал/моль,2026-09-18,python scripts/score_docking.py --run runs/2026-08-24-6tgu-s0-n100-seed1 --poses results/pose_optimization-2026-08-24-6tgu-s0-n100-seed1-all7-clash.sdf,
6tgu,docking,2026-08-24-6tgu-s0-n100-seed1:all7-clash,molecules,91,,2026-09-18,python scripts/score_docking.py --run runs/2026-08-24-6tgu-s0-n100-seed1 --poses results/pose_optimization-2026-08-24-6tgu-s0-n100-seed1-all7-clash.sdf,
6tgu,docking,2026-08-24-6tgu-s0-n100-seed1:all7-clash,positive_energy,3,поз,2026-09-18,python scripts/score_docking.py --run runs/2026-08-24-6tgu-s0-n100-seed1 --poses results/pose_optimization-2026-08-24-6tgu-s0-n100-seed1-all7-clash.sdf,
6tgu,docking,2026-08-24-6tgu-s0-n100-seed1:all7-clash,vina_min_improved,21,молекул,2026-09-18,python scripts/score_docking.py --run runs/2026-08-24-6tgu-s0-n100-seed1,
6tgu,docking,2026-08-24-6tgu-s0-n100-seed1:all7-clash,vina_min_median,-7.618,ккал/моль,2026-09-18,python scripts/score_docking.py --run runs/2026-08-24-6tgu-s0-n100-seed1 --poses results/pose_optimization-2026-08-24-6tgu-s0-n100-seed1-all7-clash.sdf,
6tgu,docking,2026-08-24-6tgu-s0-n100-seed1:all7-clash,vina_min_wilcoxon_p,7.973e-05,,2026-09-18,python scripts/score_docking.py --run runs/2026-08-24-6tgu-s0-n100-seed1,парный двусторонний тест против исходных молекул
6tgu,docking,2026-08-24-6tgu-s0-n100-seed1:all7-clash,vina_score_improved,2,молекул,2026-09-18,python scripts/score_docking.py --run runs/2026-08-24-6tgu-s0-n100-seed1,
6tgu,docking,2026-08-24-6tgu-s0-n100-seed1:all7-clash,vina_score_median,-5.745,ккал/моль,2026-09-18,python scripts/score_docking.py --run runs/2026-08-24-6tgu-s0-n100-seed1 --poses results/pose_optimization-2026-08-24-6tgu-s0-n100-seed1-all7-clash.sdf,
6tgu,docking,2026-08-24-6tgu-s0-n100-seed1:all7-clash,vina_score_wilcoxon_p,8.565e-14,,2026-09-18,python scripts/score_docking.py --run runs/2026-08-24-6tgu-s0-n100-seed1,парный двусторонний тест против исходных молекул
6tgu,docking,2026-08-24-6tgu-s0-n100-seed1:source,ligand_efficiency_median,0.351,ккал/моль,2026-09-18,python scripts/score_docking.py --run runs/2026-08-24-6tgu-s0-n100-seed1,
6tgu,docking,2026-08-24-6tgu-s0-n100-seed1:source,molecules,91,,2026-09-18,python scripts/score_docking.py --run runs/2026-08-24-6tgu-s0-n100-seed1,
6tgu,docking,2026-08-24-6tgu-s0-n100-seed1:source,positive_energy,0,поз,2026-09-18,python scripts/score_docking.py --run runs/2026-08-24-6tgu-s0-n100-seed1,
6tgu,docking,2026-08-24-6tgu-s0-n100-seed1:source,vina_min_median,-7.829,ккал/моль,2026-09-18,python scripts/score_docking.py --run runs/2026-08-24-6tgu-s0-n100-seed1,
6tgu,docking,2026-08-24-6tgu-s0-n100-seed1:source,vina_score_median,-7.441,ккал/моль,2026-09-18,python scripts/score_docking.py --run runs/2026-08-24-6tgu-s0-n100-seed1,
6tgu,docking,2026-09-16-6tgu-s0-n100:all7,ligand_efficiency_median,-1.323,ккал/моль,2026-09-18,python scripts/score_docking.py --run runs/2026-09-16-6tgu-s0-n100 --poses results/pose_optimization-2026-09-16-6tgu-s0-n100-all7.sdf,
6tgu,docking,2026-09-16-6tgu-s0-n100:all7,molecules,68,,2026-09-18,python scripts/score_docking.py --run runs/2026-09-16-6tgu-s0-n100 --poses results/pose_optimization-2026-09-16-6tgu-s0-n100-all7.sdf,
6tgu,docking,2026-09-16-6tgu-s0-n100:all7,positive_energy,68,поз,2026-09-18,python scripts/score_docking.py --run runs/2026-09-16-6tgu-s0-n100 --poses results/pose_optimization-2026-09-16-6tgu-s0-n100-all7.sdf,
6tgu,docking,2026-09-16-6tgu-s0-n100:all7,vina_min_improved,38,молекул,2026-09-18,python scripts/score_docking.py --run runs/2026-09-16-6tgu-s0-n100,
6tgu,docking,2026-09-16-6tgu-s0-n100:all7,vina_min_median,15.896,ккал/моль,2026-09-18,python scripts/score_docking.py --run runs/2026-09-16-6tgu-s0-n100 --poses results/pose_optimization-2026-09-16-6tgu-s0-n100-all7.sdf,
6tgu,docking,2026-09-16-6tgu-s0-n100:all7,vina_min_wilcoxon_p,3.920e-01,,2026-09-18,python scripts/score_docking.py --run runs/2026-09-16-6tgu-s0-n100,парный двусторонний тест против исходных молекул
6tgu,docking,2026-09-16-6tgu-s0-n100:all7,vina_score_improved,32,молекул,2026-09-18,python scripts/score_docking.py --run runs/2026-09-16-6tgu-s0-n100,
6tgu,docking,2026-09-16-6tgu-s0-n100:all7,vina_score_median,29.088,ккал/моль,2026-09-18,python scripts/score_docking.py --run runs/2026-09-16-6tgu-s0-n100 --poses results/pose_optimization-2026-09-16-6tgu-s0-n100-all7.sdf,
6tgu,docking,2026-09-16-6tgu-s0-n100:all7,vina_score_wilcoxon_p,4.963e-01,,2026-09-18,python scripts/score_docking.py --run runs/2026-09-16-6tgu-s0-n100,парный двусторонний тест против исходных молекул
6tgu,docking,2026-09-16-6tgu-s0-n100:source,ligand_efficiency_median,-1.199,ккал/моль,2026-09-18,python scripts/score_docking.py --run runs/2026-09-16-6tgu-s0-n100,
6tgu,docking,2026-09-16-6tgu-s0-n100:source,molecules,68,,2026-09-18,python scripts/score_docking.py --run runs/2026-09-16-6tgu-s0-n100,
6tgu,docking,2026-09-16-6tgu-s0-n100:source,positive_energy,68,поз,2026-09-18,python scripts/score_docking.py --run runs/2026-09-16-6tgu-s0-n100,
6tgu,docking,2026-09-16-6tgu-s0-n100:source,vina_min_median,16.342,ккал/моль,2026-09-18,python scripts/score_docking.py --run runs/2026-09-16-6tgu-s0-n100,
6tgu,docking,2026-09-16-6tgu-s0-n100:source,vina_score_median,26.992,ккал/моль,2026-09-18,python scripts/score_docking.py --run runs/2026-09-16-6tgu-s0-n100,
6tgu,docking,crystal,vina_score_median,-8.117,ккал/моль,2026-09-18,python scripts/score_docking.py --run runs/2026-09-16-6tgu-s0-n100,кристаллический лиганд пакета мишени: калибровка шкалы
6tgu,klifs_rules,all,reference_bits,17,бит,2026-09-19,python scripts/klifs_rules.py --best-per-kinase,"правила FingerPrintLib, пороги: кольца 4.0 A и 30.0°, гидрофобный 4.5 A, водородная связь 3.5 A и 45.0°, ионный 4.0 A"
6tgu,klifs_rules,all,shared_bits,17,бит,2026-09-19,python scripts/klifs_rules.py --best-per-kinase,"правила FingerPrintLib, пороги: кольца 4.0 A и 30.0°, гидрофобный 4.5 A, водородная связь 3.5 A и 45.0°, ионный 4.0 A"
6tgu,physics,2026-08-23-6tgu-s0-n100-prep:all7,all_atoms_connected,0.929,доля,2026-09-18,python scripts/check_physics.py --sdf results/pose_optimization-2026-08-23-6tgu-s0-n100-prep-all7.sdf --target data/targets/6tgu/target.json,
6tgu,physics,2026-08-23-6tgu-s0-n100-prep:all7,aromatic_ring_flatness,0.990,доля,2026-09-18,python scripts/check_physics.py --sdf results/pose_optimization-2026-08-23-6tgu-s0-n100-prep-all7.sdf --target data/targets/6tgu/target.json,
6tgu,physics,2026-08-23-6tgu-s0-n100-prep:all7,bond_angles,0.888,доля,2026-09-18,python scripts/check_physics.py --sdf results/pose_optimization-2026-08-23-6tgu-s0-n100-prep-all7.sdf --target data/targets/6tgu/target.json,
6tgu,physics,2026-08-23-6tgu-s0-n100-prep:all7,bond_lengths,0.888,доля,2026-09-18,python scripts/check_physics.py --sdf results/pose_optimization-2026-08-23-6tgu-s0-n100-prep-all7.sdf --target data/targets/6tgu/target.json,
6tgu,physics,2026-08-23-6tgu-s0-n100-prep:all7,double_bond_flatness,0.969,доля,2026-09-18,python scripts/check_physics.py --sdf results/pose_optimization-2026-08-23-6tgu-s0-n100-prep-all7.sdf --target data/targets/6tgu/target.json,
6tgu,physics,2026-08-23-6tgu-s0-n100-prep:all7,internal_energy,0.837,доля,2026-09-18,python scripts/check_physics.py --sdf results/pose_optimization-2026-08-23-6tgu-s0-n100-prep-all7.sdf --target data/targets/6tgu/target.json,
6tgu,physics,2026-08-23-6tgu-s0-n100-prep:all7,internal_steric_clash,0.918,доля,2026-09-18,python scripts/check_physics.py --sdf results/pose_optimization-2026-08-23-6tgu-s0-n100-prep-all7.sdf --target data/targets/6tgu/target.json,
6tgu,physics,2026-08-23-6tgu-s0-n100-prep:all7,minimum_distance_to_protein,0.653,доля,2026-09-18,python scripts/check_physics.py --sdf results/pose_optimization-2026-08-23-6tgu-s0-n100-prep-all7.sdf --target data/targets/6tgu/target.json,
6tgu,physics,2026-08-23-6tgu-s0-n100-prep:all7,molecules,98,,2026-09-18,python scripts/check_physics.py --sdf results/pose_optimization-2026-08-23-6tgu-s0-n100-prep-all7.sdf --target data/targets/6tgu/target.json,
6tgu,physics,2026-08-23-6tgu-s0-n100-prep:all7,sanitization,1.000,доля,2026-09-18,python scripts/check_physics.py --sdf results/pose_optimization-2026-08-23-6tgu-s0-n100-prep-all7.sdf --target data/targets/6tgu/target.json,
6tgu,physics,2026-08-23-6tgu-s0-n100-prep:all7,valid_all,0.449,доля,2026-09-18,python scripts/check_physics.py --sdf results/pose_optimization-2026-08-23-6tgu-s0-n100-prep-all7.sdf --target data/targets/6tgu/target.json,
6tgu,physics,2026-08-23-6tgu-s0-n100-prep:all7,volume_overlap_with_protein,0.990,доля,2026-09-18,python scripts/check_physics.py --sdf results/pose_optimization-2026-08-23-6tgu-s0-n100-prep-all7.sdf --target data/targets/6tgu/target.json,
6tgu,physics,2026-08-23-6tgu-s0-n100-prep:all7-clash,all_atoms_connected,0.929,доля,2026-09-18,python scripts/check_physics.py --sdf results/pose_optimization-2026-08-23-6tgu-s0-n100-prep-all7-clash.sdf --target data/targets/6tgu/target.json,
6tgu,physics,2026-08-23-6tgu-s0-n100-prep:all7-clash,aromatic_ring_flatness,0.990,доля,2026-09-18,python scripts/check_physics.py --sdf results/pose_optimization-2026-08-23-6tgu-s0-n100-prep-all7-clash.sdf --target data/targets/6tgu/target.json,
6tgu,physics,2026-08-23-6tgu-s0-n100-prep:all7-clash,bond_angles,0.888,доля,2026-09-18,python scripts/check_physics.py --sdf results/pose_optimization-2026-08-23-6tgu-s0-n100-prep-all7-clash.sdf --target data/targets/6tgu/target.json,
6tgu,physics,2026-08-23-6tgu-s0-n100-prep:all7-clash,bond_lengths,0.888,доля,2026-09-18,python scripts/check_physics.py --sdf results/pose_optimization-2026-08-23-6tgu-s0-n100-prep-all7-clash.sdf --target data/targets/6tgu/target.json,
6tgu,physics,2026-08-23-6tgu-s0-n100-prep:all7-clash,double_bond_flatness,0.969,доля,2026-09-18,python scripts/check_physics.py --sdf results/pose_optimization-2026-08-23-6tgu-s0-n100-prep-all7-clash.sdf --target data/targets/6tgu/target.json,
6tgu,physics,2026-08-23-6tgu-s0-n100-prep:all7-clash,internal_energy,0.837,доля,2026-09-18,python scripts/check_physics.py --sdf results/pose_optimization-2026-08-23-6tgu-s0-n100-prep-all7-clash.sdf --target data/targets/6tgu/target.json,
6tgu,physics,2026-08-23-6tgu-s0-n100-prep:all7-clash,internal_steric_clash,0.918,доля,2026-09-18,python scripts/check_physics.py --sdf results/pose_optimization-2026-08-23-6tgu-s0-n100-prep-all7-clash.sdf --target data/targets/6tgu/target.json,
6tgu,physics,2026-08-23-6tgu-s0-n100-prep:all7-clash,minimum_distance_to_protein,0.949,доля,2026-09-18,python scripts/check_physics.py --sdf results/pose_optimization-2026-08-23-6tgu-s0-n100-prep-all7-clash.sdf --target data/targets/6tgu/target.json,
6tgu,physics,2026-08-23-6tgu-s0-n100-prep:all7-clash,molecules,98,,2026-09-18,python scripts/check_physics.py --sdf results/pose_optimization-2026-08-23-6tgu-s0-n100-prep-all7-clash.sdf --target data/targets/6tgu/target.json,
6tgu,physics,2026-08-23-6tgu-s0-n100-prep:all7-clash,sanitization,1.000,доля,2026-09-18,python scripts/check_physics.py --sdf results/pose_optimization-2026-08-23-6tgu-s0-n100-prep-all7-clash.sdf --target data/targets/6tgu/target.json,
6tgu,physics,2026-08-23-6tgu-s0-n100-prep:all7-clash,valid_all,0.612,доля,2026-09-18,python scripts/check_physics.py --sdf results/pose_optimization-2026-08-23-6tgu-s0-n100-prep-all7-clash.sdf --target data/targets/6tgu/target.json,
6tgu,physics,2026-08-23-6tgu-s0-n100-prep:all7-clash,volume_overlap_with_protein,0.990,доля,2026-09-18,python scripts/check_physics.py --sdf results/pose_optimization-2026-08-23-6tgu-s0-n100-prep-all7-clash.sdf --target data/targets/6tgu/target.json,
6tgu,physics,2026-08-23-6tgu-s0-n100-prep:source,all_atoms_connected,0.929,доля,2026-09-18,python scripts/check_physics.py --sdf runs/2026-08-23-6tgu-s0-n100-prep/molecules.sdf --target data/targets/6tgu/target.json,
6tgu,physics,2026-08-23-6tgu-s0-n100-prep:source,aromatic_ring_flatness,0.990,доля,2026-09-18,python scripts/check_physics.py --sdf runs/2026-08-23-6tgu-s0-n100-prep/molecules.sdf --target data/targets/6tgu/target.json,
6tgu,physics,2026-08-23-6tgu-s0-n100-prep:source,bond_angles,0.888,доля,2026-09-18,python scripts/check_physics.py --sdf runs/2026-08-23-6tgu-s0-n100-prep/molecules.sdf --target data/targets/6tgu/target.json,
6tgu,physics,2026-08-23-6tgu-s0-n100-prep:source,bond_lengths,0.888,доля,2026-09-18,python scripts/check_physics.py --sdf runs/2026-08-23-6tgu-s0-n100-prep/molecules.sdf --target data/targets/6tgu/target.json,
6tgu,physics,2026-08-23-6tgu-s0-n100-prep:source,double_bond_flatness,0.959,доля,2026-09-18,python scripts/check_physics.py --sdf runs/2026-08-23-6tgu-s0-n100-prep/molecules.sdf --target data/targets/6tgu/target.json,
6tgu,physics,2026-08-23-6tgu-s0-n100-prep:source,internal_energy,0.837,доля,2026-09-18,python scripts/check_physics.py --sdf runs/2026-08-23-6tgu-s0-n100-prep/molecules.sdf --target data/targets/6tgu/target.json,
6tgu,physics,2026-08-23-6tgu-s0-n100-prep:source,internal_steric_clash,0.918,доля,2026-09-18,python scripts/check_physics.py --sdf runs/2026-08-23-6tgu-s0-n100-prep/molecules.sdf --target data/targets/6tgu/target.json,
6tgu,physics,2026-08-23-6tgu-s0-n100-prep:source,minimum_distance_to_protein,0.837,доля,2026-09-18,python scripts/check_physics.py --sdf runs/2026-08-23-6tgu-s0-n100-prep/molecules.sdf --target data/targets/6tgu/target.json,
6tgu,physics,2026-08-23-6tgu-s0-n100-prep:source,molecules,98,,2026-09-18,python scripts/check_physics.py --sdf runs/2026-08-23-6tgu-s0-n100-prep/molecules.sdf --target data/targets/6tgu/target.json,
6tgu,physics,2026-08-23-6tgu-s0-n100-prep:source,sanitization,1.000,доля,2026-09-18,python scripts/check_physics.py --sdf runs/2026-08-23-6tgu-s0-n100-prep/molecules.sdf --target data/targets/6tgu/target.json,
6tgu,physics,2026-08-23-6tgu-s0-n100-prep:source,valid_all,0.582,доля,2026-09-18,python scripts/check_physics.py --sdf runs/2026-08-23-6tgu-s0-n100-prep/molecules.sdf --target data/targets/6tgu/target.json,
6tgu,physics,2026-08-23-6tgu-s0-n100-prep:source,volume_overlap_with_protein,0.990,доля,2026-09-18,python scripts/check_physics.py --sdf runs/2026-08-23-6tgu-s0-n100-prep/molecules.sdf --target data/targets/6tgu/target.json,
6tgu,physics,2026-08-24-6tgu-s0-n100-seed1:all7,all_atoms_connected,0.958,доля,2026-09-18,python scripts/check_physics.py --sdf results/pose_optimization-2026-08-24-6tgu-s0-n100-seed1-all7.sdf --target data/targets/6tgu/target.json,
6tgu,physics,2026-08-24-6tgu-s0-n100-seed1:all7,aromatic_ring_flatness,1.000,доля,2026-09-18,python scripts/check_physics.py --sdf results/pose_optimization-2026-08-24-6tgu-s0-n100-seed1-all7.sdf --target data/targets/6tgu/target.json,
6tgu,physics,2026-08-24-6tgu-s0-n100-seed1:all7,bond_angles,0.789,доля,2026-09-18,python scripts/check_physics.py --sdf results/pose_optimization-2026-08-24-6tgu-s0-n100-seed1-all7.sdf --target data/targets/6tgu/target.json,
6tgu,physics,2026-08-24-6tgu-s0-n100-seed1:all7,bond_lengths,0.821,доля,2026-09-18,python scripts/check_physics.py --sdf results/pose_optimization-2026-08-24-6tgu-s0-n100-seed1-all7.sdf --target data/targets/6tgu/target.json,
6tgu,physics,2026-08-24-6tgu-s0-n100-seed1:all7,double_bond_flatness,0.968,доля,2026-09-18,python scripts/check_physics.py --sdf results/pose_optimization-2026-08-24-6tgu-s0-n100-seed1-all7.sdf --target data/targets/6tgu/target.json,
6tgu,physics,2026-08-24-6tgu-s0-n100-seed1:all7,internal_energy,0.753,доля,2026-09-18,python scripts/check_physics.py --sdf results/pose_optimization-2026-08-24-6tgu-s0-n100-seed1-all7.sdf --target data/targets/6tgu/target.json,
6tgu,physics,2026-08-24-6tgu-s0-n100-seed1:all7,internal_steric_clash,0.874,доля,2026-09-18,python scripts/check_physics.py --sdf results/pose_optimization-2026-08-24-6tgu-s0-n100-seed1-all7.sdf --target data/targets/6tgu/target.json,
6tgu,physics,2026-08-24-6tgu-s0-n100-seed1:all7,minimum_distance_to_protein,0.611,доля,2026-09-18,python scripts/check_physics.py --sdf results/pose_optimization-2026-08-24-6tgu-s0-n100-seed1-all7.sdf --target data/targets/6tgu/target.json,
6tgu,physics,2026-08-24-6tgu-s0-n100-seed1:all7,molecules,95,,2026-09-18,python scripts/check_physics.py --sdf results/pose_optimization-2026-08-24-6tgu-s0-n100-seed1-all7.sdf --target data/targets/6tgu/target.json,
6tgu,physics,2026-08-24-6tgu-s0-n100-seed1:all7,sanitization,1.000,доля,2026-09-18,python scripts/check_physics.py --sdf results/pose_optimization-2026-08-24-6tgu-s0-n100-seed1-all7.sdf --target data/targets/6tgu/target.json,
6tgu,physics,2026-08-24-6tgu-s0-n100-seed1:all7,valid_all,0.337,доля,2026-09-18,python scripts/check_physics.py --sdf results/pose_optimization-2026-08-24-6tgu-s0-n100-seed1-all7.sdf --target data/targets/6tgu/target.json,
6tgu,physics,2026-08-24-6tgu-s0-n100-seed1:all7,volume_overlap_with_protein,0.989,доля,2026-09-18,python scripts/check_physics.py --sdf results/pose_optimization-2026-08-24-6tgu-s0-n100-seed1-all7.sdf --target data/targets/6tgu/target.json,
6tgu,physics,2026-08-24-6tgu-s0-n100-seed1:all7-clash,all_atoms_connected,0.958,доля,2026-09-18,python scripts/check_physics.py --sdf results/pose_optimization-2026-08-24-6tgu-s0-n100-seed1-all7-clash.sdf --target data/targets/6tgu/target.json,
6tgu,physics,2026-08-24-6tgu-s0-n100-seed1:all7-clash,aromatic_ring_flatness,1.000,доля,2026-09-18,python scripts/check_physics.py --sdf results/pose_optimization-2026-08-24-6tgu-s0-n100-seed1-all7-clash.sdf --target data/targets/6tgu/target.json,
6tgu,physics,2026-08-24-6tgu-s0-n100-seed1:all7-clash,bond_angles,0.789,доля,2026-09-18,python scripts/check_physics.py --sdf results/pose_optimization-2026-08-24-6tgu-s0-n100-seed1-all7-clash.sdf --target data/targets/6tgu/target.json,
6tgu,physics,2026-08-24-6tgu-s0-n100-seed1:all7-clash,bond_lengths,0.821,доля,2026-09-18,python scripts/check_physics.py --sdf results/pose_optimization-2026-08-24-6tgu-s0-n100-seed1-all7-clash.sdf --target data/targets/6tgu/target.json,
6tgu,physics,2026-08-24-6tgu-s0-n100-seed1:all7-clash,double_bond_flatness,0.968,доля,2026-09-18,python scripts/check_physics.py --sdf results/pose_optimization-2026-08-24-6tgu-s0-n100-seed1-all7-clash.sdf --target data/targets/6tgu/target.json,
6tgu,physics,2026-08-24-6tgu-s0-n100-seed1:all7-clash,internal_energy,0.753,доля,2026-09-18,python scripts/check_physics.py --sdf results/pose_optimization-2026-08-24-6tgu-s0-n100-seed1-all7-clash.sdf --target data/targets/6tgu/target.json,
6tgu,physics,2026-08-24-6tgu-s0-n100-seed1:all7-clash,internal_steric_clash,0.874,доля,2026-09-18,python scripts/check_physics.py --sdf results/pose_optimization-2026-08-24-6tgu-s0-n100-seed1-all7-clash.sdf --target data/targets/6tgu/target.json,
6tgu,physics,2026-08-24-6tgu-s0-n100-seed1:all7-clash,minimum_distance_to_protein,0.937,доля,2026-09-18,python scripts/check_physics.py --sdf results/pose_optimization-2026-08-24-6tgu-s0-n100-seed1-all7-clash.sdf --target data/targets/6tgu/target.json,
6tgu,physics,2026-08-24-6tgu-s0-n100-seed1:all7-clash,molecules,95,,2026-09-18,python scripts/check_physics.py --sdf results/pose_optimization-2026-08-24-6tgu-s0-n100-seed1-all7-clash.sdf --target data/targets/6tgu/target.json,
6tgu,physics,2026-08-24-6tgu-s0-n100-seed1:all7-clash,sanitization,1.000,доля,2026-09-18,python scripts/check_physics.py --sdf results/pose_optimization-2026-08-24-6tgu-s0-n100-seed1-all7-clash.sdf --target data/targets/6tgu/target.json,
6tgu,physics,2026-08-24-6tgu-s0-n100-seed1:all7-clash,valid_all,0.516,доля,2026-09-18,python scripts/check_physics.py --sdf results/pose_optimization-2026-08-24-6tgu-s0-n100-seed1-all7-clash.sdf --target data/targets/6tgu/target.json,
6tgu,physics,2026-08-24-6tgu-s0-n100-seed1:all7-clash,volume_overlap_with_protein,0.989,доля,2026-09-18,python scripts/check_physics.py --sdf results/pose_optimization-2026-08-24-6tgu-s0-n100-seed1-all7-clash.sdf --target data/targets/6tgu/target.json,
6tgu,physics,2026-08-24-6tgu-s0-n100-seed1:source,all_atoms_connected,0.958,доля,2026-09-18,python scripts/check_physics.py --sdf runs/2026-08-24-6tgu-s0-n100-seed1/molecules.sdf --target data/targets/6tgu/target.json,
6tgu,physics,2026-08-24-6tgu-s0-n100-seed1:source,aromatic_ring_flatness,1.000,доля,2026-09-18,python scripts/check_physics.py --sdf runs/2026-08-24-6tgu-s0-n100-seed1/molecules.sdf --target data/targets/6tgu/target.json,
6tgu,physics,2026-08-24-6tgu-s0-n100-seed1:source,bond_angles,0.789,доля,2026-09-18,python scripts/check_physics.py --sdf runs/2026-08-24-6tgu-s0-n100-seed1/molecules.sdf --target data/targets/6tgu/target.json,
6tgu,physics,2026-08-24-6tgu-s0-n100-seed1:source,bond_lengths,0.821,доля,2026-09-18,python scripts/check_physics.py --sdf runs/2026-08-24-6tgu-s0-n100-seed1/molecules.sdf --target data/targets/6tgu/target.json,
6tgu,physics,2026-08-24-6tgu-s0-n100-seed1:source,double_bond_flatness,0.968,доля,2026-09-18,python scripts/check_physics.py --sdf runs/2026-08-24-6tgu-s0-n100-seed1/molecules.sdf --target data/targets/6tgu/target.json,
6tgu,physics,2026-08-24-6tgu-s0-n100-seed1:source,internal_energy,0.753,доля,2026-09-18,python scripts/check_physics.py --sdf runs/2026-08-24-6tgu-s0-n100-seed1/molecules.sdf --target data/targets/6tgu/target.json,
6tgu,physics,2026-08-24-6tgu-s0-n100-seed1:source,internal_steric_clash,0.874,доля,2026-09-18,python scripts/check_physics.py --sdf runs/2026-08-24-6tgu-s0-n100-seed1/molecules.sdf --target data/targets/6tgu/target.json,
6tgu,physics,2026-08-24-6tgu-s0-n100-seed1:source,minimum_distance_to_protein,0.905,доля,2026-09-18,python scripts/check_physics.py --sdf runs/2026-08-24-6tgu-s0-n100-seed1/molecules.sdf --target data/targets/6tgu/target.json,
6tgu,physics,2026-08-24-6tgu-s0-n100-seed1:source,molecules,95,,2026-09-18,python scripts/check_physics.py --sdf runs/2026-08-24-6tgu-s0-n100-seed1/molecules.sdf --target data/targets/6tgu/target.json,
6tgu,physics,2026-08-24-6tgu-s0-n100-seed1:source,sanitization,1.000,доля,2026-09-18,python scripts/check_physics.py --sdf runs/2026-08-24-6tgu-s0-n100-seed1/molecules.sdf --target data/targets/6tgu/target.json,
6tgu,physics,2026-08-24-6tgu-s0-n100-seed1:source,valid_all,0.526,доля,2026-09-18,python scripts/check_physics.py --sdf runs/2026-08-24-6tgu-s0-n100-seed1/molecules.sdf --target data/targets/6tgu/target.json,
6tgu,physics,2026-08-24-6tgu-s0-n100-seed1:source,volume_overlap_with_protein,0.989,доля,2026-09-18,python scripts/check_physics.py --sdf runs/2026-08-24-6tgu-s0-n100-seed1/molecules.sdf --target data/targets/6tgu/target.json,
6tgu,physics,crystal,all_atoms_connected,1.000,доля,2026-09-18,python scripts/check_physics.py --target data/targets/6tgu/target.json --with-crystal,
6tgu,physics,crystal,aromatic_ring_flatness,1.000,доля,2026-09-18,python scripts/check_physics.py --target data/targets/6tgu/target.json --with-crystal,
6tgu,physics,crystal,bond_angles,1.000,доля,2026-09-18,python scripts/check_physics.py --target data/targets/6tgu/target.json --with-crystal,
6tgu,physics,crystal,bond_lengths,1.000,доля,2026-09-18,python scripts/check_physics.py --target data/targets/6tgu/target.json --with-crystal,
6tgu,physics,crystal,double_bond_flatness,1.000,доля,2026-09-18,python scripts/check_physics.py --target data/targets/6tgu/target.json --with-crystal,
6tgu,physics,crystal,internal_energy,1.000,доля,2026-09-18,python scripts/check_physics.py --target data/targets/6tgu/target.json --with-crystal,
6tgu,physics,crystal,internal_steric_clash,1.000,доля,2026-09-18,python scripts/check_physics.py --target data/targets/6tgu/target.json --with-crystal,
6tgu,physics,crystal,minimum_distance_to_protein,1.000,доля,2026-09-18,python scripts/check_physics.py --target data/targets/6tgu/target.json --with-crystal,
6tgu,physics,crystal,molecules,1,,2026-09-18,python scripts/check_physics.py --target data/targets/6tgu/target.json --with-crystal,
6tgu,physics,crystal,sanitization,1.000,доля,2026-09-18,python scripts/check_physics.py --target data/targets/6tgu/target.json --with-crystal,
6tgu,physics,crystal,valid_all,1.000,доля,2026-09-18,python scripts/check_physics.py --target data/targets/6tgu/target.json --with-crystal,
6tgu,physics,crystal,volume_overlap_with_protein,1.000,доля,2026-09-18,python scripts/check_physics.py --target data/targets/6tgu/target.json --with-crystal,
6tgu,physics,posebusters-dock,clash_cutoff,0.7500,,2026-09-18,python scripts/check_physics.py --target data/targets/6tgu/target.json,порог наложения для пары углеродов: clash_cutoff × radius_scale × 2r
6tgu,physics,posebusters-dock,clash_threshold_carbon,2.5500,A,2026-09-18,python scripts/check_physics.py --target data/targets/6tgu/target.json,порог наложения для пары углеродов: clash_cutoff × radius_scale × 2r
6tgu,physics,posebusters-dock,vdw_radius_carbon,1.7000,A,2026-09-18,python scripts/check_physics.py --target data/targets/6tgu/target.json,порог наложения для пары углеродов: clash_cutoff × radius_scale × 2r
6tgu,pose_optimization,2026-08-23-6tgu-s0-n100-prep:all7-clash,improved,80,,2026-09-18,python scripts/optimize_poses.py --run runs/2026-08-23-6tgu-s0-n100-prep --steps 1000 --max-rmsd 1.5,
6tgu,pose_optimization,2026-08-23-6tgu-s0-n100-prep:all7-clash,min_distance_after_median,2.699,A,2026-09-18,python scripts/optimize_poses.py --run runs/2026-08-23-6tgu-s0-n100-prep --steps 1000 --max-rmsd 1.5,
6tgu,pose_optimization,2026-08-23-6tgu-s0-n100-prep:all7-clash,molecules,98,,2026-09-18,python scripts/optimize_poses.py --run runs/2026-08-23-6tgu-s0-n100-prep --steps 1000 --max-rmsd 1.5,
6tgu,pose_optimization,2026-08-23-6tgu-s0-n100-prep:all7-clash,objective_after,0.779,,2026-09-18,python scripts/optimize_poses.py --run runs/2026-08-23-6tgu-s0-n100-prep --steps 1000 --max-rmsd 1.5,
6tgu,pose_optimization,2026-08-23-6tgu-s0-n100-prep:all7-clash,objective_before,0.599,,2026-09-18,python scripts/optimize_poses.py --run runs/2026-08-23-6tgu-s0-n100-prep --steps 1000 --max-rmsd 1.5,
6tgu,pose_optimization,2026-08-23-6tgu-s0-n100-prep:all7-clash,rmsd_shift_median,0.723,A,2026-09-18,python scripts/optimize_poses.py --run runs/2026-08-23-6tgu-s0-n100-prep --steps 1000 --max-rmsd 1.5,
6tgu,pose_optimization,2026-08-23-6tgu-s0-n100-prep:all7-clash,score_after,0.809,,2026-09-18,python scripts/optimize_poses.py --run runs/2026-08-23-6tgu-s0-n100-prep --steps 1000 --max-rmsd 1.5,
6tgu,pose_optimization,2026-08-23-6tgu-s0-n100-prep:all7-clash,score_before,0.726,,2026-09-18,python scripts/optimize_poses.py --run runs/2026-08-23-6tgu-s0-n100-prep --steps 1000 --max-rmsd 1.5,
6tgu,pose_optimization,2026-08-23-6tgu-s0-n100-prep:all7-clash,tanimoto_after_median,0.730,,2026-09-18,python scripts/optimize_poses.py --run runs/2026-08-23-6tgu-s0-n100-prep --steps 1000 --max-rmsd 1.5,
6tgu,pose_optimization,2026-08-23-6tgu-s0-n100-prep:all7-clash,tanimoto_before_median,0.647,,2026-09-18,python scripts/optimize_poses.py --run runs/2026-08-23-6tgu-s0-n100-prep --steps 1000 --max-rmsd 1.5,
6tgu,pose_optimization,2026-08-23-6tgu-s0-n100-prep:all7-clash-w0.1,improved,81,,2026-09-18,python scripts/optimize_poses.py --run runs/2026-08-23-6tgu-s0-n100-prep --steps 1000 --max-rmsd 1.5,
6tgu,pose_optimization,2026-08-23-6tgu-s0-n100-prep:all7-clash-w0.1,min_distance_after_median,2.656,A,2026-09-18,python scripts/optimize_poses.py --run runs/2026-08-23-6tgu-s0-n100-prep --steps 1000 --max-rmsd 1.5,
6tgu,pose_optimization,2026-08-23-6tgu-s0-n100-prep:all7-clash-w0.1,molecules,98,,2026-09-18,python scripts/optimize_poses.py --run runs/2026-08-23-6tgu-s0-n100-prep --steps 1000 --max-rmsd 1.5,
6tgu,pose_optimization,2026-08-23-6tgu-s0-n100-prep:all7-clash-w0.1,objective_after,0.805,,2026-09-18,python scripts/optimize_poses.py --run runs/2026-08-23-6tgu-s0-n100-prep --steps 1000 --max-rmsd 1.5,
6tgu,pose_optimization,2026-08-23-6tgu-s0-n100-prep:all7-clash-w0.1,objective_before,0.700,,2026-09-18,python scripts/optimize_poses.py --run runs/2026-08-23-6tgu-s0-n100-prep --steps 1000 --max-rmsd 1.5,
6tgu,pose_optimization,2026-08-23-6tgu-s0-n100-prep:all7-clash-w0.1,rmsd_shift_median,0.771,A,2026-09-18,python scripts/optimize_poses.py --run runs/2026-08-23-6tgu-s0-n100-prep --steps 1000 --max-rmsd 1.5,
6tgu,pose_optimization,2026-08-23-6tgu-s0-n100-prep:all7-clash-w0.1,score_after,0.812,,2026-09-18,python scripts/optimize_poses.py --run runs/2026-08-23-6tgu-s0-n100-prep --steps 1000 --max-rmsd 1.5,
6tgu,pose_optimization,2026-08-23-6tgu-s0-n100-prep:all7-clash-w0.1,score_before,0.726,,2026-09-18,python scripts/optimize_poses.py --run runs/2026-08-23-6tgu-s0-n100-prep --steps 1000 --max-rmsd 1.5,
6tgu,pose_optimization,2026-08-23-6tgu-s0-n100-prep:all7-clash-w0.1,tanimoto_after_median,0.722,,2026-09-18,python scripts/optimize_poses.py --run runs/2026-08-23-6tgu-s0-n100-prep --steps 1000 --max-rmsd 1.5,
6tgu,pose_optimization,2026-08-23-6tgu-s0-n100-prep:all7-clash-w0.1,tanimoto_before_median,0.647,,2026-09-18,python scripts/optimize_poses.py --run runs/2026-08-23-6tgu-s0-n100-prep --steps 1000 --max-rmsd 1.5,
6tgu,pose_optimization,2026-08-23-6tgu-s0-n100-prep:all7-clash-w0.5,improved,80,,2026-09-18,python scripts/optimize_poses.py --run runs/2026-08-23-6tgu-s0-n100-prep --steps 1000 --max-rmsd 1.5,
6tgu,pose_optimization,2026-08-23-6tgu-s0-n100-prep:all7-clash-w0.5,min_distance_after_median,2.699,A,2026-09-18,python scripts/optimize_poses.py --run runs/2026-08-23-6tgu-s0-n100-prep --steps 1000 --max-rmsd 1.5,
6tgu,pose_optimization,2026-08-23-6tgu-s0-n100-prep:all7-clash-w0.5,molecules,98,,2026-09-18,python scripts/optimize_poses.py --run runs/2026-08-23-6tgu-s0-n100-prep --steps 1000 --max-rmsd 1.5,
6tgu,pose_optimization,2026-08-23-6tgu-s0-n100-prep:all7-clash-w0.5,objective_after,0.779,,2026-09-18,python scripts/optimize_poses.py --run runs/2026-08-23-6tgu-s0-n100-prep --steps 1000 --max-rmsd 1.5,
6tgu,pose_optimization,2026-08-23-6tgu-s0-n100-prep:all7-clash-w0.5,objective_before,0.599,,2026-09-18,python scripts/optimize_poses.py --run runs/2026-08-23-6tgu-s0-n100-prep --steps 1000 --max-rmsd 1.5,
6tgu,pose_optimization,2026-08-23-6tgu-s0-n100-prep:all7-clash-w0.5,rmsd_shift_median,0.723,A,2026-09-18,python scripts/optimize_poses.py --run runs/2026-08-23-6tgu-s0-n100-prep --steps 1000 --max-rmsd 1.5,
6tgu,pose_optimization,2026-08-23-6tgu-s0-n100-prep:all7-clash-w0.5,score_after,0.809,,2026-09-18,python scripts/optimize_poses.py --run runs/2026-08-23-6tgu-s0-n100-prep --steps 1000 --max-rmsd 1.5,
6tgu,pose_optimization,2026-08-23-6tgu-s0-n100-prep:all7-clash-w0.5,score_before,0.726,,2026-09-18,python scripts/optimize_poses.py --run runs/2026-08-23-6tgu-s0-n100-prep --steps 1000 --max-rmsd 1.5,
6tgu,pose_optimization,2026-08-23-6tgu-s0-n100-prep:all7-clash-w0.5,tanimoto_after_median,0.730,,2026-09-18,python scripts/optimize_poses.py --run runs/2026-08-23-6tgu-s0-n100-prep --steps 1000 --max-rmsd 1.5,
6tgu,pose_optimization,2026-08-23-6tgu-s0-n100-prep:all7-clash-w0.5,tanimoto_before_median,0.647,,2026-09-18,python scripts/optimize_poses.py --run runs/2026-08-23-6tgu-s0-n100-prep --steps 1000 --max-rmsd 1.5,
6tgu,pose_optimization,2026-08-23-6tgu-s0-n100-prep:all7-clash-w2,improved,78,,2026-09-18,python scripts/optimize_poses.py --run runs/2026-08-23-6tgu-s0-n100-prep --steps 1000 --max-rmsd 1.5,
6tgu,pose_optimization,2026-08-23-6tgu-s0-n100-prep:all7-clash-w2,min_distance_after_median,2.663,A,2026-09-18,python scripts/optimize_poses.py --run runs/2026-08-23-6tgu-s0-n100-prep --steps 1000 --max-rmsd 1.5,
6tgu,pose_optimization,2026-08-23-6tgu-s0-n100-prep:all7-clash-w2,molecules,98,,2026-09-18,python scripts/optimize_poses.py --run runs/2026-08-23-6tgu-s0-n100-prep --steps 1000 --max-rmsd 1.5,
6tgu,pose_optimization,2026-08-23-6tgu-s0-n100-prep:all7-clash-w2,objective_after,0.695,,2026-09-18,python scripts/optimize_poses.py --run runs/2026-08-23-6tgu-s0-n100-prep --steps 1000 --max-rmsd 1.5,
6tgu,pose_optimization,2026-08-23-6tgu-s0-n100-prep:all7-clash-w2,objective_before,0.219,,2026-09-18,python scripts/optimize_poses.py --run runs/2026-08-23-6tgu-s0-n100-prep --steps 1000 --max-rmsd 1.5,
6tgu,pose_optimization,2026-08-23-6tgu-s0-n100-prep:all7-clash-w2,rmsd_shift_median,0.626,A,2026-09-18,python scripts/optimize_poses.py --run runs/2026-08-23-6tgu-s0-n100-prep --steps 1000 --max-rmsd 1.5,
6tgu,pose_optimization,2026-08-23-6tgu-s0-n100-prep:all7-clash-w2,score_after,0.808,,2026-09-18,python scripts/optimize_poses.py --run runs/2026-08-23-6tgu-s0-n100-prep --steps 1000 --max-rmsd 1.5,
6tgu,pose_optimization,2026-08-23-6tgu-s0-n100-prep:all7-clash-w2,score_before,0.726,,2026-09-18,python scripts/optimize_poses.py --run runs/2026-08-23-6tgu-s0-n100-prep --steps 1000 --max-rmsd 1.5,
6tgu,pose_optimization,2026-08-23-6tgu-s0-n100-prep:all7-clash-w2,tanimoto_after_median,0.722,,2026-09-18,python scripts/optimize_poses.py --run runs/2026-08-23-6tgu-s0-n100-prep --steps 1000 --max-rmsd 1.5,
6tgu,pose_optimization,2026-08-23-6tgu-s0-n100-prep:all7-clash-w2,tanimoto_before_median,0.647,,2026-09-18,python scripts/optimize_poses.py --run runs/2026-08-23-6tgu-s0-n100-prep --steps 1000 --max-rmsd 1.5,
6tgu,pose_optimization,2026-08-23-6tgu-s0-n100-prep:all7-control-clash,improved,8,,2026-09-18,python scripts/optimize_poses.py --run runs/2026-08-23-6tgu-s0-n100-prep --steps 1000 --max-rmsd 1.5,отрицательный контроль: позиции эталона перемешаны
6tgu,pose_optimization,2026-08-23-6tgu-s0-n100-prep:all7-control-clash,min_distance_after_median,2.635,A,2026-09-18,python scripts/optimize_poses.py --run runs/2026-08-23-6tgu-s0-n100-prep --steps 1000 --max-rmsd 1.5,отрицательный контроль: позиции эталона перемешаны
6tgu,pose_optimization,2026-08-23-6tgu-s0-n100-prep:all7-control-clash,molecules,98,,2026-09-18,python scripts/optimize_poses.py --run runs/2026-08-23-6tgu-s0-n100-prep --steps 1000 --max-rmsd 1.5,отрицательный контроль: позиции эталона перемешаны
6tgu,pose_optimization,2026-08-23-6tgu-s0-n100-prep:all7-control-clash,objective_after,0.267,,2026-09-18,python scripts/optimize_poses.py --run runs/2026-08-23-6tgu-s0-n100-prep --steps 1000 --max-rmsd 1.5,отрицательный контроль: позиции эталона перемешаны
6tgu,pose_optimization,2026-08-23-6tgu-s0-n100-prep:all7-control-clash,objective_before,0.129,,2026-09-18,python scripts/optimize_poses.py --run runs/2026-08-23-6tgu-s0-n100-prep --steps 1000 --max-rmsd 1.5,отрицательный контроль: позиции эталона перемешаны
6tgu,pose_optimization,2026-08-23-6tgu-s0-n100-prep:all7-control-clash,rmsd_shift_median,0.541,A,2026-09-18,python scripts/optimize_poses.py --run runs/2026-08-23-6tgu-s0-n100-prep --steps 1000 --max-rmsd 1.5,отрицательный контроль: позиции эталона перемешаны
6tgu,pose_optimization,2026-08-23-6tgu-s0-n100-prep:all7-control-clash,score_after,0.691,,2026-09-18,python scripts/optimize_poses.py --run runs/2026-08-23-6tgu-s0-n100-prep --steps 1000 --max-rmsd 1.5,отрицательный контроль: позиции эталона перемешаны
6tgu,pose_optimization,2026-08-23-6tgu-s0-n100-prep:all7-control-clash,score_before,0.726,,2026-09-18,python scripts/optimize_poses.py --run runs/2026-08-23-6tgu-s0-n100-prep --steps 1000 --max-rmsd 1.5,отрицательный контроль: позиции эталона перемешаны
6tgu,pose_optimization,2026-08-23-6tgu-s0-n100-prep:all7-control-clash,tanimoto_after_median,0.584,,2026-09-18,python scripts/optimize_poses.py --run runs/2026-08-23-6tgu-s0-n100-prep --steps 1000 --max-rmsd 1.5,отрицательный контроль: позиции эталона перемешаны
6tgu,pose_optimization,2026-08-23-6tgu-s0-n100-prep:all7-control-clash,tanimoto_before_median,0.647,,2026-09-18,python scripts/optimize_poses.py --run runs/2026-08-23-6tgu-s0-n100-prep --steps 1000 --max-rmsd 1.5,отрицательный контроль: позиции эталона перемешаны
6tgu,pose_optimization,2026-08-23-6tgu-s0-n100-prep:all7-r3,improved,78,,2026-09-18,python scripts/optimize_poses.py --run runs/2026-08-23-6tgu-s0-n100-prep --steps 1000 --max-rmsd 3.0,
6tgu,pose_optimization,2026-08-23-6tgu-s0-n100-prep:all7-r3,min_distance_after_median,2.571,A,2026-09-18,python scripts/optimize_poses.py --run runs/2026-08-23-6tgu-s0-n100-prep --steps 1000 --max-rmsd 3.0,
6tgu,pose_optimization,2026-08-23-6tgu-s0-n100-prep:all7-r3,molecules,98,,2026-09-18,python scripts/optimize_poses.py --run runs/2026-08-23-6tgu-s0-n100-prep --steps 1000 --max-rmsd 3.0,
6tgu,pose_optimization,2026-08-23-6tgu-s0-n100-prep:all7-r3,objective_after,0.815,,2026-09-18,python scripts/optimize_poses.py --run runs/2026-08-23-6tgu-s0-n100-prep --steps 1000 --max-rmsd 3.0,
6tgu,pose_optimization,2026-08-23-6tgu-s0-n100-prep:all7-r3,objective_before,0.726,,2026-09-18,python scripts/optimize_poses.py --run runs/2026-08-23-6tgu-s0-n100-prep --steps 1000 --max-rmsd 3.0,
6tgu,pose_optimization,2026-08-23-6tgu-s0-n100-prep:all7-r3,rmsd_shift_median,1.027,A,2026-09-18,python scripts/optimize_poses.py --run runs/2026-08-23-6tgu-s0-n100-prep --steps 1000 --max-rmsd 3.0,
6tgu,pose_optimization,2026-08-23-6tgu-s0-n100-prep:all7-r3,score_after,0.815,,2026-09-18,python scripts/optimize_poses.py --run runs/2026-08-23-6tgu-s0-n100-prep --steps 1000 --max-rmsd 3.0,
6tgu,pose_optimization,2026-08-23-6tgu-s0-n100-prep:all7-r3,score_before,0.726,,2026-09-18,python scripts/optimize_poses.py --run runs/2026-08-23-6tgu-s0-n100-prep --steps 1000 --max-rmsd 3.0,
6tgu,pose_optimization,2026-08-23-6tgu-s0-n100-prep:all7-r3,tanimoto_after_median,0.743,,2026-09-18,python scripts/optimize_poses.py --run runs/2026-08-23-6tgu-s0-n100-prep --steps 1000 --max-rmsd 3.0,
6tgu,pose_optimization,2026-08-23-6tgu-s0-n100-prep:all7-r3,tanimoto_before_median,0.647,,2026-09-18,python scripts/optimize_poses.py --run runs/2026-08-23-6tgu-s0-n100-prep --steps 1000 --max-rmsd 3.0,
6tgu,pose_optimization,2026-08-23-6tgu-s0-n100-prep:all7-r3-clash,improved,80,,2026-09-18,python scripts/optimize_poses.py --run runs/2026-08-23-6tgu-s0-n100-prep --steps 1000 --max-rmsd 3.0,
6tgu,pose_optimization,2026-08-23-6tgu-s0-n100-prep:all7-r3-clash,min_distance_after_median,2.717,A,2026-09-18,python scripts/optimize_poses.py --run runs/2026-08-23-6tgu-s0-n100-prep --steps 1000 --max-rmsd 3.0,
6tgu,pose_optimization,2026-08-23-6tgu-s0-n100-prep:all7-r3-clash,molecules,98,,2026-09-18,python scripts/optimize_poses.py --run runs/2026-08-23-6tgu-s0-n100-prep --steps 1000 --max-rmsd 3.0,
6tgu,pose_optimization,2026-08-23-6tgu-s0-n100-prep:all7-r3-clash,objective_after,0.799,,2026-09-18,python scripts/optimize_poses.py --run runs/2026-08-23-6tgu-s0-n100-prep --steps 1000 --max-rmsd 3.0,
6tgu,pose_optimization,2026-08-23-6tgu-s0-n100-prep:all7-r3-clash,objective_before,0.599,,2026-09-18,python scripts/optimize_poses.py --run runs/2026-08-23-6tgu-s0-n100-prep --steps 1000 --max-rmsd 3.0,
6tgu,pose_optimization,2026-08-23-6tgu-s0-n100-prep:all7-r3-clash,rmsd_shift_median,0.923,A,2026-09-18,python scripts/optimize_poses.py --run runs/2026-08-23-6tgu-s0-n100-prep --steps 1000 --max-rmsd 3.0,
6tgu,pose_optimization,2026-08-23-6tgu-s0-n100-prep:all7-r3-clash,score_after,0.813,,2026-09-18,python scripts/optimize_poses.py --run runs/2026-08-23-6tgu-s0-n100-prep --steps 1000 --max-rmsd 3.0,
6tgu,pose_optimization,2026-08-23-6tgu-s0-n100-prep:all7-r3-clash,score_before,0.726,,2026-09-18,python scripts/optimize_poses.py --run runs/2026-08-23-6tgu-s0-n100-prep --steps 1000 --max-rmsd 3.0,
6tgu,pose_optimization,2026-08-23-6tgu-s0-n100-prep:all7-r3-clash,tanimoto_after_median,0.737,,2026-09-18,python scripts/optimize_poses.py --run runs/2026-08-23-6tgu-s0-n100-prep --steps 1000 --max-rmsd 3.0,
6tgu,pose_optimization,2026-08-23-6tgu-s0-n100-prep:all7-r3-clash,tanimoto_before_median,0.647,,2026-09-18,python scripts/optimize_poses.py --run runs/2026-08-23-6tgu-s0-n100-prep --steps 1000 --max-rmsd 3.0,
6tgu,pose_optimization,2026-08-23-6tgu-s0-n100-prep:all7-weighted,improved,78,,2026-09-18,python scripts/optimize_poses.py --run runs/2026-08-23-6tgu-s0-n100-prep --steps 1000 --max-rmsd 1.5,
6tgu,pose_optimization,2026-08-23-6tgu-s0-n100-prep:all7-weighted,min_distance_after_median,2.508,A,2026-09-18,python scripts/optimize_poses.py --run runs/2026-08-23-6tgu-s0-n100-prep --steps 1000 --max-rmsd 1.5,
6tgu,pose_optimization,2026-08-23-6tgu-s0-n100-prep:all7-weighted,molecules,98,,2026-09-18,python scripts/optimize_poses.py --run runs/2026-08-23-6tgu-s0-n100-prep --steps 1000 --max-rmsd 1.5,
6tgu,pose_optimization,2026-08-23-6tgu-s0-n100-prep:all7-weighted,objective_after,0.942,,2026-09-18,python scripts/optimize_poses.py --run runs/2026-08-23-6tgu-s0-n100-prep --steps 1000 --max-rmsd 1.5,
6tgu,pose_optimization,2026-08-23-6tgu-s0-n100-prep:all7-weighted,objective_before,0.878,,2026-09-18,python scripts/optimize_poses.py --run runs/2026-08-23-6tgu-s0-n100-prep --steps 1000 --max-rmsd 1.5,
6tgu,pose_optimization,2026-08-23-6tgu-s0-n100-prep:all7-weighted,rmsd_shift_median,0.884,A,2026-09-18,python scripts/optimize_poses.py --run runs/2026-08-23-6tgu-s0-n100-prep --steps 1000 --max-rmsd 1.5,
6tgu,pose_optimization,2026-08-23-6tgu-s0-n100-prep:all7-weighted,score_after,0.801,,2026-09-18,python scripts/optimize_poses.py --run runs/2026-08-23-6tgu-s0-n100-prep --steps 1000 --max-rmsd 1.5,
6tgu,pose_optimization,2026-08-23-6tgu-s0-n100-prep:all7-weighted,score_before,0.726,,2026-09-18,python scripts/optimize_poses.py --run runs/2026-08-23-6tgu-s0-n100-prep --steps 1000 --max-rmsd 1.5,
6tgu,pose_optimization,2026-08-23-6tgu-s0-n100-prep:all7-weighted,tanimoto_after_median,0.722,,2026-09-18,python scripts/optimize_poses.py --run runs/2026-08-23-6tgu-s0-n100-prep --steps 1000 --max-rmsd 1.5,
6tgu,pose_optimization,2026-08-23-6tgu-s0-n100-prep:all7-weighted,tanimoto_before_median,0.647,,2026-09-18,python scripts/optimize_poses.py --run runs/2026-08-23-6tgu-s0-n100-prep --steps 1000 --max-rmsd 1.5,
6tgu,pose_optimization,2026-08-24-6tgu-s0-n100-seed1:all7-clash,improved,79,,2026-09-18,python scripts/optimize_poses.py --run runs/2026-08-24-6tgu-s0-n100-seed1 --steps 1000 --max-rmsd 1.5,
6tgu,pose_optimization,2026-08-24-6tgu-s0-n100-seed1:all7-clash,min_distance_after_median,2.632,A,2026-09-18,python scripts/optimize_poses.py --run runs/2026-08-24-6tgu-s0-n100-seed1 --steps 1000 --max-rmsd 1.5,
6tgu,pose_optimization,2026-08-24-6tgu-s0-n100-seed1:all7-clash,molecules,95,,2026-09-18,python scripts/optimize_poses.py --run runs/2026-08-24-6tgu-s0-n100-seed1 --steps 1000 --max-rmsd 1.5,
6tgu,pose_optimization,2026-08-24-6tgu-s0-n100-seed1:all7-clash,objective_after,0.766,,2026-09-18,python scripts/optimize_poses.py --run runs/2026-08-24-6tgu-s0-n100-seed1 --steps 1000 --max-rmsd 1.5,
6tgu,pose_optimization,2026-08-24-6tgu-s0-n100-seed1:all7-clash,objective_before,0.622,,2026-09-18,python scripts/optimize_poses.py --run runs/2026-08-24-6tgu-s0-n100-seed1 --steps 1000 --max-rmsd 1.5,
6tgu,pose_optimization,2026-08-24-6tgu-s0-n100-seed1:all7-clash,rmsd_shift_median,0.728,A,2026-09-18,python scripts/optimize_poses.py --run runs/2026-08-24-6tgu-s0-n100-seed1 --steps 1000 --max-rmsd 1.5,
6tgu,pose_optimization,2026-08-24-6tgu-s0-n100-seed1:all7-clash,score_after,0.804,,2026-09-18,python scripts/optimize_poses.py --run runs/2026-08-24-6tgu-s0-n100-seed1 --steps 1000 --max-rmsd 1.5,
6tgu,pose_optimization,2026-08-24-6tgu-s0-n100-seed1:all7-clash,score_before,0.730,,2026-09-18,python scripts/optimize_poses.py --run runs/2026-08-24-6tgu-s0-n100-seed1 --steps 1000 --max-rmsd 1.5,
6tgu,pose_optimization,2026-08-24-6tgu-s0-n100-seed1:all7-clash,tanimoto_after_median,0.706,,2026-09-18,python scripts/optimize_poses.py --run runs/2026-08-24-6tgu-s0-n100-seed1 --steps 1000 --max-rmsd 1.5,
6tgu,pose_optimization,2026-08-24-6tgu-s0-n100-seed1:all7-clash,tanimoto_before_median,0.632,,2026-09-18,python scripts/optimize_poses.py --run runs/2026-08-24-6tgu-s0-n100-seed1 --steps 1000 --max-rmsd 1.5,
6tgu,pose_optimization,2026-08-24-6tgu-s0-n100-seed1:all7-control-clash,improved,8,,2026-09-18,python scripts/optimize_poses.py --run runs/2026-08-24-6tgu-s0-n100-seed1 --steps 1000 --max-rmsd 1.5,отрицательный контроль: позиции эталона перемешаны
6tgu,pose_optimization,2026-08-24-6tgu-s0-n100-seed1:all7-control-clash,min_distance_after_median,2.686,A,2026-09-18,python scripts/optimize_poses.py --run runs/2026-08-24-6tgu-s0-n100-seed1 --steps 1000 --max-rmsd 1.5,отрицательный контроль: позиции эталона перемешаны
6tgu,pose_optimization,2026-08-24-6tgu-s0-n100-seed1:all7-control-clash,molecules,95,,2026-09-18,python scripts/optimize_poses.py --run runs/2026-08-24-6tgu-s0-n100-seed1 --steps 1000 --max-rmsd 1.5,отрицательный контроль: позиции эталона перемешаны
6tgu,pose_optimization,2026-08-24-6tgu-s0-n100-seed1:all7-control-clash,objective_after,0.259,,2026-09-18,python scripts/optimize_poses.py --run runs/2026-08-24-6tgu-s0-n100-seed1 --steps 1000 --max-rmsd 1.5,отрицательный контроль: позиции эталона перемешаны
6tgu,pose_optimization,2026-08-24-6tgu-s0-n100-seed1:all7-control-clash,objective_before,0.157,,2026-09-18,python scripts/optimize_poses.py --run runs/2026-08-24-6tgu-s0-n100-seed1 --steps 1000 --max-rmsd 1.5,отрицательный контроль: позиции эталона перемешаны
6tgu,pose_optimization,2026-08-24-6tgu-s0-n100-seed1:all7-control-clash,rmsd_shift_median,0.427,A,2026-09-18,python scripts/optimize_poses.py --run runs/2026-08-24-6tgu-s0-n100-seed1 --steps 1000 --max-rmsd 1.5,отрицательный контроль: позиции эталона перемешаны
6tgu,pose_optimization,2026-08-24-6tgu-s0-n100-seed1:all7-control-clash,score_after,0.703,,2026-09-18,python scripts/optimize_poses.py --run runs/2026-08-24-6tgu-s0-n100-seed1 --steps 1000 --max-rmsd 1.5,отрицательный контроль: позиции эталона перемешаны
6tgu,pose_optimization,2026-08-24-6tgu-s0-n100-seed1:all7-control-clash,score_before,0.730,,2026-09-18,python scripts/optimize_poses.py --run runs/2026-08-24-6tgu-s0-n100-seed1 --steps 1000 --max-rmsd 1.5,отрицательный контроль: позиции эталона перемешаны
6tgu,pose_optimization,2026-08-24-6tgu-s0-n100-seed1:all7-control-clash,tanimoto_after_median,0.579,,2026-09-18,python scripts/optimize_poses.py --run runs/2026-08-24-6tgu-s0-n100-seed1 --steps 1000 --max-rmsd 1.5,отрицательный контроль: позиции эталона перемешаны
6tgu,pose_optimization,2026-08-24-6tgu-s0-n100-seed1:all7-control-clash,tanimoto_before_median,0.632,,2026-09-18,python scripts/optimize_poses.py --run runs/2026-08-24-6tgu-s0-n100-seed1 --steps 1000 --max-rmsd 1.5,отрицательный контроль: позиции эталона перемешаны
6tgu,pose_optimization,2026-08-24-6tgu-s0-n100-seed1:all7-weighted,improved,72,,2026-09-18,python scripts/optimize_poses.py --run runs/2026-08-24-6tgu-s0-n100-seed1 --steps 1000 --max-rmsd 1.5,
6tgu,pose_optimization,2026-08-24-6tgu-s0-n100-seed1:all7-weighted,min_distance_after_median,2.459,A,2026-09-18,python scripts/optimize_poses.py --run runs/2026-08-24-6tgu-s0-n100-seed1 --steps 1000 --max-rmsd 1.5,
6tgu,pose_optimization,2026-08-24-6tgu-s0-n100-seed1:all7-weighted,molecules,95,,2026-09-18,python scripts/optimize_poses.py --run runs/2026-08-24-6tgu-s0-n100-seed1 --steps 1000 --max-rmsd 1.5,
6tgu,pose_optimization,2026-08-24-6tgu-s0-n100-seed1:all7-weighted,objective_after,0.936,,2026-09-18,python scripts/optimize_poses.py --run runs/2026-08-24-6tgu-s0-n100-seed1 --steps 1000 --max-rmsd 1.5,
6tgu,pose_optimization,2026-08-24-6tgu-s0-n100-seed1:all7-weighted,objective_before,0.885,,2026-09-18,python scripts/optimize_poses.py --run runs/2026-08-24-6tgu-s0-n100-seed1 --steps 1000 --max-rmsd 1.5,
6tgu,pose_optimization,2026-08-24-6tgu-s0-n100-seed1:all7-weighted,rmsd_shift_median,0.877,A,2026-09-18,python scripts/optimize_poses.py --run runs/2026-08-24-6tgu-s0-n100-seed1 --steps 1000 --max-rmsd 1.5,
6tgu,pose_optimization,2026-08-24-6tgu-s0-n100-seed1:all7-weighted,score_after,0.794,,2026-09-18,python scripts/optimize_poses.py --run runs/2026-08-24-6tgu-s0-n100-seed1 --steps 1000 --max-rmsd 1.5,
6tgu,pose_optimization,2026-08-24-6tgu-s0-n100-seed1:all7-weighted,score_before,0.730,,2026-09-18,python scripts/optimize_poses.py --run runs/2026-08-24-6tgu-s0-n100-seed1 --steps 1000 --max-rmsd 1.5,
6tgu,pose_optimization,2026-08-24-6tgu-s0-n100-seed1:all7-weighted,tanimoto_after_median,0.706,,2026-09-18,python scripts/optimize_poses.py --run runs/2026-08-24-6tgu-s0-n100-seed1 --steps 1000 --max-rmsd 1.5,
6tgu,pose_optimization,2026-08-24-6tgu-s0-n100-seed1:all7-weighted,tanimoto_before_median,0.632,,2026-09-18,python scripts/optimize_poses.py --run runs/2026-08-24-6tgu-s0-n100-seed1 --steps 1000 --max-rmsd 1.5,
6tgu,pose_optimization,2026-09-16-6tgu-s0-n100:all7,improved,93,,2026-09-18,python scripts/optimize_poses.py --run runs/2026-09-16-6tgu-s0-n100 --steps 1000 --max-rmsd 1.5,
6tgu,pose_optimization,2026-09-16-6tgu-s0-n100:all7,min_distance_after_median,1.562,A,2026-09-18,python scripts/optimize_poses.py --run runs/2026-09-16-6tgu-s0-n100 --steps 1000 --max-rmsd 1.5,
6tgu,pose_optimization,2026-09-16-6tgu-s0-n100:all7,molecules,99,,2026-09-18,python scripts/optimize_poses.py --run runs/2026-09-16-6tgu-s0-n100 --steps 1000 --max-rmsd 1.5,
6tgu,pose_optimization,2026-09-16-6tgu-s0-n100:all7,rmsd_shift_median,0.990,A,2026-09-18,python scripts/optimize_poses.py --run runs/2026-09-16-6tgu-s0-n100 --steps 1000 --max-rmsd 1.5,
6tgu,pose_optimization,2026-09-16-6tgu-s0-n100:all7,score_after,0.653,,2026-09-18,python scripts/optimize_poses.py --run runs/2026-09-16-6tgu-s0-n100 --steps 1000 --max-rmsd 1.5,
6tgu,pose_optimization,2026-09-16-6tgu-s0-n100:all7,score_before,0.551,,2026-09-18,python scripts/optimize_poses.py --run runs/2026-09-16-6tgu-s0-n100 --steps 1000 --max-rmsd 1.5,
6tgu,pose_optimization,2026-09-16-6tgu-s0-n100:all7,tanimoto_after_median,0.455,,2026-09-18,python scripts/optimize_poses.py --run runs/2026-09-16-6tgu-s0-n100 --steps 1000 --max-rmsd 1.5,
6tgu,pose_optimization,2026-09-16-6tgu-s0-n100:all7,tanimoto_before_median,0.364,,2026-09-18,python scripts/optimize_poses.py --run runs/2026-09-16-6tgu-s0-n100 --steps 1000 --max-rmsd 1.5,
6tgu,pose_optimization,2026-09-16-6tgu-s0-n100:all7-control,improved,22,,2026-09-18,python scripts/optimize_poses.py --run runs/2026-09-16-6tgu-s0-n100 --steps 1000 --max-rmsd 1.5,отрицательный контроль: позиции эталона перемешаны
6tgu,pose_optimization,2026-09-16-6tgu-s0-n100:all7-control,min_distance_after_median,1.516,A,2026-09-18,python scripts/optimize_poses.py --run runs/2026-09-16-6tgu-s0-n100 --steps 1000 --max-rmsd 1.5,отрицательный контроль: позиции эталона перемешаны
6tgu,pose_optimization,2026-09-16-6tgu-s0-n100:all7-control,molecules,99,,2026-09-18,python scripts/optimize_poses.py --run runs/2026-09-16-6tgu-s0-n100 --steps 1000 --max-rmsd 1.5,отрицательный контроль: позиции эталона перемешаны
6tgu,pose_optimization,2026-09-16-6tgu-s0-n100:all7-control,rmsd_shift_median,0.819,A,2026-09-18,python scripts/optimize_poses.py --run runs/2026-09-16-6tgu-s0-n100 --steps 1000 --max-rmsd 1.5,отрицательный контроль: позиции эталона перемешаны
6tgu,pose_optimization,2026-09-16-6tgu-s0-n100:all7-control,score_after,0.547,,2026-09-18,python scripts/optimize_poses.py --run runs/2026-09-16-6tgu-s0-n100 --steps 1000 --max-rmsd 1.5,отрицательный контроль: позиции эталона перемешаны
6tgu,pose_optimization,2026-09-16-6tgu-s0-n100:all7-control,score_before,0.551,,2026-09-18,python scripts/optimize_poses.py --run runs/2026-09-16-6tgu-s0-n100 --steps 1000 --max-rmsd 1.5,отрицательный контроль: позиции эталона перемешаны
6tgu,pose_optimization,2026-09-16-6tgu-s0-n100:all7-control,tanimoto_after_median,0.348,,2026-09-18,python scripts/optimize_poses.py --run runs/2026-09-16-6tgu-s0-n100 --steps 1000 --max-rmsd 1.5,отрицательный контроль: позиции эталона перемешаны
6tgu,pose_optimization,2026-09-16-6tgu-s0-n100:all7-control,tanimoto_before_median,0.364,,2026-09-18,python scripts/optimize_poses.py --run runs/2026-09-16-6tgu-s0-n100 --steps 1000 --max-rmsd 1.5,отрицательный контроль: позиции эталона перемешаны
6tgu,pose_optimization_stats,2026-08-23-6tgu-s0-n100-prep:all7-clash-w0.1:mcnemar_hbond,ci_high,0.0204082,,2026-09-18,python scripts/pose_optimization_stats.py 2026-08-23-6tgu-s0-n100-prep,"доля молекул с ключевой H-связью по правилам KLIFS; точный критерий Макнемара, интервал — бутстрэп разности долей"
6tgu,pose_optimization_stats,2026-08-23-6tgu-s0-n100-prep:all7-clash-w0.1:mcnemar_hbond,ci_low,-0.0510204,,2026-09-18,python scripts/pose_optimization_stats.py 2026-08-23-6tgu-s0-n100-prep,"доля молекул с ключевой H-связью по правилам KLIFS; точный критерий Макнемара, интервал — бутстрэп разности долей"
6tgu,pose_optimization_stats,2026-08-23-6tgu-s0-n100-prep:all7-clash-w0.1:mcnemar_hbond,effect,-0.0102041,,2026-09-18,python scripts/pose_optimization_stats.py 2026-08-23-6tgu-s0-n100-prep,"доля молекул с ключевой H-связью по правилам KLIFS; точный критерий Макнемара, интервал — бутстрэп разности долей"
6tgu,pose_optimization_stats,2026-08-23-6tgu-s0-n100-prep:all7-clash-w0.1:mcnemar_hbond,fraction_after,0.94898,,2026-09-18,python scripts/pose_optimization_stats.py 2026-08-23-6tgu-s0-n100-prep,"доля молекул с ключевой H-связью по правилам KLIFS; точный критерий Макнемара, интервал — бутстрэп разности долей"
6tgu,pose_optimization_stats,2026-08-23-6tgu-s0-n100-prep:all7-clash-w0.1:mcnemar_hbond,fraction_before,0.959184,,2026-09-18,python scripts/pose_optimization_stats.py 2026-08-23-6tgu-s0-n100-prep,"доля молекул с ключевой H-связью по правилам KLIFS; точный критерий Макнемара, интервал — бутстрэп разности долей"
6tgu,pose_optimization_stats,2026-08-23-6tgu-s0-n100-prep:all7-clash-w0.1:mcnemar_hbond,gained,1,,2026-09-18,python scripts/pose_optimization_stats.py 2026-08-23-6tgu-s0-n100-prep,"доля молекул с ключевой H-связью по правилам KLIFS; точный критерий Макнемара, интервал — бутстрэп разности долей"
6tgu,pose_optimization_stats,2026-08-23-6tgu-s0-n100-prep:all7-clash-w0.1:mcnemar_hbond,lost,2,,2026-09-18,python scripts/pose_optimization_stats.py 2026-08-23-6tgu-s0-n100-prep,"доля молекул с ключевой H-связью по правилам KLIFS; точный критерий Макнемара, интервал — бутстрэп разности долей"
6tgu,pose_optimization_stats,2026-08-23-6tgu-s0-n100-prep:all7-clash-w0.1:mcnemar_hbond,molecules,98,,2026-09-18,python scripts/pose_optimization_stats.py 2026-08-23-6tgu-s0-n100-prep,"доля молекул с ключевой H-связью по правилам KLIFS; точный критерий Макнемара, интервал — бутстрэп разности долей"
6tgu,pose_optimization_stats,2026-08-23-6tgu-s0-n100-prep:all7-clash-w0.1:mcnemar_hbond,p_value,0.875,,2026-09-18,python scripts/pose_optimization_stats.py 2026-08-23-6tgu-s0-n100-prep,"доля молекул с ключевой H-связью по правилам KLIFS; точный критерий Макнемара, интервал — бутстрэп разности долей"
6tgu,pose_optimization_stats,2026-08-23-6tgu-s0-n100-prep:all7-clash-w0.1:mcnemar_hbond,pairs,3,,2026-09-18,python scripts/pose_optimization_stats.py 2026-08-23-6tgu-s0-n100-prep,"доля молекул с ключевой H-связью по правилам KLIFS; точный критерий Макнемара, интервал — бутстрэп разности долей"
6tgu,pose_optimization_stats,2026-08-23-6tgu-s0-n100-prep:all7-clash-w0.1:paired_min_distance,after_median,2.65565,,2026-09-18,python scripts/pose_optimization_stats.py 2026-08-23-6tgu-s0-n100-prep,"минимальное расстояние до белка; растёт и в контроле — это свойство правила отбора шагов, а не потенциала"
6tgu,pose_optimization_stats,2026-08-23-6tgu-s0-n100-prep:all7-clash-w0.1:paired_min_distance,before_median,2.7734,,2026-09-18,python scripts/pose_optimization_stats.py 2026-08-23-6tgu-s0-n100-prep,"минимальное расстояние до белка; растёт и в контроле — это свойство правила отбора шагов, а не потенциала"
6tgu,pose_optimization_stats,2026-08-23-6tgu-s0-n100-prep:all7-clash-w0.1:paired_min_distance,effect,-0.11775,,2026-09-18,python scripts/pose_optimization_stats.py 2026-08-23-6tgu-s0-n100-prep,"минимальное расстояние до белка; растёт и в контроле — это свойство правила отбора шагов, а не потенциала"
6tgu,pose_optimization_stats,2026-08-23-6tgu-s0-n100-prep:all7-clash-w0.1:paired_min_distance,p_value,0.878357,,2026-09-18,python scripts/pose_optimization_stats.py 2026-08-23-6tgu-s0-n100-prep,"минимальное расстояние до белка; растёт и в контроле — это свойство правила отбора шагов, а не потенциала"
6tgu,pose_optimization_stats,2026-08-23-6tgu-s0-n100-prep:all7-clash-w0.1:paired_min_distance,pairs,83,,2026-09-18,python scripts/pose_optimization_stats.py 2026-08-23-6tgu-s0-n100-prep,"минимальное расстояние до белка; растёт и в контроле — это свойство правила отбора шагов, а не потенциала"
6tgu,pose_optimization_stats,2026-08-23-6tgu-s0-n100-prep:all7-clash-w0.1:paired_min_distance,worsened,46,,2026-09-18,python scripts/pose_optimization_stats.py 2026-08-23-6tgu-s0-n100-prep,"минимальное расстояние до белка; растёт и в контроле — это свойство правила отбора шагов, а не потенциала"
6tgu,pose_optimization_stats,2026-08-23-6tgu-s0-n100-prep:all7-clash-w0.1:paired_score,after_median,0.823529,,2026-09-18,python scripts/pose_optimization_stats.py 2026-08-23-6tgu-s0-n100-prep,"парный Уилкоксон, односторонний; интервал — бутстрэп среднего прироста"
6tgu,pose_optimization_stats,2026-08-23-6tgu-s0-n100-prep:all7-clash-w0.1:paired_score,before_median,0.764706,,2026-09-18,python scripts/pose_optimization_stats.py 2026-08-23-6tgu-s0-n100-prep,"парный Уилкоксон, односторонний; интервал — бутстрэп среднего прироста"
6tgu,pose_optimization_stats,2026-08-23-6tgu-s0-n100-prep:all7-clash-w0.1:paired_score,ci_high,0.0984393,,2026-09-18,python scripts/pose_optimization_stats.py 2026-08-23-6tgu-s0-n100-prep,"парный Уилкоксон, односторонний; интервал — бутстрэп среднего прироста"
6tgu,pose_optimization_stats,2026-08-23-6tgu-s0-n100-prep:all7-clash-w0.1:paired_score,ci_low,0.0744298,,2026-09-18,python scripts/pose_optimization_stats.py 2026-08-23-6tgu-s0-n100-prep,"парный Уилкоксон, односторонний; интервал — бутстрэп среднего прироста"
6tgu,pose_optimization_stats,2026-08-23-6tgu-s0-n100-prep:all7-clash-w0.1:paired_score,effect,0.0864345,,2026-09-18,python scripts/pose_optimization_stats.py 2026-08-23-6tgu-s0-n100-prep,"парный Уилкоксон, односторонний; интервал — бутстрэп среднего прироста"
6tgu,pose_optimization_stats,2026-08-23-6tgu-s0-n100-prep:all7-clash-w0.1:paired_score,molecules,98,,2026-09-18,python scripts/pose_optimization_stats.py 2026-08-23-6tgu-s0-n100-prep,"парный Уилкоксон, односторонний; интервал — бутстрэп среднего прироста"
6tgu,pose_optimization_stats,2026-08-23-6tgu-s0-n100-prep:all7-clash-w0.1:paired_score,p_value,2.17889e-15,,2026-09-18,python scripts/pose_optimization_stats.py 2026-08-23-6tgu-s0-n100-prep,"парный Уилкоксон, односторонний; интервал — бутстрэп среднего прироста"
6tgu,pose_optimization_stats,2026-08-23-6tgu-s0-n100-prep:all7-clash-w0.1:paired_score,pairs,81,,2026-09-18,python scripts/pose_optimization_stats.py 2026-08-23-6tgu-s0-n100-prep,"парный Уилкоксон, односторонний; интервал — бутстрэп среднего прироста"
6tgu,pose_optimization_stats,2026-08-23-6tgu-s0-n100-prep:all7-clash-w0.1:paired_tanimoto,after_median,0.722222,,2026-09-18,python scripts/pose_optimization_stats.py 2026-08-23-6tgu-s0-n100-prep,"парный Уилкоксон, односторонний; интервал — бутстрэп среднего прироста"
6tgu,pose_optimization_stats,2026-08-23-6tgu-s0-n100-prep:all7-clash-w0.1:paired_tanimoto,before_median,0.647059,,2026-09-18,python scripts/pose_optimization_stats.py 2026-08-23-6tgu-s0-n100-prep,"парный Уилкоксон, односторонний; интервал — бутстрэп среднего прироста"
6tgu,pose_optimization_stats,2026-08-23-6tgu-s0-n100-prep:all7-clash-w0.1:paired_tanimoto,ci_high,0.120467,,2026-09-18,python scripts/pose_optimization_stats.py 2026-08-23-6tgu-s0-n100-prep,"парный Уилкоксон, односторонний; интервал — бутстрэп среднего прироста"
6tgu,pose_optimization_stats,2026-08-23-6tgu-s0-n100-prep:all7-clash-w0.1:paired_tanimoto,ci_low,0.0895671,,2026-09-18,python scripts/pose_optimization_stats.py 2026-08-23-6tgu-s0-n100-prep,"парный Уилкоксон, односторонний; интервал — бутстрэп среднего прироста"
6tgu,pose_optimization_stats,2026-08-23-6tgu-s0-n100-prep:all7-clash-w0.1:paired_tanimoto,effect,0.104976,,2026-09-18,python scripts/pose_optimization_stats.py 2026-08-23-6tgu-s0-n100-prep,"парный Уилкоксон, односторонний; интервал — бутстрэп среднего прироста"
6tgu,pose_optimization_stats,2026-08-23-6tgu-s0-n100-prep:all7-clash-w0.1:paired_tanimoto,molecules,98,,2026-09-18,python scripts/pose_optimization_stats.py 2026-08-23-6tgu-s0-n100-prep,"парный Уилкоксон, односторонний; интервал — бутстрэп среднего прироста"
6tgu,pose_optimization_stats,2026-08-23-6tgu-s0-n100-prep:all7-clash-w0.1:paired_tanimoto,p_value,2.24408e-15,,2026-09-18,python scripts/pose_optimization_stats.py 2026-08-23-6tgu-s0-n100-prep,"парный Уилкоксон, односторонний; интервал — бутстрэп среднего прироста"
6tgu,pose_optimization_stats,2026-08-23-6tgu-s0-n100-prep:all7-clash-w0.1:paired_tanimoto,pairs,84,,2026-09-18,python scripts/pose_optimization_stats.py 2026-08-23-6tgu-s0-n100-prep,"парный Уилкоксон, односторонний; интервал — бутстрэп среднего прироста"
6tgu,pose_optimization_stats,2026-08-23-6tgu-s0-n100-prep:all7-clash-w0.5:mcnemar_hbond,ci_high,0.0204082,,2026-09-18,python scripts/pose_optimization_stats.py 2026-08-23-6tgu-s0-n100-prep,"доля молекул с ключевой H-связью по правилам KLIFS; точный критерий Макнемара, интервал — бутстрэп разности долей"
6tgu,pose_optimization_stats,2026-08-23-6tgu-s0-n100-prep:all7-clash-w0.5:mcnemar_hbond,ci_low,-0.0510204,,2026-09-18,python scripts/pose_optimization_stats.py 2026-08-23-6tgu-s0-n100-prep,"доля молекул с ключевой H-связью по правилам KLIFS; точный критерий Макнемара, интервал — бутстрэп разности долей"
6tgu,pose_optimization_stats,2026-08-23-6tgu-s0-n100-prep:all7-clash-w0.5:mcnemar_hbond,effect,-0.0102041,,2026-09-18,python scripts/pose_optimization_stats.py 2026-08-23-6tgu-s0-n100-prep,"доля молекул с ключевой H-связью по правилам KLIFS; точный критерий Макнемара, интервал — бутстрэп разности долей"
6tgu,pose_optimization_stats,2026-08-23-6tgu-s0-n100-prep:all7-clash-w0.5:mcnemar_hbond,fraction_after,0.94898,,2026-09-18,python scripts/pose_optimization_stats.py 2026-08-23-6tgu-s0-n100-prep,"доля молекул с ключевой H-связью по правилам KLIFS; точный критерий Макнемара, интервал — бутстрэп разности долей"
6tgu,pose_optimization_stats,2026-08-23-6tgu-s0-n100-prep:all7-clash-w0.5:mcnemar_hbond,fraction_before,0.959184,,2026-09-18,python scripts/pose_optimization_stats.py 2026-08-23-6tgu-s0-n100-prep,"доля молекул с ключевой H-связью по правилам KLIFS; точный критерий Макнемара, интервал — бутстрэп разности долей"
6tgu,pose_optimization_stats,2026-08-23-6tgu-s0-n100-prep:all7-clash-w0.5:mcnemar_hbond,gained,1,,2026-09-18,python scripts/pose_optimization_stats.py 2026-08-23-6tgu-s0-n100-prep,"доля молекул с ключевой H-связью по правилам KLIFS; точный критерий Макнемара, интервал — бутстрэп разности долей"
6tgu,pose_optimization_stats,2026-08-23-6tgu-s0-n100-prep:all7-clash-w0.5:mcnemar_hbond,lost,2,,2026-09-18,python scripts/pose_optimization_stats.py 2026-08-23-6tgu-s0-n100-prep,"доля молекул с ключевой H-связью по правилам KLIFS; точный критерий Макнемара, интервал — бутстрэп разности долей"
6tgu,pose_optimization_stats,2026-08-23-6tgu-s0-n100-prep:all7-clash-w0.5:mcnemar_hbond,molecules,98,,2026-09-18,python scripts/pose_optimization_stats.py 2026-08-23-6tgu-s0-n100-prep,"доля молекул с ключевой H-связью по правилам KLIFS; точный критерий Макнемара, интервал — бутстрэп разности долей"
6tgu,pose_optimization_stats,2026-08-23-6tgu-s0-n100-prep:all7-clash-w0.5:mcnemar_hbond,p_value,0.875,,2026-09-18,python scripts/pose_optimization_stats.py 2026-08-23-6tgu-s0-n100-prep,"доля молекул с ключевой H-связью по правилам KLIFS; точный критерий Макнемара, интервал — бутстрэп разности долей"
6tgu,pose_optimization_stats,2026-08-23-6tgu-s0-n100-prep:all7-clash-w0.5:mcnemar_hbond,pairs,3,,2026-09-18,python scripts/pose_optimization_stats.py 2026-08-23-6tgu-s0-n100-prep,"доля молекул с ключевой H-связью по правилам KLIFS; точный критерий Макнемара, интервал — бутстрэп разности долей"
6tgu,pose_optimization_stats,2026-08-23-6tgu-s0-n100-prep:all7-clash-w0.5:paired_min_distance,after_median,2.69855,,2026-09-18,python scripts/pose_optimization_stats.py 2026-08-23-6tgu-s0-n100-prep,"минимальное расстояние до белка; растёт и в контроле — это свойство правила отбора шагов, а не потенциала"
6tgu,pose_optimization_stats,2026-08-23-6tgu-s0-n100-prep:all7-clash-w0.5:paired_min_distance,before_median,2.7734,,2026-09-18,python scripts/pose_optimization_stats.py 2026-08-23-6tgu-s0-n100-prep,"минимальное расстояние до белка; растёт и в контроле — это свойство правила отбора шагов, а не потенциала"
6tgu,pose_optimization_stats,2026-08-23-6tgu-s0-n100-prep:all7-clash-w0.5:paired_min_distance,effect,-0.07485,,2026-09-18,python scripts/pose_optimization_stats.py 2026-08-23-6tgu-s0-n100-prep,"минимальное расстояние до белка; растёт и в контроле — это свойство правила отбора шагов, а не потенциала"
6tgu,pose_optimization_stats,2026-08-23-6tgu-s0-n100-prep:all7-clash-w0.5:paired_min_distance,p_value,0.466236,,2026-09-18,python scripts/pose_optimization_stats.py 2026-08-23-6tgu-s0-n100-prep,"минимальное расстояние до белка; растёт и в контроле — это свойство правила отбора шагов, а не потенциала"
6tgu,pose_optimization_stats,2026-08-23-6tgu-s0-n100-prep:all7-clash-w0.5:paired_min_distance,pairs,84,,2026-09-18,python scripts/pose_optimization_stats.py 2026-08-23-6tgu-s0-n100-prep,"минимальное расстояние до белка; растёт и в контроле — это свойство правила отбора шагов, а не потенциала"
6tgu,pose_optimization_stats,2026-08-23-6tgu-s0-n100-prep:all7-clash-w0.5:paired_min_distance,worsened,42,,2026-09-18,python scripts/pose_optimization_stats.py 2026-08-23-6tgu-s0-n100-prep,"минимальное расстояние до белка; растёт и в контроле — это свойство правила отбора шагов, а не потенциала"
6tgu,pose_optimization_stats,2026-08-23-6tgu-s0-n100-prep:all7-clash-w0.5:paired_score,after_median,0.823529,,2026-09-18,python scripts/pose_optimization_stats.py 2026-08-23-6tgu-s0-n100-prep,"парный Уилкоксон, односторонний; интервал — бутстрэп среднего прироста"
6tgu,pose_optimization_stats,2026-08-23-6tgu-s0-n100-prep:all7-clash-w0.5:paired_score,before_median,0.764706,,2026-09-18,python scripts/pose_optimization_stats.py 2026-08-23-6tgu-s0-n100-prep,"парный Уилкоксон, односторонний; интервал — бутстрэп среднего прироста"
6tgu,pose_optimization_stats,2026-08-23-6tgu-s0-n100-prep:all7-clash-w0.5:paired_score,ci_high,0.0954381,,2026-09-18,python scripts/pose_optimization_stats.py 2026-08-23-6tgu-s0-n100-prep,"парный Уилкоксон, односторонний; интервал — бутстрэп среднего прироста"
6tgu,pose_optimization_stats,2026-08-23-6tgu-s0-n100-prep:all7-clash-w0.5:paired_score,ci_low,0.0714285,,2026-09-18,python scripts/pose_optimization_stats.py 2026-08-23-6tgu-s0-n100-prep,"парный Уилкоксон, односторонний; интервал — бутстрэп среднего прироста"
6tgu,pose_optimization_stats,2026-08-23-6tgu-s0-n100-prep:all7-clash-w0.5:paired_score,effect,0.0834333,,2026-09-18,python scripts/pose_optimization_stats.py 2026-08-23-6tgu-s0-n100-prep,"парный Уилкоксон, односторонний; интервал — бутстрэп среднего прироста"
6tgu,pose_optimization_stats,2026-08-23-6tgu-s0-n100-prep:all7-clash-w0.5:paired_score,molecules,98,,2026-09-18,python scripts/pose_optimization_stats.py 2026-08-23-6tgu-s0-n100-prep,"парный Уилкоксон, односторонний; интервал — бутстрэп среднего прироста"
6tgu,pose_optimization_stats,2026-08-23-6tgu-s0-n100-prep:all7-clash-w0.5:paired_score,p_value,5.42314e-15,,2026-09-18,python scripts/pose_optimization_stats.py 2026-08-23-6tgu-s0-n100-prep,"парный Уилкоксон, односторонний; интервал — бутстрэп среднего прироста"
6tgu,pose_optimization_stats,2026-08-23-6tgu-s0-n100-prep:all7-clash-w0.5:paired_score,pairs,81,,2026-09-18,python scripts/pose_optimization_stats.py 2026-08-23-6tgu-s0-n100-prep,"парный Уилкоксон, односторонний; интервал — бутстрэп среднего прироста"
6tgu,pose_optimization_stats,2026-08-23-6tgu-s0-n100-prep:all7-clash-w0.5:paired_tanimoto,after_median,0.729532,,2026-09-18,python scripts/pose_optimization_stats.py 2026-08-23-6tgu-s0-n100-prep,"парный Уилкоксон, односторонний; интервал — бутстрэп среднего прироста"
6tgu,pose_optimization_stats,2026-08-23-6tgu-s0-n100-prep:all7-clash-w0.5:paired_tanimoto,before_median,0.647059,,2026-09-18,python scripts/pose_optimization_stats.py 2026-08-23-6tgu-s0-n100-prep,"парный Уилкоксон, односторонний; интервал — бутстрэп среднего прироста"
6tgu,pose_optimization_stats,2026-08-23-6tgu-s0-n100-prep:all7-clash-w0.5:paired_tanimoto,ci_high,0.10382,,2026-09-18,python scripts/pose_optimization_stats.py 2026-08-23-6tgu-s0-n100-prep,"парный Уилкоксон, односторонний; интервал — бутстрэп среднего прироста"
6tgu,pose_optimization_stats,2026-08-23-6tgu-s0-n100-prep:all7-clash-w0.5:paired_tanimoto,ci_low,0.0758949,,2026-09-18,python scripts/pose_optimization_stats.py 2026-08-23-6tgu-s0-n100-prep,"парный Уилкоксон, односторонний; интервал — бутстрэп среднего прироста"
6tgu,pose_optimization_stats,2026-08-23-6tgu-s0-n100-prep:all7-clash-w0.5:paired_tanimoto,effect,0.089972,,2026-09-18,python scripts/pose_optimization_stats.py 2026-08-23-6tgu-s0-n100-prep,"парный Уилкоксон, односторонний; интервал — бутстрэп среднего прироста"
6tgu,pose_optimization_stats,2026-08-23-6tgu-s0-n100-prep:all7-clash-w0.5:paired_tanimoto,molecules,98,,2026-09-18,python scripts/pose_optimization_stats.py 2026-08-23-6tgu-s0-n100-prep,"парный Уилкоксон, односторонний; интервал — бутстрэп среднего прироста"
6tgu,pose_optimization_stats,2026-08-23-6tgu-s0-n100-prep:all7-clash-w0.5:paired_tanimoto,p_value,7.0243e-15,,2026-09-18,python scripts/pose_optimization_stats.py 2026-08-23-6tgu-s0-n100-prep,"парный Уилкоксон, односторонний; интервал — бутстрэп среднего прироста"
6tgu,pose_optimization_stats,2026-08-23-6tgu-s0-n100-prep:all7-clash-w0.5:paired_tanimoto,pairs,83,,2026-09-18,python scripts/pose_optimization_stats.py 2026-08-23-6tgu-s0-n100-prep,"парный Уилкоксон, односторонний; интервал — бутстрэп среднего прироста"
6tgu,pose_optimization_stats,2026-08-23-6tgu-s0-n100-prep:all7-clash-w2:mcnemar_hbond,ci_high,0.0510204,,2026-09-18,python scripts/pose_optimization_stats.py 2026-08-23-6tgu-s0-n100-prep,"доля молекул с ключевой H-связью по правилам KLIFS; точный критерий Макнемара, интервал — бутстрэп разности долей"
6tgu,pose_optimization_stats,2026-08-23-6tgu-s0-n100-prep:all7-clash-w2:mcnemar_hbond,ci_low,0,,2026-09-18,python scripts/pose_optimization_stats.py 2026-08-23-6tgu-s0-n100-prep,"доля молекул с ключевой H-связью по правилам KLIFS; точный критерий Макнемара, интервал — бутстрэп разности долей"
6tgu,pose_optimization_stats,2026-08-23-6tgu-s0-n100-prep:all7-clash-w2:mcnemar_hbond,effect,0.0204082,,2026-09-18,python scripts/pose_optimization_stats.py 2026-08-23-6tgu-s0-n100-prep,"доля молекул с ключевой H-связью по правилам KLIFS; точный критерий Макнемара, интервал — бутстрэп разности долей"
6tgu,pose_optimization_stats,2026-08-23-6tgu-s0-n100-prep:all7-clash-w2:mcnemar_hbond,fraction_after,0.979592,,2026-09-18,python scripts/pose_optimization_stats.py 2026-08-23-6tgu-s0-n100-prep,"доля молекул с ключевой H-связью по правилам KLIFS; точный критерий Макнемара, интервал — бутстрэп разности долей"
6tgu,pose_optimization_stats,2026-08-23-6tgu-s0-n100-prep:all7-clash-w2:mcnemar_hbond,fraction_before,0.959184,,2026-09-18,python scripts/pose_optimization_stats.py 2026-08-23-6tgu-s0-n100-prep,"доля молекул с ключевой H-связью по правилам KLIFS; точный критерий Макнемара, интервал — бутстрэп разности долей"
6tgu,pose_optimization_stats,2026-08-23-6tgu-s0-n100-prep:all7-clash-w2:mcnemar_hbond,gained,2,,2026-09-18,python scripts/pose_optimization_stats.py 2026-08-23-6tgu-s0-n100-prep,"доля молекул с ключевой H-связью по правилам KLIFS; точный критерий Макнемара, интервал — бутстрэп разности долей"
6tgu,pose_optimization_stats,2026-08-23-6tgu-s0-n100-prep:all7-clash-w2:mcnemar_hbond,lost,0,,2026-09-18,python scripts/pose_optimization_stats.py 2026-08-23-6tgu-s0-n100-prep,"доля молекул с ключевой H-связью по правилам KLIFS; точный критерий Макнемара, интервал — бутстрэп разности долей"
6tgu,pose_optimization_stats,2026-08-23-6tgu-s0-n100-prep:all7-clash-w2:mcnemar_hbond,molecules,98,,2026-09-18,python scripts/pose_optimization_stats.py 2026-08-23-6tgu-s0-n100-prep,"доля молекул с ключевой H-связью по правилам KLIFS; точный критерий Макнемара, интервал — бутстрэп разности долей"
6tgu,pose_optimization_stats,2026-08-23-6tgu-s0-n100-prep:all7-clash-w2:mcnemar_hbond,p_value,0.25,,2026-09-18,python scripts/pose_optimization_stats.py 2026-08-23-6tgu-s0-n100-prep,"доля молекул с ключевой H-связью по правилам KLIFS; точный критерий Макнемара, интервал — бутстрэп разности долей"
6tgu,pose_optimization_stats,2026-08-23-6tgu-s0-n100-prep:all7-clash-w2:mcnemar_hbond,pairs,2,,2026-09-18,python scripts/pose_optimization_stats.py 2026-08-23-6tgu-s0-n100-prep,"доля молекул с ключевой H-связью по правилам KLIFS; точный критерий Макнемара, интервал — бутстрэп разности долей"
6tgu,pose_optimization_stats,2026-08-23-6tgu-s0-n100-prep:all7-clash-w2:paired_min_distance,after_median,2.66285,,2026-09-18,python scripts/pose_optimization_stats.py 2026-08-23-6tgu-s0-n100-prep,"минимальное расстояние до белка; растёт и в контроле — это свойство правила отбора шагов, а не потенциала"
6tgu,pose_optimization_stats,2026-08-23-6tgu-s0-n100-prep:all7-clash-w2:paired_min_distance,before_median,2.7734,,2026-09-18,python scripts/pose_optimization_stats.py 2026-08-23-6tgu-s0-n100-prep,"минимальное расстояние до белка; растёт и в контроле — это свойство правила отбора шагов, а не потенциала"
6tgu,pose_optimization_stats,2026-08-23-6tgu-s0-n100-prep:all7-clash-w2:paired_min_distance,effect,-0.11055,,2026-09-18,python scripts/pose_optimization_stats.py 2026-08-23-6tgu-s0-n100-prep,"минимальное расстояние до белка; растёт и в контроле — это свойство правила отбора шагов, а не потенциала"
6tgu,pose_optimization_stats,2026-08-23-6tgu-s0-n100-prep:all7-clash-w2:paired_min_distance,p_value,0.792735,,2026-09-18,python scripts/pose_optimization_stats.py 2026-08-23-6tgu-s0-n100-prep,"минимальное расстояние до белка; растёт и в контроле — это свойство правила отбора шагов, а не потенциала"
6tgu,pose_optimization_stats,2026-08-23-6tgu-s0-n100-prep:all7-clash-w2:paired_min_distance,pairs,82,,2026-09-18,python scripts/pose_optimization_stats.py 2026-08-23-6tgu-s0-n100-prep,"минимальное расстояние до белка; растёт и в контроле — это свойство правила отбора шагов, а не потенциала"
6tgu,pose_optimization_stats,2026-08-23-6tgu-s0-n100-prep:all7-clash-w2:paired_min_distance,worsened,51,,2026-09-18,python scripts/pose_optimization_stats.py 2026-08-23-6tgu-s0-n100-prep,"минимальное расстояние до белка; растёт и в контроле — это свойство правила отбора шагов, а не потенциала"
6tgu,pose_optimization_stats,2026-08-23-6tgu-s0-n100-prep:all7-clash-w2:paired_score,after_median,0.823529,,2026-09-18,python scripts/pose_optimization_stats.py 2026-08-23-6tgu-s0-n100-prep,"парный Уилкоксон, односторонний; интервал — бутстрэп среднего прироста"
6tgu,pose_optimization_stats,2026-08-23-6tgu-s0-n100-prep:all7-clash-w2:paired_score,before_median,0.764706,,2026-09-18,python scripts/pose_optimization_stats.py 2026-08-23-6tgu-s0-n100-prep,"парный Уилкоксон, односторонний; интервал — бутстрэп среднего прироста"
6tgu,pose_optimization_stats,2026-08-23-6tgu-s0-n100-prep:all7-clash-w2:paired_score,ci_high,0.0942376,,2026-09-18,python scripts/pose_optimization_stats.py 2026-08-23-6tgu-s0-n100-prep,"парный Уилкоксон, односторонний; интервал — бутстрэп среднего прироста"
6tgu,pose_optimization_stats,2026-08-23-6tgu-s0-n100-prep:all7-clash-w2:paired_score,ci_low,0.0702281,,2026-09-18,python scripts/pose_optimization_stats.py 2026-08-23-6tgu-s0-n100-prep,"парный Уилкоксон, односторонний; интервал — бутстрэп среднего прироста"
6tgu,pose_optimization_stats,2026-08-23-6tgu-s0-n100-prep:all7-clash-w2:paired_score,effect,0.0822328,,2026-09-18,python scripts/pose_optimization_stats.py 2026-08-23-6tgu-s0-n100-prep,"парный Уилкоксон, односторонний; интервал — бутстрэп среднего прироста"
6tgu,pose_optimization_stats,2026-08-23-6tgu-s0-n100-prep:all7-clash-w2:paired_score,molecules,98,,2026-09-18,python scripts/pose_optimization_stats.py 2026-08-23-6tgu-s0-n100-prep,"парный Уилкоксон, односторонний; интервал — бутстрэп среднего прироста"
6tgu,pose_optimization_stats,2026-08-23-6tgu-s0-n100-prep:all7-clash-w2:paired_score,p_value,6.67777e-15,,2026-09-18,python scripts/pose_optimization_stats.py 2026-08-23-6tgu-s0-n100-prep,"парный Уилкоксон, односторонний; интервал — бутстрэп среднего прироста"
6tgu,pose_optimization_stats,2026-08-23-6tgu-s0-n100-prep:all7-clash-w2:paired_score,pairs,78,,2026-09-18,python scripts/pose_optimization_stats.py 2026-08-23-6tgu-s0-n100-prep,"парный Уилкоксон, односторонний; интервал — бутстрэп среднего прироста"
6tgu,pose_optimization_stats,2026-08-23-6tgu-s0-n100-prep:all7-clash-w2:paired_tanimoto,after_median,0.722222,,2026-09-18,python scripts/pose_optimization_stats.py 2026-08-23-6tgu-s0-n100-prep,"парный Уилкоксон, односторонний; интервал — бутстрэп среднего прироста"
6tgu,pose_optimization_stats,2026-08-23-6tgu-s0-n100-prep:all7-clash-w2:paired_tanimoto,before_median,0.647059,,2026-09-18,python scripts/pose_optimization_stats.py 2026-08-23-6tgu-s0-n100-prep,"парный Уилкоксон, односторонний; интервал — бутстрэп среднего прироста"
6tgu,pose_optimization_stats,2026-08-23-6tgu-s0-n100-prep:all7-clash-w2:paired_tanimoto,ci_high,0.101153,,2026-09-18,python scripts/pose_optimization_stats.py 2026-08-23-6tgu-s0-n100-prep,"парный Уилкоксон, односторонний; интервал — бутстрэп среднего прироста"
6tgu,pose_optimization_stats,2026-08-23-6tgu-s0-n100-prep:all7-clash-w2:paired_tanimoto,ci_low,0.0717804,,2026-09-18,python scripts/pose_optimization_stats.py 2026-08-23-6tgu-s0-n100-prep,"парный Уилкоксон, односторонний; интервал — бутстрэп среднего прироста"
6tgu,pose_optimization_stats,2026-08-23-6tgu-s0-n100-prep:all7-clash-w2:paired_tanimoto,effect,0.0862475,,2026-09-18,python scripts/pose_optimization_stats.py 2026-08-23-6tgu-s0-n100-prep,"парный Уилкоксон, односторонний; интервал — бутстрэп среднего прироста"
6tgu,pose_optimization_stats,2026-08-23-6tgu-s0-n100-prep:all7-clash-w2:paired_tanimoto,molecules,98,,2026-09-18,python scripts/pose_optimization_stats.py 2026-08-23-6tgu-s0-n100-prep,"парный Уилкоксон, односторонний; интервал — бутстрэп среднего прироста"
6tgu,pose_optimization_stats,2026-08-23-6tgu-s0-n100-prep:all7-clash-w2:paired_tanimoto,p_value,7.59598e-15,,2026-09-18,python scripts/pose_optimization_stats.py 2026-08-23-6tgu-s0-n100-prep,"парный Уилкоксон, односторонний; интервал — бутстрэп среднего прироста"
6tgu,pose_optimization_stats,2026-08-23-6tgu-s0-n100-prep:all7-clash-w2:paired_tanimoto,pairs,82,,2026-09-18,python scripts/pose_optimization_stats.py 2026-08-23-6tgu-s0-n100-prep,"парный Уилкоксон, односторонний; интервал — бутстрэп среднего прироста"
6tgu,pose_optimization_stats,2026-08-23-6tgu-s0-n100-prep:all7-clash:binomial_improved,effect,0.816327,,2026-09-18,python scripts/pose_optimization_stats.py 2026-08-23-6tgu-s0-n100-prep,доля улучшившихся против контроля all7-control-clash; точный биномиальный тест
6tgu,pose_optimization_stats,2026-08-23-6tgu-s0-n100-prep:all7-clash:binomial_improved,improved,80,,2026-09-18,python scripts/pose_optimization_stats.py 2026-08-23-6tgu-s0-n100-prep,доля улучшившихся против контроля all7-control-clash; точный биномиальный тест
6tgu,pose_optimization_stats,2026-08-23-6tgu-s0-n100-prep:all7-clash:binomial_improved,improved_control,8,,2026-09-18,python scripts/pose_optimization_stats.py 2026-08-23-6tgu-s0-n100-prep,доля улучшившихся против контроля all7-control-clash; точный биномиальный тест
6tgu,pose_optimization_stats,2026-08-23-6tgu-s0-n100-prep:all7-clash:binomial_improved,molecules_control,98,,2026-09-18,python scripts/pose_optimization_stats.py 2026-08-23-6tgu-s0-n100-prep,доля улучшившихся против контроля all7-control-clash; точный биномиальный тест
6tgu,pose_optimization_stats,2026-08-23-6tgu-s0-n100-prep:all7-clash:binomial_improved,p_value,4.03052e-69,,2026-09-18,python scripts/pose_optimization_stats.py 2026-08-23-6tgu-s0-n100-prep,доля улучшившихся против контроля all7-control-clash; точный биномиальный тест
6tgu,pose_optimization_stats,2026-08-23-6tgu-s0-n100-prep:all7-clash:binomial_improved,pairs,98,,2026-09-18,python scripts/pose_optimization_stats.py 2026-08-23-6tgu-s0-n100-prep,доля улучшившихся против контроля all7-control-clash; точный биномиальный тест
6tgu,pose_optimization_stats,2026-08-23-6tgu-s0-n100-prep:all7-clash:mcnemar_hbond,ci_high,0.0204082,,2026-09-18,python scripts/pose_optimization_stats.py 2026-08-23-6tgu-s0-n100-prep,"доля молекул с ключевой H-связью по правилам KLIFS; точный критерий Макнемара, интервал — бутстрэп разности долей"
6tgu,pose_optimization_stats,2026-08-23-6tgu-s0-n100-prep:all7-clash:mcnemar_hbond,ci_low,-0.0510204,,2026-09-18,python scripts/pose_optimization_stats.py 2026-08-23-6tgu-s0-n100-prep,"доля молекул с ключевой H-связью по правилам KLIFS; точный критерий Макнемара, интервал — бутстрэп разности долей"
6tgu,pose_optimization_stats,2026-08-23-6tgu-s0-n100-prep:all7-clash:mcnemar_hbond,effect,-0.0102041,,2026-09-18,python scripts/pose_optimization_stats.py 2026-08-23-6tgu-s0-n100-prep,"доля молекул с ключевой H-связью по правилам KLIFS; точный критерий Макнемара, интервал — бутстрэп разности долей"
6tgu,pose_optimization_stats,2026-08-23-6tgu-s0-n100-prep:all7-clash:mcnemar_hbond,fraction_after,0.94898,,2026-09-18,python scripts/pose_optimization_stats.py 2026-08-23-6tgu-s0-n100-prep,"доля молекул с ключевой H-связью по правилам KLIFS; точный критерий Макнемара, интервал — бутстрэп разности долей"
6tgu,pose_optimization_stats,2026-08-23-6tgu-s0-n100-prep:all7-clash:mcnemar_hbond,fraction_before,0.959184,,2026-09-18,python scripts/pose_optimization_stats.py 2026-08-23-6tgu-s0-n100-prep,"доля молекул с ключевой H-связью по правилам KLIFS; точный критерий Макнемара, интервал — бутстрэп разности долей"
6tgu,pose_optimization_stats,2026-08-23-6tgu-s0-n100-prep:all7-clash:mcnemar_hbond,gained,1,,2026-09-18,python scripts/pose_optimization_stats.py 2026-08-23-6tgu-s0-n100-prep,"доля молекул с ключевой H-связью по правилам KLIFS; точный критерий Макнемара, интервал — бутстрэп разности долей"
6tgu,pose_optimization_stats,2026-08-23-6tgu-s0-n100-prep:all7-clash:mcnemar_hbond,lost,2,,2026-09-18,python scripts/pose_optimization_stats.py 2026-08-23-6tgu-s0-n100-prep,"доля молекул с ключевой H-связью по правилам KLIFS; точный критерий Макнемара, интервал — бутстрэп разности долей"
6tgu,pose_optimization_stats,2026-08-23-6tgu-s0-n100-prep:all7-clash:mcnemar_hbond,molecules,98,,2026-09-18,python scripts/pose_optimization_stats.py 2026-08-23-6tgu-s0-n100-prep,"доля молекул с ключевой H-связью по правилам KLIFS; точный критерий Макнемара, интервал — бутстрэп разности долей"
6tgu,pose_optimization_stats,2026-08-23-6tgu-s0-n100-prep:all7-clash:mcnemar_hbond,p_value,0.875,,2026-09-18,python scripts/pose_optimization_stats.py 2026-08-23-6tgu-s0-n100-prep,"доля молекул с ключевой H-связью по правилам KLIFS; точный критерий Макнемара, интервал — бутстрэп разности долей"
6tgu,pose_optimization_stats,2026-08-23-6tgu-s0-n100-prep:all7-clash:mcnemar_hbond,pairs,3,,2026-09-18,python scripts/pose_optimization_stats.py 2026-08-23-6tgu-s0-n100-prep,"доля молекул с ключевой H-связью по правилам KLIFS; точный критерий Макнемара, интервал — бутстрэп разности долей"
6tgu,pose_optimization_stats,2026-08-23-6tgu-s0-n100-prep:all7-clash:paired_min_distance,after_median,2.69855,,2026-09-18,python scripts/pose_optimization_stats.py 2026-08-23-6tgu-s0-n100-prep,"минимальное расстояние до белка; растёт и в контроле — это свойство правила отбора шагов, а не потенциала"
6tgu,pose_optimization_stats,2026-08-23-6tgu-s0-n100-prep:all7-clash:paired_min_distance,before_median,2.7734,,2026-09-18,python scripts/pose_optimization_stats.py 2026-08-23-6tgu-s0-n100-prep,"минимальное расстояние до белка; растёт и в контроле — это свойство правила отбора шагов, а не потенциала"
6tgu,pose_optimization_stats,2026-08-23-6tgu-s0-n100-prep:all7-clash:paired_min_distance,effect,-0.07485,,2026-09-18,python scripts/pose_optimization_stats.py 2026-08-23-6tgu-s0-n100-prep,"минимальное расстояние до белка; растёт и в контроле — это свойство правила отбора шагов, а не потенциала"
6tgu,pose_optimization_stats,2026-08-23-6tgu-s0-n100-prep:all7-clash:paired_min_distance,p_value,0.466236,,2026-09-18,python scripts/pose_optimization_stats.py 2026-08-23-6tgu-s0-n100-prep,"минимальное расстояние до белка; растёт и в контроле — это свойство правила отбора шагов, а не потенциала"
6tgu,pose_optimization_stats,2026-08-23-6tgu-s0-n100-prep:all7-clash:paired_min_distance,pairs,84,,2026-09-18,python scripts/pose_optimization_stats.py 2026-08-23-6tgu-s0-n100-prep,"минимальное расстояние до белка; растёт и в контроле — это свойство правила отбора шагов, а не потенциала"
6tgu,pose_optimization_stats,2026-08-23-6tgu-s0-n100-prep:all7-clash:paired_min_distance,worsened,42,,2026-09-18,python scripts/pose_optimization_stats.py 2026-08-23-6tgu-s0-n100-prep,"минимальное расстояние до белка; растёт и в контроле — это свойство правила отбора шагов, а не потенциала"
6tgu,pose_optimization_stats,2026-08-23-6tgu-s0-n100-prep:all7-clash:paired_score,after_median,0.823529,,2026-09-18,python scripts/pose_optimization_stats.py 2026-08-23-6tgu-s0-n100-prep,"парный Уилкоксон, односторонний; интервал — бутстрэп среднего прироста"
6tgu,pose_optimization_stats,2026-08-23-6tgu-s0-n100-prep:all7-clash:paired_score,before_median,0.764706,,2026-09-18,python scripts/pose_optimization_stats.py 2026-08-23-6tgu-s0-n100-prep,"парный Уилкоксон, односторонний; интервал — бутстрэп среднего прироста"
6tgu,pose_optimization_stats,2026-08-23-6tgu-s0-n100-prep:all7-clash:paired_score,ci_high,0.0954381,,2026-09-18,python scripts/pose_optimization_stats.py 2026-08-23-6tgu-s0-n100-prep,"парный Уилкоксон, односторонний; интервал — бутстрэп среднего прироста"
6tgu,pose_optimization_stats,2026-08-23-6tgu-s0-n100-prep:all7-clash:paired_score,ci_low,0.0714285,,2026-09-18,python scripts/pose_optimization_stats.py 2026-08-23-6tgu-s0-n100-prep,"парный Уилкоксон, односторонний; интервал — бутстрэп среднего прироста"
6tgu,pose_optimization_stats,2026-08-23-6tgu-s0-n100-prep:all7-clash:paired_score,effect,0.0834333,,2026-09-18,python scripts/pose_optimization_stats.py 2026-08-23-6tgu-s0-n100-prep,"парный Уилкоксон, односторонний; интервал — бутстрэп среднего прироста"
6tgu,pose_optimization_stats,2026-08-23-6tgu-s0-n100-prep:all7-clash:paired_score,molecules,98,,2026-09-18,python scripts/pose_optimization_stats.py 2026-08-23-6tgu-s0-n100-prep,"парный Уилкоксон, односторонний; интервал — бутстрэп среднего прироста"
6tgu,pose_optimization_stats,2026-08-23-6tgu-s0-n100-prep:all7-clash:paired_score,p_value,5.42314e-15,,2026-09-18,python scripts/pose_optimization_stats.py 2026-08-23-6tgu-s0-n100-prep,"парный Уилкоксон, односторонний; интервал — бутстрэп среднего прироста"
6tgu,pose_optimization_stats,2026-08-23-6tgu-s0-n100-prep:all7-clash:paired_score,pairs,81,,2026-09-18,python scripts/pose_optimization_stats.py 2026-08-23-6tgu-s0-n100-prep,"парный Уилкоксон, односторонний; интервал — бутстрэп среднего прироста"
6tgu,pose_optimization_stats,2026-08-23-6tgu-s0-n100-prep:all7-clash:paired_tanimoto,after_median,0.729532,,2026-09-18,python scripts/pose_optimization_stats.py 2026-08-23-6tgu-s0-n100-prep,"парный Уилкоксон, односторонний; интервал — бутстрэп среднего прироста"
6tgu,pose_optimization_stats,2026-08-23-6tgu-s0-n100-prep:all7-clash:paired_tanimoto,before_median,0.647059,,2026-09-18,python scripts/pose_optimization_stats.py 2026-08-23-6tgu-s0-n100-prep,"парный Уилкоксон, односторонний; интервал — бутстрэп среднего прироста"
6tgu,pose_optimization_stats,2026-08-23-6tgu-s0-n100-prep:all7-clash:paired_tanimoto,ci_high,0.10382,,2026-09-18,python scripts/pose_optimization_stats.py 2026-08-23-6tgu-s0-n100-prep,"парный Уилкоксон, односторонний; интервал — бутстрэп среднего прироста"
6tgu,pose_optimization_stats,2026-08-23-6tgu-s0-n100-prep:all7-clash:paired_tanimoto,ci_low,0.0758949,,2026-09-18,python scripts/pose_optimization_stats.py 2026-08-23-6tgu-s0-n100-prep,"парный Уилкоксон, односторонний; интервал — бутстрэп среднего прироста"
6tgu,pose_optimization_stats,2026-08-23-6tgu-s0-n100-prep:all7-clash:paired_tanimoto,effect,0.089972,,2026-09-18,python scripts/pose_optimization_stats.py 2026-08-23-6tgu-s0-n100-prep,"парный Уилкоксон, односторонний; интервал — бутстрэп среднего прироста"
6tgu,pose_optimization_stats,2026-08-23-6tgu-s0-n100-prep:all7-clash:paired_tanimoto,molecules,98,,2026-09-18,python scripts/pose_optimization_stats.py 2026-08-23-6tgu-s0-n100-prep,"парный Уилкоксон, односторонний; интервал — бутстрэп среднего прироста"
6tgu,pose_optimization_stats,2026-08-23-6tgu-s0-n100-prep:all7-clash:paired_tanimoto,p_value,7.0243e-15,,2026-09-18,python scripts/pose_optimization_stats.py 2026-08-23-6tgu-s0-n100-prep,"парный Уилкоксон, односторонний; интервал — бутстрэп среднего прироста"
6tgu,pose_optimization_stats,2026-08-23-6tgu-s0-n100-prep:all7-clash:paired_tanimoto,pairs,83,,2026-09-18,python scripts/pose_optimization_stats.py 2026-08-23-6tgu-s0-n100-prep,"парный Уилкоксон, односторонний; интервал — бутстрэп среднего прироста"
6tgu,pose_optimization_stats,2026-08-23-6tgu-s0-n100-prep:all7-clash:permutation_tanimoto,ci_high,0.162648,,2026-09-18,python scripts/pose_optimization_stats.py 2026-08-23-6tgu-s0-n100-prep,перестановочный тест против контроля all7-control-clash; знак меняется внутри пары
6tgu,pose_optimization_stats,2026-08-23-6tgu-s0-n100-prep:all7-clash:permutation_tanimoto,ci_low,0.126972,,2026-09-18,python scripts/pose_optimization_stats.py 2026-08-23-6tgu-s0-n100-prep,перестановочный тест против контроля all7-control-clash; знак меняется внутри пары
6tgu,pose_optimization_stats,2026-08-23-6tgu-s0-n100-prep:all7-clash:permutation_tanimoto,effect,0.145075,,2026-09-18,python scripts/pose_optimization_stats.py 2026-08-23-6tgu-s0-n100-prep,перестановочный тест против контроля all7-control-clash; знак меняется внутри пары
6tgu,pose_optimization_stats,2026-08-23-6tgu-s0-n100-prep:all7-clash:permutation_tanimoto,p_value,5e-05,,2026-09-18,python scripts/pose_optimization_stats.py 2026-08-23-6tgu-s0-n100-prep,перестановочный тест против контроля all7-control-clash; знак меняется внутри пары
6tgu,pose_optimization_stats,2026-08-23-6tgu-s0-n100-prep:all7-clash:permutation_tanimoto,pairs,98,,2026-09-18,python scripts/pose_optimization_stats.py 2026-08-23-6tgu-s0-n100-prep,перестановочный тест против контроля all7-control-clash; знак меняется внутри пары
6tgu,pose_optimization_stats,2026-08-23-6tgu-s0-n100-prep:all7-clash:permutation_tanimoto,permutations,20000,,2026-09-18,python scripts/pose_optimization_stats.py 2026-08-23-6tgu-s0-n100-prep,перестановочный тест против контроля all7-control-clash; знак меняется внутри пары
6tgu,pose_optimization_stats,2026-08-23-6tgu-s0-n100-prep:all7-control-clash:mcnemar_hbond,ci_high,-0.0102041,,2026-09-18,python scripts/pose_optimization_stats.py 2026-08-23-6tgu-s0-n100-prep,"доля молекул с ключевой H-связью по правилам KLIFS; точный критерий Макнемара, интервал — бутстрэп разности долей"
6tgu,pose_optimization_stats,2026-08-23-6tgu-s0-n100-prep:all7-control-clash:mcnemar_hbond,ci_low,-0.102041,,2026-09-18,python scripts/pose_optimization_stats.py 2026-08-23-6tgu-s0-n100-prep,"доля молекул с ключевой H-связью по правилам KLIFS; точный критерий Макнемара, интервал — бутстрэп разности долей"
6tgu,pose_optimization_stats,2026-08-23-6tgu-s0-n100-prep:all7-control-clash:mcnemar_hbond,effect,-0.0510204,,2026-09-18,python scripts/pose_optimization_stats.py 2026-08-23-6tgu-s0-n100-prep,"доля молекул с ключевой H-связью по правилам KLIFS; точный критерий Макнемара, интервал — бутстрэп разности долей"
6tgu,pose_optimization_stats,2026-08-23-6tgu-s0-n100-prep:all7-control-clash:mcnemar_hbond,fraction_after,0.908163,,2026-09-18,python scripts/pose_optimization_stats.py 2026-08-23-6tgu-s0-n100-prep,"доля молекул с ключевой H-связью по правилам KLIFS; точный критерий Макнемара, интервал — бутстрэп разности долей"
6tgu,pose_optimization_stats,2026-08-23-6tgu-s0-n100-prep:all7-control-clash:mcnemar_hbond,fraction_before,0.959184,,2026-09-18,python scripts/pose_optimization_stats.py 2026-08-23-6tgu-s0-n100-prep,"доля молекул с ключевой H-связью по правилам KLIFS; точный критерий Макнемара, интервал — бутстрэп разности долей"
6tgu,pose_optimization_stats,2026-08-23-6tgu-s0-n100-prep:all7-control-clash:mcnemar_hbond,gained,0,,2026-09-18,python scripts/pose_optimization_stats.py 2026-08-23-6tgu-s0-n100-prep,"доля молекул с ключевой H-связью по правилам KLIFS; точный критерий Макнемара, интервал — бутстрэп разности долей"
6tgu,pose_optimization_stats,2026-08-23-6tgu-s0-n100-prep:all7-control-clash:mcnemar_hbond,lost,5,,2026-09-18,python scripts/pose_optimization_stats.py 2026-08-23-6tgu-s0-n100-prep,"доля молекул с ключевой H-связью по правилам KLIFS; точный критерий Макнемара, интервал — бутстрэп разности долей"
6tgu,pose_optimization_stats,2026-08-23-6tgu-s0-n100-prep:all7-control-clash:mcnemar_hbond,molecules,98,,2026-09-18,python scripts/pose_optimization_stats.py 2026-08-23-6tgu-s0-n100-prep,"доля молекул с ключевой H-связью по правилам KLIFS; точный критерий Макнемара, интервал — бутстрэп разности долей"
6tgu,pose_optimization_stats,2026-08-23-6tgu-s0-n100-prep:all7-control-clash:mcnemar_hbond,p_value,1,,2026-09-18,python scripts/pose_optimization_stats.py 2026-08-23-6tgu-s0-n100-prep,"доля молекул с ключевой H-связью по правилам KLIFS; точный критерий Макнемара, интервал — бутстрэп разности долей"
6tgu,pose_optimization_stats,2026-08-23-6tgu-s0-n100-prep:all7-control-clash:mcnemar_hbond,pairs,5,,2026-09-18,python scripts/pose_optimization_stats.py 2026-08-23-6tgu-s0-n100-prep,"доля молекул с ключевой H-связью по правилам KLIFS; точный критерий Макнемара, интервал — бутстрэп разности долей"
6tgu,pose_optimization_stats,2026-08-23-6tgu-s0-n100-prep:all7-control-clash:paired_min_distance,after_median,2.6352,,2026-09-18,python scripts/pose_optimization_stats.py 2026-08-23-6tgu-s0-n100-prep,"минимальное расстояние до белка; растёт и в контроле — это свойство правила отбора шагов, а не потенциала"
6tgu,pose_optimization_stats,2026-08-23-6tgu-s0-n100-prep:all7-control-clash:paired_min_distance,before_median,2.7734,,2026-09-18,python scripts/pose_optimization_stats.py 2026-08-23-6tgu-s0-n100-prep,"минимальное расстояние до белка; растёт и в контроле — это свойство правила отбора шагов, а не потенциала"
6tgu,pose_optimization_stats,2026-08-23-6tgu-s0-n100-prep:all7-control-clash:paired_min_distance,effect,-0.1382,,2026-09-18,python scripts/pose_optimization_stats.py 2026-08-23-6tgu-s0-n100-prep,"минимальное расстояние до белка; растёт и в контроле — это свойство правила отбора шагов, а не потенциала"
6tgu,pose_optimization_stats,2026-08-23-6tgu-s0-n100-prep:all7-control-clash:paired_min_distance,p_value,0.918604,,2026-09-18,python scripts/pose_optimization_stats.py 2026-08-23-6tgu-s0-n100-prep,"минимальное расстояние до белка; растёт и в контроле — это свойство правила отбора шагов, а не потенциала"
6tgu,pose_optimization_stats,2026-08-23-6tgu-s0-n100-prep:all7-control-clash:paired_min_distance,pairs,70,,2026-09-18,python scripts/pose_optimization_stats.py 2026-08-23-6tgu-s0-n100-prep,"минимальное расстояние до белка; растёт и в контроле — это свойство правила отбора шагов, а не потенциала"
6tgu,pose_optimization_stats,2026-08-23-6tgu-s0-n100-prep:all7-control-clash:paired_min_distance,worsened,40,,2026-09-18,python scripts/pose_optimization_stats.py 2026-08-23-6tgu-s0-n100-prep,"минимальное расстояние до белка; растёт и в контроле — это свойство правила отбора шагов, а не потенциала"
6tgu,pose_optimization_stats,2026-08-23-6tgu-s0-n100-prep:all7-control-clash:paired_score,after_median,0.705882,,2026-09-18,python scripts/pose_optimization_stats.py 2026-08-23-6tgu-s0-n100-prep,"парный Уилкоксон, односторонний; интервал — бутстрэп среднего прироста"
6tgu,pose_optimization_stats,2026-08-23-6tgu-s0-n100-prep:all7-control-clash:paired_score,before_median,0.764706,,2026-09-18,python scripts/pose_optimization_stats.py 2026-08-23-6tgu-s0-n100-prep,"парный Уилкоксон, односторонний; интервал — бутстрэп среднего прироста"
6tgu,pose_optimization_stats,2026-08-23-6tgu-s0-n100-prep:all7-control-clash:paired_score,ci_high,-0.0234094,,2026-09-18,python scripts/pose_optimization_stats.py 2026-08-23-6tgu-s0-n100-prep,"парный Уилкоксон, односторонний; интервал — бутстрэп среднего прироста"
6tgu,pose_optimization_stats,2026-08-23-6tgu-s0-n100-prep:all7-control-clash:paired_score,ci_low,-0.0468187,,2026-09-18,python scripts/pose_optimization_stats.py 2026-08-23-6tgu-s0-n100-prep,"парный Уилкоксон, односторонний; интервал — бутстрэп среднего прироста"
6tgu,pose_optimization_stats,2026-08-23-6tgu-s0-n100-prep:all7-control-clash:paired_score,effect,-0.0348139,,2026-09-18,python scripts/pose_optimization_stats.py 2026-08-23-6tgu-s0-n100-prep,"парный Уилкоксон, односторонний; интервал — бутстрэп среднего прироста"
6tgu,pose_optimization_stats,2026-08-23-6tgu-s0-n100-prep:all7-control-clash:paired_score,molecules,98,,2026-09-18,python scripts/pose_optimization_stats.py 2026-08-23-6tgu-s0-n100-prep,"парный Уилкоксон, односторонний; интервал — бутстрэп среднего прироста"
6tgu,pose_optimization_stats,2026-08-23-6tgu-s0-n100-prep:all7-control-clash:paired_score,p_value,0.999999,,2026-09-18,python scripts/pose_optimization_stats.py 2026-08-23-6tgu-s0-n100-prep,"парный Уилкоксон, односторонний; интервал — бутстрэп среднего прироста"
6tgu,pose_optimization_stats,2026-08-23-6tgu-s0-n100-prep:all7-control-clash:paired_score,pairs,51,,2026-09-18,python scripts/pose_optimization_stats.py 2026-08-23-6tgu-s0-n100-prep,"парный Уилкоксон, односторонний; интервал — бутстрэп среднего прироста"
6tgu,pose_optimization_stats,2026-08-23-6tgu-s0-n100-prep:all7-control-clash:paired_tanimoto,after_median,0.583591,,2026-09-18,python scripts/pose_optimization_stats.py 2026-08-23-6tgu-s0-n100-prep,"парный Уилкоксон, односторонний; интервал — бутстрэп среднего прироста"
6tgu,pose_optimization_stats,2026-08-23-6tgu-s0-n100-prep:all7-control-clash:paired_tanimoto,before_median,0.647059,,2026-09-18,python scripts/pose_optimization_stats.py 2026-08-23-6tgu-s0-n100-prep,"парный Уилкоксон, односторонний; интервал — бутстрэп среднего прироста"
6tgu,pose_optimization_stats,2026-08-23-6tgu-s0-n100-prep:all7-control-clash:paired_tanimoto,ci_high,-0.0407854,,2026-09-18,python scripts/pose_optimization_stats.py 2026-08-23-6tgu-s0-n100-prep,"парный Уилкоксон, односторонний; интервал — бутстрэп среднего прироста"
6tgu,pose_optimization_stats,2026-08-23-6tgu-s0-n100-prep:all7-control-clash:paired_tanimoto,ci_low,-0.0700596,,2026-09-18,python scripts/pose_optimization_stats.py 2026-08-23-6tgu-s0-n100-prep,"парный Уилкоксон, односторонний; интервал — бутстрэп среднего прироста"
6tgu,pose_optimization_stats,2026-08-23-6tgu-s0-n100-prep:all7-control-clash:paired_tanimoto,effect,-0.055103,,2026-09-18,python scripts/pose_optimization_stats.py 2026-08-23-6tgu-s0-n100-prep,"парный Уилкоксон, односторонний; интервал — бутстрэп среднего прироста"
6tgu,pose_optimization_stats,2026-08-23-6tgu-s0-n100-prep:all7-control-clash:paired_tanimoto,molecules,98,,2026-09-18,python scripts/pose_optimization_stats.py 2026-08-23-6tgu-s0-n100-prep,"парный Уилкоксон, односторонний; интервал — бутстрэп среднего прироста"
6tgu,pose_optimization_stats,2026-08-23-6tgu-s0-n100-prep:all7-control-clash:paired_tanimoto,p_value,1,,2026-09-18,python scripts/pose_optimization_stats.py 2026-08-23-6tgu-s0-n100-prep,"парный Уилкоксон, односторонний; интервал — бутстрэп среднего прироста"
6tgu,pose_optimization_stats,2026-08-23-6tgu-s0-n100-prep:all7-control-clash:paired_tanimoto,pairs,64,,2026-09-18,python scripts/pose_optimization_stats.py 2026-08-23-6tgu-s0-n100-prep,"парный Уилкоксон, односторонний; интервал — бутстрэп среднего прироста"
6tgu,pose_optimization_stats,2026-08-23-6tgu-s0-n100-prep:all7-control:mcnemar_hbond,ci_high,0,,2026-09-18,python scripts/pose_optimization_stats.py 2026-08-23-6tgu-s0-n100-prep,"доля молекул с ключевой H-связью по правилам KLIFS; точный критерий Макнемара, интервал — бутстрэп разности долей"
6tgu,pose_optimization_stats,2026-08-23-6tgu-s0-n100-prep:all7-control:mcnemar_hbond,ci_low,-0.0510204,,2026-09-18,python scripts/pose_optimization_stats.py 2026-08-23-6tgu-s0-n100-prep,"доля молекул с ключевой H-связью по правилам KLIFS; точный критерий Макнемара, интервал — бутстрэп разности долей"
6tgu,pose_optimization_stats,2026-08-23-6tgu-s0-n100-prep:all7-control:mcnemar_hbond,effect,-0.0204082,,2026-09-18,python scripts/pose_optimization_stats.py 2026-08-23-6tgu-s0-n100-prep,"доля молекул с ключевой H-связью по правилам KLIFS; точный критерий Макнемара, интервал — бутстрэп разности долей"
6tgu,pose_optimization_stats,2026-08-23-6tgu-s0-n100-prep:all7-control:mcnemar_hbond,fraction_after,0.938776,,2026-09-18,python scripts/pose_optimization_stats.py 2026-08-23-6tgu-s0-n100-prep,"доля молекул с ключевой H-связью по правилам KLIFS; точный критерий Макнемара, интервал — бутстрэп разности долей"
6tgu,pose_optimization_stats,2026-08-23-6tgu-s0-n100-prep:all7-control:mcnemar_hbond,fraction_before,0.959184,,2026-09-18,python scripts/pose_optimization_stats.py 2026-08-23-6tgu-s0-n100-prep,"доля молекул с ключевой H-связью по правилам KLIFS; точный критерий Макнемара, интервал — бутстрэп разности долей"
6tgu,pose_optimization_stats,2026-08-23-6tgu-s0-n100-prep:all7-control:mcnemar_hbond,gained,0,,2026-09-18,python scripts/pose_optimization_stats.py 2026-08-23-6tgu-s0-n100-prep,"доля молекул с ключевой H-связью по правилам KLIFS; точный критерий Макнемара, интервал — бутстрэп разности долей"
6tgu,pose_optimization_stats,2026-08-23-6tgu-s0-n100-prep:all7-control:mcnemar_hbond,lost,2,,2026-09-18,python scripts/pose_optimization_stats.py 2026-08-23-6tgu-s0-n100-prep,"доля молекул с ключевой H-связью по правилам KLIFS; точный критерий Макнемара, интервал — бутстрэп разности долей"
6tgu,pose_optimization_stats,2026-08-23-6tgu-s0-n100-prep:all7-control:mcnemar_hbond,molecules,98,,2026-09-18,python scripts/pose_optimization_stats.py 2026-08-23-6tgu-s0-n100-prep,"доля молекул с ключевой H-связью по правилам KLIFS; точный критерий Макнемара, интервал — бутстрэп разности долей"
6tgu,pose_optimization_stats,2026-08-23-6tgu-s0-n100-prep:all7-control:mcnemar_hbond,p_value,1,,2026-09-18,python scripts/pose_optimization_stats.py 2026-08-23-6tgu-s0-n100-prep,"доля молекул с ключевой H-связью по правилам KLIFS; точный критерий Макнемара, интервал — бутстрэп разности долей"
6tgu,pose_optimization_stats,2026-08-23-6tgu-s0-n100-prep:all7-control:mcnemar_hbond,pairs,2,,2026-09-18,python scripts/pose_optimization_stats.py 2026-08-23-6tgu-s0-n100-prep,"доля молекул с ключевой H-связью по правилам KLIFS; точный критерий Макнемара, интервал — бутстрэп разности долей"
6tgu,pose_optimization_stats,2026-08-23-6tgu-s0-n100-prep:all7-control:paired_min_distance,after_median,2.5764,,2026-09-18,python scripts/pose_optimization_stats.py 2026-08-23-6tgu-s0-n100-prep,"минимальное расстояние до белка; растёт и в контроле — это свойство правила отбора шагов, а не потенциала"
6tgu,pose_optimization_stats,2026-08-23-6tgu-s0-n100-prep:all7-control:paired_min_distance,before_median,2.7734,,2026-09-18,python scripts/pose_optimization_stats.py 2026-08-23-6tgu-s0-n100-prep,"минимальное расстояние до белка; растёт и в контроле — это свойство правила отбора шагов, а не потенциала"
6tgu,pose_optimization_stats,2026-08-23-6tgu-s0-n100-prep:all7-control:paired_min_distance,effect,-0.197,,2026-09-18,python scripts/pose_optimization_stats.py 2026-08-23-6tgu-s0-n100-prep,"минимальное расстояние до белка; растёт и в контроле — это свойство правила отбора шагов, а не потенциала"
6tgu,pose_optimization_stats,2026-08-23-6tgu-s0-n100-prep:all7-control:paired_min_distance,p_value,0.99999,,2026-09-18,python scripts/pose_optimization_stats.py 2026-08-23-6tgu-s0-n100-prep,"минимальное расстояние до белка; растёт и в контроле — это свойство правила отбора шагов, а не потенциала"
6tgu,pose_optimization_stats,2026-08-23-6tgu-s0-n100-prep:all7-control:paired_min_distance,pairs,65,,2026-09-18,python scripts/pose_optimization_stats.py 2026-08-23-6tgu-s0-n100-prep,"минимальное расстояние до белка; растёт и в контроле — это свойство правила отбора шагов, а не потенциала"
6tgu,pose_optimization_stats,2026-08-23-6tgu-s0-n100-prep:all7-control:paired_min_distance,worsened,44,,2026-09-18,python scripts/pose_optimization_stats.py 2026-08-23-6tgu-s0-n100-prep,"минимальное расстояние до белка; растёт и в контроле — это свойство правила отбора шагов, а не потенциала"
6tgu,pose_optimization_stats,2026-08-23-6tgu-s0-n100-prep:all7-control:paired_score,after_median,0.67647,,2026-09-18,python scripts/pose_optimization_stats.py 2026-08-23-6tgu-s0-n100-prep,"парный Уилкоксон, односторонний; интервал — бутстрэп среднего прироста"
6tgu,pose_optimization_stats,2026-08-23-6tgu-s0-n100-prep:all7-control:paired_score,before_median,0.764706,,2026-09-18,python scripts/pose_optimization_stats.py 2026-08-23-6tgu-s0-n100-prep,"парный Уилкоксон, односторонний; интервал — бутстрэп среднего прироста"
6tgu,pose_optimization_stats,2026-08-23-6tgu-s0-n100-prep:all7-control:paired_score,ci_high,-0.0234093,,2026-09-18,python scripts/pose_optimization_stats.py 2026-08-23-6tgu-s0-n100-prep,"парный Уилкоксон, односторонний; интервал — бутстрэп среднего прироста"
6tgu,pose_optimization_stats,2026-08-23-6tgu-s0-n100-prep:all7-control:paired_score,ci_low,-0.0468187,,2026-09-18,python scripts/pose_optimization_stats.py 2026-08-23-6tgu-s0-n100-prep,"парный Уилкоксон, односторонний; интервал — бутстрэп среднего прироста"
6tgu,pose_optimization_stats,2026-08-23-6tgu-s0-n100-prep:all7-control:paired_score,effect,-0.0348139,,2026-09-18,python scripts/pose_optimization_stats.py 2026-08-23-6tgu-s0-n100-prep,"парный Уилкоксон, односторонний; интервал — бутстрэп среднего прироста"
6tgu,pose_optimization_stats,2026-08-23-6tgu-s0-n100-prep:all7-control:paired_score,molecules,98,,2026-09-18,python scripts/pose_optimization_stats.py 2026-08-23-6tgu-s0-n100-prep,"парный Уилкоксон, односторонний; интервал — бутстрэп среднего прироста"
6tgu,pose_optimization_stats,2026-08-23-6tgu-s0-n100-prep:all7-control:paired_score,p_value,0.999999,,2026-09-18,python scripts/pose_optimization_stats.py 2026-08-23-6tgu-s0-n100-prep,"парный Уилкоксон, односторонний; интервал — бутстрэп среднего прироста"
6tgu,pose_optimization_stats,2026-08-23-6tgu-s0-n100-prep:all7-control:paired_score,pairs,48,,2026-09-18,python scripts/pose_optimization_stats.py 2026-08-23-6tgu-s0-n100-prep,"парный Уилкоксон, односторонний; интервал — бутстрэп среднего прироста"
6tgu,pose_optimization_stats,2026-08-23-6tgu-s0-n100-prep:all7-control:paired_tanimoto,after_median,0.578947,,2026-09-18,python scripts/pose_optimization_stats.py 2026-08-23-6tgu-s0-n100-prep,"парный Уилкоксон, односторонний; интервал — бутстрэп среднего прироста"
6tgu,pose_optimization_stats,2026-08-23-6tgu-s0-n100-prep:all7-control:paired_tanimoto,before_median,0.647059,,2026-09-18,python scripts/pose_optimization_stats.py 2026-08-23-6tgu-s0-n100-prep,"парный Уилкоксон, односторонний; интервал — бутстрэп среднего прироста"
6tgu,pose_optimization_stats,2026-08-23-6tgu-s0-n100-prep:all7-control:paired_tanimoto,ci_high,-0.0481883,,2026-09-18,python scripts/pose_optimization_stats.py 2026-08-23-6tgu-s0-n100-prep,"парный Уилкоксон, односторонний; интервал — бутстрэп среднего прироста"
6tgu,pose_optimization_stats,2026-08-23-6tgu-s0-n100-prep:all7-control:paired_tanimoto,ci_low,-0.0784163,,2026-09-18,python scripts/pose_optimization_stats.py 2026-08-23-6tgu-s0-n100-prep,"парный Уилкоксон, односторонний; интервал — бутстрэп среднего прироста"
6tgu,pose_optimization_stats,2026-08-23-6tgu-s0-n100-prep:all7-control:paired_tanimoto,effect,-0.0630195,,2026-09-18,python scripts/pose_optimization_stats.py 2026-08-23-6tgu-s0-n100-prep,"парный Уилкоксон, односторонний; интервал — бутстрэп среднего прироста"
6tgu,pose_optimization_stats,2026-08-23-6tgu-s0-n100-prep:all7-control:paired_tanimoto,molecules,98,,2026-09-18,python scripts/pose_optimization_stats.py 2026-08-23-6tgu-s0-n100-prep,"парный Уилкоксон, односторонний; интервал — бутстрэп среднего прироста"
6tgu,pose_optimization_stats,2026-08-23-6tgu-s0-n100-prep:all7-control:paired_tanimoto,p_value,1,,2026-09-18,python scripts/pose_optimization_stats.py 2026-08-23-6tgu-s0-n100-prep,"парный Уилкоксон, односторонний; интервал — бутстрэп среднего прироста"
6tgu,pose_optimization_stats,2026-08-23-6tgu-s0-n100-prep:all7-control:paired_tanimoto,pairs,61,,2026-09-18,python scripts/pose_optimization_stats.py 2026-08-23-6tgu-s0-n100-prep,"парный Уилкоксон, односторонний; интервал — бутстрэп среднего прироста"
6tgu,pose_optimization_stats,2026-08-23-6tgu-s0-n100-prep:all7:binomial_improved,effect,0.846939,,2026-09-18,python scripts/pose_optimization_stats.py 2026-08-23-6tgu-s0-n100-prep,доля улучшившихся против контроля all7-control; точный биномиальный тест
6tgu,pose_optimization_stats,2026-08-23-6tgu-s0-n100-prep:all7:binomial_improved,improved,83,,2026-09-18,python scripts/pose_optimization_stats.py 2026-08-23-6tgu-s0-n100-prep,доля улучшившихся против контроля all7-control; точный биномиальный тест
6tgu,pose_optimization_stats,2026-08-23-6tgu-s0-n100-prep:all7:binomial_improved,improved_control,7,,2026-09-18,python scripts/pose_optimization_stats.py 2026-08-23-6tgu-s0-n100-prep,доля улучшившихся против контроля all7-control; точный биномиальный тест
6tgu,pose_optimization_stats,2026-08-23-6tgu-s0-n100-prep:all7:binomial_improved,molecules_control,98,,2026-09-18,python scripts/pose_optimization_stats.py 2026-08-23-6tgu-s0-n100-prep,доля улучшившихся против контроля all7-control; точный биномиальный тест
6tgu,pose_optimization_stats,2026-08-23-6tgu-s0-n100-prep:all7:binomial_improved,p_value,4.53281e-79,,2026-09-18,python scripts/pose_optimization_stats.py 2026-08-23-6tgu-s0-n100-prep,доля улучшившихся против контроля all7-control; точный биномиальный тест
6tgu,pose_optimization_stats,2026-08-23-6tgu-s0-n100-prep:all7:binomial_improved,pairs,98,,2026-09-18,python scripts/pose_optimization_stats.py 2026-08-23-6tgu-s0-n100-prep,доля улучшившихся против контроля all7-control; точный биномиальный тест
6tgu,pose_optimization_stats,2026-08-23-6tgu-s0-n100-prep:all7:mcnemar_hbond,ci_high,0.0408163,,2026-09-18,python scripts/pose_optimization_stats.py 2026-08-23-6tgu-s0-n100-prep,"доля молекул с ключевой H-связью по правилам KLIFS; точный критерий Макнемара, интервал — бутстрэп разности долей"
6tgu,pose_optimization_stats,2026-08-23-6tgu-s0-n100-prep:all7:mcnemar_hbond,ci_low,-0.0408163,,2026-09-18,python scripts/pose_optimization_stats.py 2026-08-23-6tgu-s0-n100-prep,"доля молекул с ключевой H-связью по правилам KLIFS; точный критерий Макнемара, интервал — бутстрэп разности долей"
6tgu,pose_optimization_stats,2026-08-23-6tgu-s0-n100-prep:all7:mcnemar_hbond,effect,0,,2026-09-18,python scripts/pose_optimization_stats.py 2026-08-23-6tgu-s0-n100-prep,"доля молекул с ключевой H-связью по правилам KLIFS; точный критерий Макнемара, интервал — бутстрэп разности долей"
6tgu,pose_optimization_stats,2026-08-23-6tgu-s0-n100-prep:all7:mcnemar_hbond,fraction_after,0.959184,,2026-09-18,python scripts/pose_optimization_stats.py 2026-08-23-6tgu-s0-n100-prep,"доля молекул с ключевой H-связью по правилам KLIFS; точный критерий Макнемара, интервал — бутстрэп разности долей"
6tgu,pose_optimization_stats,2026-08-23-6tgu-s0-n100-prep:all7:mcnemar_hbond,fraction_before,0.959184,,2026-09-18,python scripts/pose_optimization_stats.py 2026-08-23-6tgu-s0-n100-prep,"доля молекул с ключевой H-связью по правилам KLIFS; точный критерий Макнемара, интервал — бутстрэп разности долей"
6tgu,pose_optimization_stats,2026-08-23-6tgu-s0-n100-prep:all7:mcnemar_hbond,gained,2,,2026-09-18,python scripts/pose_optimization_stats.py 2026-08-23-6tgu-s0-n100-prep,"доля молекул с ключевой H-связью по правилам KLIFS; точный критерий Макнемара, интервал — бутстрэп разности долей"
6tgu,pose_optimization_stats,2026-08-23-6tgu-s0-n100-prep:all7:mcnemar_hbond,lost,2,,2026-09-18,python scripts/pose_optimization_stats.py 2026-08-23-6tgu-s0-n100-prep,"доля молекул с ключевой H-связью по правилам KLIFS; точный критерий Макнемара, интервал — бутстрэп разности долей"
6tgu,pose_optimization_stats,2026-08-23-6tgu-s0-n100-prep:all7:mcnemar_hbond,molecules,98,,2026-09-18,python scripts/pose_optimization_stats.py 2026-08-23-6tgu-s0-n100-prep,"доля молекул с ключевой H-связью по правилам KLIFS; точный критерий Макнемара, интервал — бутстрэп разности долей"
6tgu,pose_optimization_stats,2026-08-23-6tgu-s0-n100-prep:all7:mcnemar_hbond,p_value,0.6875,,2026-09-18,python scripts/pose_optimization_stats.py 2026-08-23-6tgu-s0-n100-prep,"доля молекул с ключевой H-связью по правилам KLIFS; точный критерий Макнемара, интервал — бутстрэп разности долей"
6tgu,pose_optimization_stats,2026-08-23-6tgu-s0-n100-prep:all7:mcnemar_hbond,pairs,4,,2026-09-18,python scripts/pose_optimization_stats.py 2026-08-23-6tgu-s0-n100-prep,"доля молекул с ключевой H-связью по правилам KLIFS; точный критерий Макнемара, интервал — бутстрэп разности долей"
6tgu,pose_optimization_stats,2026-08-23-6tgu-s0-n100-prep:all7:paired_min_distance,after_median,2.65985,,2026-09-18,python scripts/pose_optimization_stats.py 2026-08-23-6tgu-s0-n100-prep,"минимальное расстояние до белка; растёт и в контроле — это свойство правила отбора шагов, а не потенциала"
6tgu,pose_optimization_stats,2026-08-23-6tgu-s0-n100-prep:all7:paired_min_distance,before_median,2.7734,,2026-09-18,python scripts/pose_optimization_stats.py 2026-08-23-6tgu-s0-n100-prep,"минимальное расстояние до белка; растёт и в контроле — это свойство правила отбора шагов, а не потенциала"
6tgu,pose_optimization_stats,2026-08-23-6tgu-s0-n100-prep:all7:paired_min_distance,effect,-0.11355,,2026-09-18,python scripts/pose_optimization_stats.py 2026-08-23-6tgu-s0-n100-prep,"минимальное расстояние до белка; растёт и в контроле — это свойство правила отбора шагов, а не потенциала"
6tgu,pose_optimization_stats,2026-08-23-6tgu-s0-n100-prep:all7:paired_min_distance,p_value,0.999982,,2026-09-18,python scripts/pose_optimization_stats.py 2026-08-23-6tgu-s0-n100-prep,"минимальное расстояние до белка; растёт и в контроле — это свойство правила отбора шагов, а не потенциала"
6tgu,pose_optimization_stats,2026-08-23-6tgu-s0-n100-prep:all7:paired_min_distance,pairs,83,,2026-09-18,python scripts/pose_optimization_stats.py 2026-08-23-6tgu-s0-n100-prep,"минимальное расстояние до белка; растёт и в контроле — это свойство правила отбора шагов, а не потенциала"
6tgu,pose_optimization_stats,2026-08-23-6tgu-s0-n100-prep:all7:paired_min_distance,worsened,56,,2026-09-18,python scripts/pose_optimization_stats.py 2026-08-23-6tgu-s0-n100-prep,"минимальное расстояние до белка; растёт и в контроле — это свойство правила отбора шагов, а не потенциала"
6tgu,pose_optimization_stats,2026-08-23-6tgu-s0-n100-prep:all7:paired_score,after_median,0.823529,,2026-09-18,python scripts/pose_optimization_stats.py 2026-08-23-6tgu-s0-n100-prep,"парный Уилкоксон, односторонний; интервал — бутстрэп среднего прироста"
6tgu,pose_optimization_stats,2026-08-23-6tgu-s0-n100-prep:all7:paired_score,before_median,0.764706,,2026-09-18,python scripts/pose_optimization_stats.py 2026-08-23-6tgu-s0-n100-prep,"парный Уилкоксон, односторонний; интервал — бутстрэп среднего прироста"
6tgu,pose_optimization_stats,2026-08-23-6tgu-s0-n100-prep:all7:paired_score,ci_high,0.0978391,,2026-09-18,python scripts/pose_optimization_stats.py 2026-08-23-6tgu-s0-n100-prep,"парный Уилкоксон, односторонний; интервал — бутстрэп среднего прироста"
6tgu,pose_optimization_stats,2026-08-23-6tgu-s0-n100-prep:all7:paired_score,ci_low,0.0762305,,2026-09-18,python scripts/pose_optimization_stats.py 2026-08-23-6tgu-s0-n100-prep,"парный Уилкоксон, односторонний; интервал — бутстрэп среднего прироста"
6tgu,pose_optimization_stats,2026-08-23-6tgu-s0-n100-prep:all7:paired_score,effect,0.0870348,,2026-09-18,python scripts/pose_optimization_stats.py 2026-08-23-6tgu-s0-n100-prep,"парный Уилкоксон, односторонний; интервал — бутстрэп среднего прироста"
6tgu,pose_optimization_stats,2026-08-23-6tgu-s0-n100-prep:all7:paired_score,molecules,98,,2026-09-18,python scripts/pose_optimization_stats.py 2026-08-23-6tgu-s0-n100-prep,"парный Уилкоксон, односторонний; интервал — бутстрэп среднего прироста"
6tgu,pose_optimization_stats,2026-08-23-6tgu-s0-n100-prep:all7:paired_score,p_value,9.38258e-16,,2026-09-18,python scripts/pose_optimization_stats.py 2026-08-23-6tgu-s0-n100-prep,"парный Уилкоксон, односторонний; интервал — бутстрэп среднего прироста"
6tgu,pose_optimization_stats,2026-08-23-6tgu-s0-n100-prep:all7:paired_score,pairs,83,,2026-09-18,python scripts/pose_optimization_stats.py 2026-08-23-6tgu-s0-n100-prep,"парный Уилкоксон, односторонний; интервал — бутстрэп среднего прироста"
6tgu,pose_optimization_stats,2026-08-23-6tgu-s0-n100-prep:all7:paired_tanimoto,after_median,0.736842,,2026-09-18,python scripts/pose_optimization_stats.py 2026-08-23-6tgu-s0-n100-prep,"парный Уилкоксон, односторонний; интервал — бутстрэп среднего прироста"
6tgu,pose_optimization_stats,2026-08-23-6tgu-s0-n100-prep:all7:paired_tanimoto,before_median,0.647059,,2026-09-18,python scripts/pose_optimization_stats.py 2026-08-23-6tgu-s0-n100-prep,"парный Уилкоксон, односторонний; интервал — бутстрэп среднего прироста"
6tgu,pose_optimization_stats,2026-08-23-6tgu-s0-n100-prep:all7:paired_tanimoto,ci_high,0.116015,,2026-09-18,python scripts/pose_optimization_stats.py 2026-08-23-6tgu-s0-n100-prep,"парный Уилкоксон, односторонний; интервал — бутстрэп среднего прироста"
6tgu,pose_optimization_stats,2026-08-23-6tgu-s0-n100-prep:all7:paired_tanimoto,ci_low,0.0875275,,2026-09-18,python scripts/pose_optimization_stats.py 2026-08-23-6tgu-s0-n100-prep,"парный Уилкоксон, односторонний; интервал — бутстрэп среднего прироста"
6tgu,pose_optimization_stats,2026-08-23-6tgu-s0-n100-prep:all7:paired_tanimoto,effect,0.101922,,2026-09-18,python scripts/pose_optimization_stats.py 2026-08-23-6tgu-s0-n100-prep,"парный Уилкоксон, односторонний; интервал — бутстрэп среднего прироста"
6tgu,pose_optimization_stats,2026-08-23-6tgu-s0-n100-prep:all7:paired_tanimoto,molecules,98,,2026-09-18,python scripts/pose_optimization_stats.py 2026-08-23-6tgu-s0-n100-prep,"парный Уилкоксон, односторонний; интервал — бутстрэп среднего прироста"
6tgu,pose_optimization_stats,2026-08-23-6tgu-s0-n100-prep:all7:paired_tanimoto,p_value,1.34202e-15,,2026-09-18,python scripts/pose_optimization_stats.py 2026-08-23-6tgu-s0-n100-prep,"парный Уилкоксон, односторонний; интервал — бутстрэп среднего прироста"
6tgu,pose_optimization_stats,2026-08-23-6tgu-s0-n100-prep:all7:paired_tanimoto,pairs,83,,2026-09-18,python scripts/pose_optimization_stats.py 2026-08-23-6tgu-s0-n100-prep,"парный Уилкоксон, односторонний; интервал — бутстрэп среднего прироста"
6tgu,pose_optimization_stats,2026-08-23-6tgu-s0-n100-prep:all7:permutation_tanimoto,ci_high,0.182886,,2026-09-18,python scripts/pose_optimization_stats.py 2026-08-23-6tgu-s0-n100-prep,перестановочный тест против контроля all7-control; знак меняется внутри пары
6tgu,pose_optimization_stats,2026-08-23-6tgu-s0-n100-prep:all7:permutation_tanimoto,ci_low,0.146459,,2026-09-18,python scripts/pose_optimization_stats.py 2026-08-23-6tgu-s0-n100-prep,перестановочный тест против контроля all7-control; знак меняется внутри пары
6tgu,pose_optimization_stats,2026-08-23-6tgu-s0-n100-prep:all7:permutation_tanimoto,effect,0.164942,,2026-09-18,python scripts/pose_optimization_stats.py 2026-08-23-6tgu-s0-n100-prep,перестановочный тест против контроля all7-control; знак меняется внутри пары
6tgu,pose_optimization_stats,2026-08-23-6tgu-s0-n100-prep:all7:permutation_tanimoto,p_value,5e-05,,2026-09-18,python scripts/pose_optimization_stats.py 2026-08-23-6tgu-s0-n100-prep,перестановочный тест против контроля all7-control; знак меняется внутри пары
6tgu,pose_optimization_stats,2026-08-23-6tgu-s0-n100-prep:all7:permutation_tanimoto,pairs,98,,2026-09-18,python scripts/pose_optimization_stats.py 2026-08-23-6tgu-s0-n100-prep,перестановочный тест против контроля all7-control; знак меняется внутри пары
6tgu,pose_optimization_stats,2026-08-23-6tgu-s0-n100-prep:all7:permutation_tanimoto,permutations,20000,,2026-09-18,python scripts/pose_optimization_stats.py 2026-08-23-6tgu-s0-n100-prep,перестановочный тест против контроля all7-control; знак меняется внутри пары
6tgu,pose_optimization_stats,2026-08-24-6tgu-s0-n100-seed1:all7-clash:binomial_improved,effect,0.831579,,2026-09-18,python scripts/pose_optimization_stats.py 2026-08-24-6tgu-s0-n100-seed1,доля улучшившихся против контроля all7-control-clash; точный биномиальный тест
6tgu,pose_optimization_stats,2026-08-24-6tgu-s0-n100-seed1:all7-clash:binomial_improved,improved,79,,2026-09-18,python scripts/pose_optimization_stats.py 2026-08-24-6tgu-s0-n100-seed1,доля улучшившихся против контроля all7-control-clash; точный биномиальный тест
6tgu,pose_optimization_stats,2026-08-24-6tgu-s0-n100-seed1:all7-clash:binomial_improved,improved_control,8,,2026-09-18,python scripts/pose_optimization_stats.py 2026-08-24-6tgu-s0-n100-seed1,доля улучшившихся против контроля all7-control-clash; точный биномиальный тест
6tgu,pose_optimization_stats,2026-08-24-6tgu-s0-n100-seed1:all7-clash:binomial_improved,molecules_control,95,,2026-09-18,python scripts/pose_optimization_stats.py 2026-08-24-6tgu-s0-n100-seed1,доля улучшившихся против контроля all7-control-clash; точный биномиальный тест
6tgu,pose_optimization_stats,2026-08-24-6tgu-s0-n100-seed1:all7-clash:binomial_improved,p_value,1.7481e-68,,2026-09-18,python scripts/pose_optimization_stats.py 2026-08-24-6tgu-s0-n100-seed1,доля улучшившихся против контроля all7-control-clash; точный биномиальный тест
6tgu,pose_optimization_stats,2026-08-24-6tgu-s0-n100-seed1:all7-clash:binomial_improved,pairs,95,,2026-09-18,python scripts/pose_optimization_stats.py 2026-08-24-6tgu-s0-n100-seed1,доля улучшившихся против контроля all7-control-clash; точный биномиальный тест
6tgu,pose_optimization_stats,2026-08-24-6tgu-s0-n100-seed1:all7-clash:paired_min_distance,after_median,2.6322,,2026-09-18,python scripts/pose_optimization_stats.py 2026-08-24-6tgu-s0-n100-seed1,"минимальное расстояние до белка; растёт и в контроле — это свойство правила отбора шагов, а не потенциала"
6tgu,pose_optimization_stats,2026-08-24-6tgu-s0-n100-seed1:all7-clash:paired_min_distance,before_median,2.7819,,2026-09-18,python scripts/pose_optimization_stats.py 2026-08-24-6tgu-s0-n100-seed1,"минимальное расстояние до белка; растёт и в контроле — это свойство правила отбора шагов, а не потенциала"
6tgu,pose_optimization_stats,2026-08-24-6tgu-s0-n100-seed1:all7-clash:paired_min_distance,effect,-0.1497,,2026-09-18,python scripts/pose_optimization_stats.py 2026-08-24-6tgu-s0-n100-seed1,"минимальное расстояние до белка; растёт и в контроле — это свойство правила отбора шагов, а не потенциала"
6tgu,pose_optimization_stats,2026-08-24-6tgu-s0-n100-seed1:all7-clash:paired_min_distance,p_value,0.999978,,2026-09-18,python scripts/pose_optimization_stats.py 2026-08-24-6tgu-s0-n100-seed1,"минимальное расстояние до белка; растёт и в контроле — это свойство правила отбора шагов, а не потенциала"
6tgu,pose_optimization_stats,2026-08-24-6tgu-s0-n100-seed1:all7-clash:paired_min_distance,pairs,81,,2026-09-18,python scripts/pose_optimization_stats.py 2026-08-24-6tgu-s0-n100-seed1,"минимальное расстояние до белка; растёт и в контроле — это свойство правила отбора шагов, а не потенциала"
6tgu,pose_optimization_stats,2026-08-24-6tgu-s0-n100-seed1:all7-clash:paired_min_distance,worsened,60,,2026-09-18,python scripts/pose_optimization_stats.py 2026-08-24-6tgu-s0-n100-seed1,"минимальное расстояние до белка; растёт и в контроле — это свойство правила отбора шагов, а не потенциала"
6tgu,pose_optimization_stats,2026-08-24-6tgu-s0-n100-seed1:all7-clash:paired_score,after_median,0.823529,,2026-09-18,python scripts/pose_optimization_stats.py 2026-08-24-6tgu-s0-n100-seed1,"парный Уилкоксон, односторонний; интервал — бутстрэп среднего прироста"
6tgu,pose_optimization_stats,2026-08-24-6tgu-s0-n100-seed1:all7-clash:paired_score,before_median,0.764706,,2026-09-18,python scripts/pose_optimization_stats.py 2026-08-24-6tgu-s0-n100-seed1,"парный Уилкоксон, односторонний; интервал — бутстрэп среднего прироста"
6tgu,pose_optimization_stats,2026-08-24-6tgu-s0-n100-seed1:all7-clash:paired_score,ci_high,0.0842104,,2026-09-18,python scripts/pose_optimization_stats.py 2026-08-24-6tgu-s0-n100-seed1,"парный Уилкоксон, односторонний; интервал — бутстрэп среднего прироста"
6tgu,pose_optimization_stats,2026-08-24-6tgu-s0-n100-seed1:all7-clash:paired_score,ci_low,0.0643962,,2026-09-18,python scripts/pose_optimization_stats.py 2026-08-24-6tgu-s0-n100-seed1,"парный Уилкоксон, односторонний; интервал — бутстрэп среднего прироста"
6tgu,pose_optimization_stats,2026-08-24-6tgu-s0-n100-seed1:all7-clash:paired_score,effect,0.0743033,,2026-09-18,python scripts/pose_optimization_stats.py 2026-08-24-6tgu-s0-n100-seed1,"парный Уилкоксон, односторонний; интервал — бутстрэп среднего прироста"
6tgu,pose_optimization_stats,2026-08-24-6tgu-s0-n100-seed1:all7-clash:paired_score,molecules,95,,2026-09-18,python scripts/pose_optimization_stats.py 2026-08-24-6tgu-s0-n100-seed1,"парный Уилкоксон, односторонний; интервал — бутстрэп среднего прироста"
6tgu,pose_optimization_stats,2026-08-24-6tgu-s0-n100-seed1:all7-clash:paired_score,p_value,3.79519e-15,,2026-09-18,python scripts/pose_optimization_stats.py 2026-08-24-6tgu-s0-n100-seed1,"парный Уилкоксон, односторонний; интервал — бутстрэп среднего прироста"
6tgu,pose_optimization_stats,2026-08-24-6tgu-s0-n100-seed1:all7-clash:paired_score,pairs,79,,2026-09-18,python scripts/pose_optimization_stats.py 2026-08-24-6tgu-s0-n100-seed1,"парный Уилкоксон, односторонний; интервал — бутстрэп среднего прироста"
6tgu,pose_optimization_stats,2026-08-24-6tgu-s0-n100-seed1:all7-clash:paired_tanimoto,after_median,0.705882,,2026-09-18,python scripts/pose_optimization_stats.py 2026-08-24-6tgu-s0-n100-seed1,"парный Уилкоксон, односторонний; интервал — бутстрэп среднего прироста"
6tgu,pose_optimization_stats,2026-08-24-6tgu-s0-n100-seed1:all7-clash:paired_tanimoto,before_median,0.631579,,2026-09-18,python scripts/pose_optimization_stats.py 2026-08-24-6tgu-s0-n100-seed1,"парный Уилкоксон, односторонний; интервал — бутстрэп среднего прироста"
6tgu,pose_optimization_stats,2026-08-24-6tgu-s0-n100-seed1:all7-clash:paired_tanimoto,ci_high,0.100947,,2026-09-18,python scripts/pose_optimization_stats.py 2026-08-24-6tgu-s0-n100-seed1,"парный Уилкоксон, односторонний; интервал — бутстрэп среднего прироста"
6tgu,pose_optimization_stats,2026-08-24-6tgu-s0-n100-seed1:all7-clash:paired_tanimoto,ci_low,0.0750211,,2026-09-18,python scripts/pose_optimization_stats.py 2026-08-24-6tgu-s0-n100-seed1,"парный Уилкоксон, односторонний; интервал — бутстрэп среднего прироста"
6tgu,pose_optimization_stats,2026-08-24-6tgu-s0-n100-seed1:all7-clash:paired_tanimoto,effect,0.0876923,,2026-09-18,python scripts/pose_optimization_stats.py 2026-08-24-6tgu-s0-n100-seed1,"парный Уилкоксон, односторонний; интервал — бутстрэп среднего прироста"
6tgu,pose_optimization_stats,2026-08-24-6tgu-s0-n100-seed1:all7-clash:paired_tanimoto,molecules,95,,2026-09-18,python scripts/pose_optimization_stats.py 2026-08-24-6tgu-s0-n100-seed1,"парный Уилкоксон, односторонний; интервал — бутстрэп среднего прироста"
6tgu,pose_optimization_stats,2026-08-24-6tgu-s0-n100-seed1:all7-clash:paired_tanimoto,p_value,2.77938e-15,,2026-09-18,python scripts/pose_optimization_stats.py 2026-08-24-6tgu-s0-n100-seed1,"парный Уилкоксон, односторонний; интервал — бутстрэп среднего прироста"
6tgu,pose_optimization_stats,2026-08-24-6tgu-s0-n100-seed1:all7-clash:paired_tanimoto,pairs,81,,2026-09-18,python scripts/pose_optimization_stats.py 2026-08-24-6tgu-s0-n100-seed1,"парный Уилкоксон, односторонний; интервал — бутстрэп среднего прироста"
6tgu,pose_optimization_stats,2026-08-24-6tgu-s0-n100-seed1:all7-clash:permutation_tanimoto,ci_high,0.148397,,2026-09-18,python scripts/pose_optimization_stats.py 2026-08-24-6tgu-s0-n100-seed1,перестановочный тест против контроля all7-control-clash; знак меняется внутри пары
6tgu,pose_optimization_stats,2026-08-24-6tgu-s0-n100-seed1:all7-clash:permutation_tanimoto,ci_low,0.112617,,2026-09-18,python scripts/pose_optimization_stats.py 2026-08-24-6tgu-s0-n100-seed1,перестановочный тест против контроля all7-control-clash; знак меняется внутри пары
6tgu,pose_optimization_stats,2026-08-24-6tgu-s0-n100-seed1:all7-clash:permutation_tanimoto,effect,0.130518,,2026-09-18,python scripts/pose_optimization_stats.py 2026-08-24-6tgu-s0-n100-seed1,перестановочный тест против контроля all7-control-clash; знак меняется внутри пары
6tgu,pose_optimization_stats,2026-08-24-6tgu-s0-n100-seed1:all7-clash:permutation_tanimoto,p_value,5e-05,,2026-09-18,python scripts/pose_optimization_stats.py 2026-08-24-6tgu-s0-n100-seed1,перестановочный тест против контроля all7-control-clash; знак меняется внутри пары
6tgu,pose_optimization_stats,2026-08-24-6tgu-s0-n100-seed1:all7-clash:permutation_tanimoto,pairs,95,,2026-09-18,python scripts/pose_optimization_stats.py 2026-08-24-6tgu-s0-n100-seed1,перестановочный тест против контроля all7-control-clash; знак меняется внутри пары
6tgu,pose_optimization_stats,2026-08-24-6tgu-s0-n100-seed1:all7-clash:permutation_tanimoto,permutations,20000,,2026-09-18,python scripts/pose_optimization_stats.py 2026-08-24-6tgu-s0-n100-seed1,перестановочный тест против контроля all7-control-clash; знак меняется внутри пары
6tgu,pose_optimization_stats,2026-08-24-6tgu-s0-n100-seed1:all7-control-clash:paired_min_distance,after_median,2.6858,,2026-09-18,python scripts/pose_optimization_stats.py 2026-08-24-6tgu-s0-n100-seed1,"минимальное расстояние до белка; растёт и в контроле — это свойство правила отбора шагов, а не потенциала"
6tgu,pose_optimization_stats,2026-08-24-6tgu-s0-n100-seed1:all7-control-clash:paired_min_distance,before_median,2.7819,,2026-09-18,python scripts/pose_optimization_stats.py 2026-08-24-6tgu-s0-n100-seed1,"минимальное расстояние до белка; растёт и в контроле — это свойство правила отбора шагов, а не потенциала"
6tgu,pose_optimization_stats,2026-08-24-6tgu-s0-n100-seed1:all7-control-clash:paired_min_distance,effect,-0.0961,,2026-09-18,python scripts/pose_optimization_stats.py 2026-08-24-6tgu-s0-n100-seed1,"минимальное расстояние до белка; растёт и в контроле — это свойство правила отбора шагов, а не потенциала"
6tgu,pose_optimization_stats,2026-08-24-6tgu-s0-n100-seed1:all7-control-clash:paired_min_distance,p_value,0.999588,,2026-09-18,python scripts/pose_optimization_stats.py 2026-08-24-6tgu-s0-n100-seed1,"минимальное расстояние до белка; растёт и в контроле — это свойство правила отбора шагов, а не потенциала"
6tgu,pose_optimization_stats,2026-08-24-6tgu-s0-n100-seed1:all7-control-clash:paired_min_distance,pairs,56,,2026-09-18,python scripts/pose_optimization_stats.py 2026-08-24-6tgu-s0-n100-seed1,"минимальное расстояние до белка; растёт и в контроле — это свойство правила отбора шагов, а не потенциала"
6tgu,pose_optimization_stats,2026-08-24-6tgu-s0-n100-seed1:all7-control-clash:paired_min_distance,worsened,41,,2026-09-18,python scripts/pose_optimization_stats.py 2026-08-24-6tgu-s0-n100-seed1,"минимальное расстояние до белка; растёт и в контроле — это свойство правила отбора шагов, а не потенциала"
6tgu,pose_optimization_stats,2026-08-24-6tgu-s0-n100-seed1:all7-control-clash:paired_score,after_median,0.705882,,2026-09-18,python scripts/pose_optimization_stats.py 2026-08-24-6tgu-s0-n100-seed1,"парный Уилкоксон, односторонний; интервал — бутстрэп среднего прироста"
6tgu,pose_optimization_stats,2026-08-24-6tgu-s0-n100-seed1:all7-control-clash:paired_score,before_median,0.764706,,2026-09-18,python scripts/pose_optimization_stats.py 2026-08-24-6tgu-s0-n100-seed1,"парный Уилкоксон, односторонний; интервал — бутстрэп среднего прироста"
6tgu,pose_optimization_stats,2026-08-24-6tgu-s0-n100-seed1:all7-control-clash:paired_score,ci_high,-0.0154799,,2026-09-18,python scripts/pose_optimization_stats.py 2026-08-24-6tgu-s0-n100-seed1,"парный Уилкоксон, односторонний; интервал — бутстрэп среднего прироста"
6tgu,pose_optimization_stats,2026-08-24-6tgu-s0-n100-seed1:all7-control-clash:paired_score,ci_low,-0.0396284,,2026-09-18,python scripts/pose_optimization_stats.py 2026-08-24-6tgu-s0-n100-seed1,"парный Уилкоксон, односторонний; интервал — бутстрэп среднего прироста"
6tgu,pose_optimization_stats,2026-08-24-6tgu-s0-n100-seed1:all7-control-clash:paired_score,effect,-0.0272446,,2026-09-18,python scripts/pose_optimization_stats.py 2026-08-24-6tgu-s0-n100-seed1,"парный Уилкоксон, односторонний; интервал — бутстрэп среднего прироста"
6tgu,pose_optimization_stats,2026-08-24-6tgu-s0-n100-seed1:all7-control-clash:paired_score,molecules,95,,2026-09-18,python scripts/pose_optimization_stats.py 2026-08-24-6tgu-s0-n100-seed1,"парный Уилкоксон, односторонний; интервал — бутстрэп среднего прироста"
6tgu,pose_optimization_stats,2026-08-24-6tgu-s0-n100-seed1:all7-control-clash:paired_score,p_value,0.999946,,2026-09-18,python scripts/pose_optimization_stats.py 2026-08-24-6tgu-s0-n100-seed1,"парный Уилкоксон, односторонний; интервал — бутстрэп среднего прироста"
6tgu,pose_optimization_stats,2026-08-24-6tgu-s0-n100-seed1:all7-control-clash:paired_score,pairs,38,,2026-09-18,python scripts/pose_optimization_stats.py 2026-08-24-6tgu-s0-n100-seed1,"парный Уилкоксон, односторонний; интервал — бутстрэп среднего прироста"
6tgu,pose_optimization_stats,2026-08-24-6tgu-s0-n100-seed1:all7-control-clash:paired_tanimoto,after_median,0.578947,,2026-09-18,python scripts/pose_optimization_stats.py 2026-08-24-6tgu-s0-n100-seed1,"парный Уилкоксон, односторонний; интервал — бутстрэп среднего прироста"
6tgu,pose_optimization_stats,2026-08-24-6tgu-s0-n100-seed1:all7-control-clash:paired_tanimoto,before_median,0.631579,,2026-09-18,python scripts/pose_optimization_stats.py 2026-08-24-6tgu-s0-n100-seed1,"парный Уилкоксон, односторонний; интервал — бутстрэп среднего прироста"
6tgu,pose_optimization_stats,2026-08-24-6tgu-s0-n100-seed1:all7-control-clash:paired_tanimoto,ci_high,-0.0288302,,2026-09-18,python scripts/pose_optimization_stats.py 2026-08-24-6tgu-s0-n100-seed1,"парный Уилкоксон, односторонний; интервал — бутстрэп среднего прироста"
6tgu,pose_optimization_stats,2026-08-24-6tgu-s0-n100-seed1:all7-control-clash:paired_tanimoto,ci_low,-0.0576317,,2026-09-18,python scripts/pose_optimization_stats.py 2026-08-24-6tgu-s0-n100-seed1,"парный Уилкоксон, односторонний; интервал — бутстрэп среднего прироста"
6tgu,pose_optimization_stats,2026-08-24-6tgu-s0-n100-seed1:all7-control-clash:paired_tanimoto,effect,-0.0428258,,2026-09-18,python scripts/pose_optimization_stats.py 2026-08-24-6tgu-s0-n100-seed1,"парный Уилкоксон, односторонний; интервал — бутстрэп среднего прироста"
6tgu,pose_optimization_stats,2026-08-24-6tgu-s0-n100-seed1:all7-control-clash:paired_tanimoto,molecules,95,,2026-09-18,python scripts/pose_optimization_stats.py 2026-08-24-6tgu-s0-n100-seed1,"парный Уилкоксон, односторонний; интервал — бутстрэп среднего прироста"
6tgu,pose_optimization_stats,2026-08-24-6tgu-s0-n100-seed1:all7-control-clash:paired_tanimoto,p_value,1,,2026-09-18,python scripts/pose_optimization_stats.py 2026-08-24-6tgu-s0-n100-seed1,"парный Уилкоксон, односторонний; интервал — бутстрэп среднего прироста"
6tgu,pose_optimization_stats,2026-08-24-6tgu-s0-n100-seed1:all7-control-clash:paired_tanimoto,pairs,52,,2026-09-18,python scripts/pose_optimization_stats.py 2026-08-24-6tgu-s0-n100-seed1,"парный Уилкоксон, односторонний; интервал — бутстрэп среднего прироста"
6tgu,pose_optimization_stats,2026-08-24-6tgu-s0-n100-seed1:all7-control:paired_min_distance,after_median,2.6223,,2026-09-18,python scripts/pose_optimization_stats.py 2026-08-24-6tgu-s0-n100-seed1,"минимальное расстояние до белка; растёт и в контроле — это свойство правила отбора шагов, а не потенциала"
6tgu,pose_optimization_stats,2026-08-24-6tgu-s0-n100-seed1:all7-control:paired_min_distance,before_median,2.7819,,2026-09-18,python scripts/pose_optimization_stats.py 2026-08-24-6tgu-s0-n100-seed1,"минимальное расстояние до белка; растёт и в контроле — это свойство правила отбора шагов, а не потенциала"
6tgu,pose_optimization_stats,2026-08-24-6tgu-s0-n100-seed1:all7-control:paired_min_distance,effect,-0.1596,,2026-09-18,python scripts/pose_optimization_stats.py 2026-08-24-6tgu-s0-n100-seed1,"минимальное расстояние до белка; растёт и в контроле — это свойство правила отбора шагов, а не потенциала"
6tgu,pose_optimization_stats,2026-08-24-6tgu-s0-n100-seed1:all7-control:paired_min_distance,p_value,1,,2026-09-18,python scripts/pose_optimization_stats.py 2026-08-24-6tgu-s0-n100-seed1,"минимальное расстояние до белка; растёт и в контроле — это свойство правила отбора шагов, а не потенциала"
6tgu,pose_optimization_stats,2026-08-24-6tgu-s0-n100-seed1:all7-control:paired_min_distance,pairs,55,,2026-09-18,python scripts/pose_optimization_stats.py 2026-08-24-6tgu-s0-n100-seed1,"минимальное расстояние до белка; растёт и в контроле — это свойство правила отбора шагов, а не потенциала"
6tgu,pose_optimization_stats,2026-08-24-6tgu-s0-n100-seed1:all7-control:paired_min_distance,worsened,44,,2026-09-18,python scripts/pose_optimization_stats.py 2026-08-24-6tgu-s0-n100-seed1,"минимальное расстояние до белка; растёт и в контроле — это свойство правила отбора шагов, а не потенциала"
6tgu,pose_optimization_stats,2026-08-24-6tgu-s0-n100-seed1:all7-control:paired_score,after_median,0.705882,,2026-09-18,python scripts/pose_optimization_stats.py 2026-08-24-6tgu-s0-n100-seed1,"парный Уилкоксон, односторонний; интервал — бутстрэп среднего прироста"
6tgu,pose_optimization_stats,2026-08-24-6tgu-s0-n100-seed1:all7-control:paired_score,before_median,0.764706,,2026-09-18,python scripts/pose_optimization_stats.py 2026-08-24-6tgu-s0-n100-seed1,"парный Уилкоксон, односторонний; интервал — бутстрэп среднего прироста"
6tgu,pose_optimization_stats,2026-08-24-6tgu-s0-n100-seed1:all7-control:paired_score,ci_high,-0.0148606,,2026-09-18,python scripts/pose_optimization_stats.py 2026-08-24-6tgu-s0-n100-seed1,"парный Уилкоксон, односторонний; интервал — бутстрэп среднего прироста"
6tgu,pose_optimization_stats,2026-08-24-6tgu-s0-n100-seed1:all7-control:paired_score,ci_low,-0.0414861,,2026-09-18,python scripts/pose_optimization_stats.py 2026-08-24-6tgu-s0-n100-seed1,"парный Уилкоксон, односторонний; интервал — бутстрэп среднего прироста"
6tgu,pose_optimization_stats,2026-08-24-6tgu-s0-n100-seed1:all7-control:paired_score,effect,-0.0278637,,2026-09-18,python scripts/pose_optimization_stats.py 2026-08-24-6tgu-s0-n100-seed1,"парный Уилкоксон, односторонний; интервал — бутстрэп среднего прироста"
6tgu,pose_optimization_stats,2026-08-24-6tgu-s0-n100-seed1:all7-control:paired_score,molecules,95,,2026-09-18,python scripts/pose_optimization_stats.py 2026-08-24-6tgu-s0-n100-seed1,"парный Уилкоксон, односторонний; интервал — бутстрэп среднего прироста"
6tgu,pose_optimization_stats,2026-08-24-6tgu-s0-n100-seed1:all7-control:paired_score,p_value,0.999839,,2026-09-18,python scripts/pose_optimization_stats.py 2026-08-24-6tgu-s0-n100-seed1,"парный Уилкоксон, односторонний; интервал — бутстрэп среднего прироста"
6tgu,pose_optimization_stats,2026-08-24-6tgu-s0-n100-seed1:all7-control:paired_score,pairs,36,,2026-09-18,python scripts/pose_optimization_stats.py 2026-08-24-6tgu-s0-n100-seed1,"парный Уилкоксон, односторонний; интервал — бутстрэп среднего прироста"
6tgu,pose_optimization_stats,2026-08-24-6tgu-s0-n100-seed1:all7-control:paired_tanimoto,after_median,0.578947,,2026-09-18,python scripts/pose_optimization_stats.py 2026-08-24-6tgu-s0-n100-seed1,"парный Уилкоксон, односторонний; интервал — бутстрэп среднего прироста"
6tgu,pose_optimization_stats,2026-08-24-6tgu-s0-n100-seed1:all7-control:paired_tanimoto,before_median,0.631579,,2026-09-18,python scripts/pose_optimization_stats.py 2026-08-24-6tgu-s0-n100-seed1,"парный Уилкоксон, односторонний; интервал — бутстрэп среднего прироста"
6tgu,pose_optimization_stats,2026-08-24-6tgu-s0-n100-seed1:all7-control:paired_tanimoto,ci_high,-0.0328365,,2026-09-18,python scripts/pose_optimization_stats.py 2026-08-24-6tgu-s0-n100-seed1,"парный Уилкоксон, односторонний; интервал — бутстрэп среднего прироста"
6tgu,pose_optimization_stats,2026-08-24-6tgu-s0-n100-seed1:all7-control:paired_tanimoto,ci_low,-0.0652154,,2026-09-18,python scripts/pose_optimization_stats.py 2026-08-24-6tgu-s0-n100-seed1,"парный Уилкоксон, односторонний; интервал — бутстрэп среднего прироста"
6tgu,pose_optimization_stats,2026-08-24-6tgu-s0-n100-seed1:all7-control:paired_tanimoto,effect,-0.0485912,,2026-09-18,python scripts/pose_optimization_stats.py 2026-08-24-6tgu-s0-n100-seed1,"парный Уилкоксон, односторонний; интервал — бутстрэп среднего прироста"
6tgu,pose_optimization_stats,2026-08-24-6tgu-s0-n100-seed1:all7-control:paired_tanimoto,molecules,95,,2026-09-18,python scripts/pose_optimization_stats.py 2026-08-24-6tgu-s0-n100-seed1,"парный Уилкоксон, односторонний; интервал — бутстрэп среднего прироста"
6tgu,pose_optimization_stats,2026-08-24-6tgu-s0-n100-seed1:all7-control:paired_tanimoto,p_value,1,,2026-09-18,python scripts/pose_optimization_stats.py 2026-08-24-6tgu-s0-n100-seed1,"парный Уилкоксон, односторонний; интервал — бутстрэп среднего прироста"
6tgu,pose_optimization_stats,2026-08-24-6tgu-s0-n100-seed1:all7-control:paired_tanimoto,pairs,54,,2026-09-18,python scripts/pose_optimization_stats.py 2026-08-24-6tgu-s0-n100-seed1,"парный Уилкоксон, односторонний; интервал — бутстрэп среднего прироста"
6tgu,pose_optimization_stats,2026-08-24-6tgu-s0-n100-seed1:all7:binomial_improved,effect,0.821053,,2026-09-18,python scripts/pose_optimization_stats.py 2026-08-24-6tgu-s0-n100-seed1,доля улучшившихся против контроля all7-control; точный биномиальный тест
6tgu,pose_optimization_stats,2026-08-24-6tgu-s0-n100-seed1:all7:binomial_improved,improved,78,,2026-09-18,python scripts/pose_optimization_stats.py 2026-08-24-6tgu-s0-n100-seed1,доля улучшившихся против контроля all7-control; точный биномиальный тест
6tgu,pose_optimization_stats,2026-08-24-6tgu-s0-n100-seed1:all7:binomial_improved,improved_control,9,,2026-09-18,python scripts/pose_optimization_stats.py 2026-08-24-6tgu-s0-n100-seed1,доля улучшившихся против контроля all7-control; точный биномиальный тест
6tgu,pose_optimization_stats,2026-08-24-6tgu-s0-n100-seed1:all7:binomial_improved,molecules_control,95,,2026-09-18,python scripts/pose_optimization_stats.py 2026-08-24-6tgu-s0-n100-seed1,доля улучшившихся против контроля all7-control; точный биномиальный тест
6tgu,pose_optimization_stats,2026-08-24-6tgu-s0-n100-seed1:all7:binomial_improved,p_value,7.12103e-63,,2026-09-18,python scripts/pose_optimization_stats.py 2026-08-24-6tgu-s0-n100-seed1,доля улучшившихся против контроля all7-control; точный биномиальный тест
6tgu,pose_optimization_stats,2026-08-24-6tgu-s0-n100-seed1:all7:binomial_improved,pairs,95,,2026-09-18,python scripts/pose_optimization_stats.py 2026-08-24-6tgu-s0-n100-seed1,доля улучшившихся против контроля all7-control; точный биномиальный тест
6tgu,pose_optimization_stats,2026-08-24-6tgu-s0-n100-seed1:all7:paired_min_distance,after_median,2.4951,,2026-09-18,python scripts/pose_optimization_stats.py 2026-08-24-6tgu-s0-n100-seed1,"минимальное расстояние до белка; растёт и в контроле — это свойство правила отбора шагов, а не потенциала"
6tgu,pose_optimization_stats,2026-08-24-6tgu-s0-n100-seed1:all7:paired_min_distance,before_median,2.7819,,2026-09-18,python scripts/pose_optimization_stats.py 2026-08-24-6tgu-s0-n100-seed1,"минимальное расстояние до белка; растёт и в контроле — это свойство правила отбора шагов, а не потенциала"
6tgu,pose_optimization_stats,2026-08-24-6tgu-s0-n100-seed1:all7:paired_min_distance,effect,-0.2868,,2026-09-18,python scripts/pose_optimization_stats.py 2026-08-24-6tgu-s0-n100-seed1,"минимальное расстояние до белка; растёт и в контроле — это свойство правила отбора шагов, а не потенциала"
6tgu,pose_optimization_stats,2026-08-24-6tgu-s0-n100-seed1:all7:paired_min_distance,p_value,1,,2026-09-18,python scripts/pose_optimization_stats.py 2026-08-24-6tgu-s0-n100-seed1,"минимальное расстояние до белка; растёт и в контроле — это свойство правила отбора шагов, а не потенциала"
6tgu,pose_optimization_stats,2026-08-24-6tgu-s0-n100-seed1:all7:paired_min_distance,pairs,78,,2026-09-18,python scripts/pose_optimization_stats.py 2026-08-24-6tgu-s0-n100-seed1,"минимальное расстояние до белка; растёт и в контроле — это свойство правила отбора шагов, а не потенциала"
6tgu,pose_optimization_stats,2026-08-24-6tgu-s0-n100-seed1:all7:paired_min_distance,worsened,68,,2026-09-18,python scripts/pose_optimization_stats.py 2026-08-24-6tgu-s0-n100-seed1,"минимальное расстояние до белка; растёт и в контроле — это свойство правила отбора шагов, а не потенциала"
6tgu,pose_optimization_stats,2026-08-24-6tgu-s0-n100-seed1:all7:paired_score,after_median,0.823529,,2026-09-18,python scripts/pose_optimization_stats.py 2026-08-24-6tgu-s0-n100-seed1,"парный Уилкоксон, односторонний; интервал — бутстрэп среднего прироста"
6tgu,pose_optimization_stats,2026-08-24-6tgu-s0-n100-seed1:all7:paired_score,before_median,0.764706,,2026-09-18,python scripts/pose_optimization_stats.py 2026-08-24-6tgu-s0-n100-seed1,"парный Уилкоксон, односторонний; интервал — бутстрэп среднего прироста"
6tgu,pose_optimization_stats,2026-08-24-6tgu-s0-n100-seed1:all7:paired_score,ci_high,0.0854488,,2026-09-18,python scripts/pose_optimization_stats.py 2026-08-24-6tgu-s0-n100-seed1,"парный Уилкоксон, односторонний; интервал — бутстрэп среднего прироста"
6tgu,pose_optimization_stats,2026-08-24-6tgu-s0-n100-seed1:all7:paired_score,ci_low,0.0656346,,2026-09-18,python scripts/pose_optimization_stats.py 2026-08-24-6tgu-s0-n100-seed1,"парный Уилкоксон, односторонний; интервал — бутстрэп среднего прироста"
6tgu,pose_optimization_stats,2026-08-24-6tgu-s0-n100-seed1:all7:paired_score,effect,0.0755417,,2026-09-18,python scripts/pose_optimization_stats.py 2026-08-24-6tgu-s0-n100-seed1,"парный Уилкоксон, односторонний; интервал — бутстрэп среднего прироста"
6tgu,pose_optimization_stats,2026-08-24-6tgu-s0-n100-seed1:all7:paired_score,molecules,95,,2026-09-18,python scripts/pose_optimization_stats.py 2026-08-24-6tgu-s0-n100-seed1,"парный Уилкоксон, односторонний; интервал — бутстрэп среднего прироста"
6tgu,pose_optimization_stats,2026-08-24-6tgu-s0-n100-seed1:all7:paired_score,p_value,5.97673e-15,,2026-09-18,python scripts/pose_optimization_stats.py 2026-08-24-6tgu-s0-n100-seed1,"парный Уилкоксон, односторонний; интервал — бутстрэп среднего прироста"
6tgu,pose_optimization_stats,2026-08-24-6tgu-s0-n100-seed1:all7:paired_score,pairs,78,,2026-09-18,python scripts/pose_optimization_stats.py 2026-08-24-6tgu-s0-n100-seed1,"парный Уилкоксон, односторонний; интервал — бутстрэп среднего прироста"
6tgu,pose_optimization_stats,2026-08-24-6tgu-s0-n100-seed1:all7:paired_tanimoto,after_median,0.714286,,2026-09-18,python scripts/pose_optimization_stats.py 2026-08-24-6tgu-s0-n100-seed1,"парный Уилкоксон, односторонний; интервал — бутстрэп среднего прироста"
6tgu,pose_optimization_stats,2026-08-24-6tgu-s0-n100-seed1:all7:paired_tanimoto,before_median,0.631579,,2026-09-18,python scripts/pose_optimization_stats.py 2026-08-24-6tgu-s0-n100-seed1,"парный Уилкоксон, односторонний; интервал — бутстрэп среднего прироста"
6tgu,pose_optimization_stats,2026-08-24-6tgu-s0-n100-seed1:all7:paired_tanimoto,ci_high,0.101551,,2026-09-18,python scripts/pose_optimization_stats.py 2026-08-24-6tgu-s0-n100-seed1,"парный Уилкоксон, односторонний; интервал — бутстрэп среднего прироста"
6tgu,pose_optimization_stats,2026-08-24-6tgu-s0-n100-seed1:all7:paired_tanimoto,ci_low,0.0770479,,2026-09-18,python scripts/pose_optimization_stats.py 2026-08-24-6tgu-s0-n100-seed1,"парный Уилкоксон, односторонний; интервал — бутстрэп среднего прироста"
6tgu,pose_optimization_stats,2026-08-24-6tgu-s0-n100-seed1:all7:paired_tanimoto,effect,0.0892351,,2026-09-18,python scripts/pose_optimization_stats.py 2026-08-24-6tgu-s0-n100-seed1,"парный Уилкоксон, односторонний; интервал — бутстрэп среднего прироста"
6tgu,pose_optimization_stats,2026-08-24-6tgu-s0-n100-seed1:all7:paired_tanimoto,molecules,95,,2026-09-18,python scripts/pose_optimization_stats.py 2026-08-24-6tgu-s0-n100-seed1,"парный Уилкоксон, односторонний; интервал — бутстрэп среднего прироста"
6tgu,pose_optimization_stats,2026-08-24-6tgu-s0-n100-seed1:all7:paired_tanimoto,p_value,8.39372e-15,,2026-09-18,python scripts/pose_optimization_stats.py 2026-08-24-6tgu-s0-n100-seed1,"парный Уилкоксон, односторонний; интервал — бутстрэп среднего прироста"
6tgu,pose_optimization_stats,2026-08-24-6tgu-s0-n100-seed1:all7:paired_tanimoto,pairs,78,,2026-09-18,python scripts/pose_optimization_stats.py 2026-08-24-6tgu-s0-n100-seed1,"парный Уилкоксон, односторонний; интервал — бутстрэп среднего прироста"
6tgu,pose_optimization_stats,2026-08-24-6tgu-s0-n100-seed1:all7:permutation_tanimoto,ci_high,0.156855,,2026-09-18,python scripts/pose_optimization_stats.py 2026-08-24-6tgu-s0-n100-seed1,перестановочный тест против контроля all7-control; знак меняется внутри пары
6tgu,pose_optimization_stats,2026-08-24-6tgu-s0-n100-seed1:all7:permutation_tanimoto,ci_low,0.119632,,2026-09-18,python scripts/pose_optimization_stats.py 2026-08-24-6tgu-s0-n100-seed1,перестановочный тест против контроля all7-control; знак меняется внутри пары
6tgu,pose_optimization_stats,2026-08-24-6tgu-s0-n100-seed1:all7:permutation_tanimoto,effect,0.137826,,2026-09-18,python scripts/pose_optimization_stats.py 2026-08-24-6tgu-s0-n100-seed1,перестановочный тест против контроля all7-control; знак меняется внутри пары
6tgu,pose_optimization_stats,2026-08-24-6tgu-s0-n100-seed1:all7:permutation_tanimoto,p_value,5e-05,,2026-09-18,python scripts/pose_optimization_stats.py 2026-08-24-6tgu-s0-n100-seed1,перестановочный тест против контроля all7-control; знак меняется внутри пары
6tgu,pose_optimization_stats,2026-08-24-6tgu-s0-n100-seed1:all7:permutation_tanimoto,pairs,95,,2026-09-18,python scripts/pose_optimization_stats.py 2026-08-24-6tgu-s0-n100-seed1,перестановочный тест против контроля all7-control; знак меняется внутри пары
6tgu,pose_optimization_stats,2026-08-24-6tgu-s0-n100-seed1:all7:permutation_tanimoto,permutations,20000,,2026-09-18,python scripts/pose_optimization_stats.py 2026-08-24-6tgu-s0-n100-seed1,перестановочный тест против контроля all7-control; знак меняется внутри пары
6tgu,pose_optimization_stats,2026-09-16-6tgu-s0-n100:all7-control:mcnemar_hbond,ci_high,0.040404,,2026-09-18,python scripts/pose_optimization_stats.py 2026-09-16-6tgu-s0-n100,"доля молекул с ключевой H-связью по правилам KLIFS; точный критерий Макнемара, интервал — бутстрэп разности долей"
6tgu,pose_optimization_stats,2026-09-16-6tgu-s0-n100:all7-control:mcnemar_hbond,ci_low,-0.10101,,2026-09-18,python scripts/pose_optimization_stats.py 2026-09-16-6tgu-s0-n100,"доля молекул с ключевой H-связью по правилам KLIFS; точный критерий Макнемара, интервал — бутстрэп разности долей"
6tgu,pose_optimization_stats,2026-09-16-6tgu-s0-n100:all7-control:mcnemar_hbond,effect,-0.030303,,2026-09-18,python scripts/pose_optimization_stats.py 2026-09-16-6tgu-s0-n100,"доля молекул с ключевой H-связью по правилам KLIFS; точный критерий Макнемара, интервал — бутстрэп разности долей"
6tgu,pose_optimization_stats,2026-09-16-6tgu-s0-n100:all7-control:mcnemar_hbond,fraction_after,0.656566,,2026-09-18,python scripts/pose_optimization_stats.py 2026-09-16-6tgu-s0-n100,"доля молекул с ключевой H-связью по правилам KLIFS; точный критерий Макнемара, интервал — бутстрэп разности долей"
6tgu,pose_optimization_stats,2026-09-16-6tgu-s0-n100:all7-control:mcnemar_hbond,fraction_before,0.686869,,2026-09-18,python scripts/pose_optimization_stats.py 2026-09-16-6tgu-s0-n100,"доля молекул с ключевой H-связью по правилам KLIFS; точный критерий Макнемара, интервал — бутстрэп разности долей"
6tgu,pose_optimization_stats,2026-09-16-6tgu-s0-n100:all7-control:mcnemar_hbond,gained,5,,2026-09-18,python scripts/pose_optimization_stats.py 2026-09-16-6tgu-s0-n100,"доля молекул с ключевой H-связью по правилам KLIFS; точный критерий Макнемара, интервал — бутстрэп разности долей"
6tgu,pose_optimization_stats,2026-09-16-6tgu-s0-n100:all7-control:mcnemar_hbond,lost,8,,2026-09-18,python scripts/pose_optimization_stats.py 2026-09-16-6tgu-s0-n100,"доля молекул с ключевой H-связью по правилам KLIFS; точный критерий Макнемара, интервал — бутстрэп разности долей"
6tgu,pose_optimization_stats,2026-09-16-6tgu-s0-n100:all7-control:mcnemar_hbond,molecules,99,,2026-09-18,python scripts/pose_optimization_stats.py 2026-09-16-6tgu-s0-n100,"доля молекул с ключевой H-связью по правилам KLIFS; точный критерий Макнемара, интервал — бутстрэп разности долей"
6tgu,pose_optimization_stats,2026-09-16-6tgu-s0-n100:all7-control:mcnemar_hbond,p_value,0.866577,,2026-09-18,python scripts/pose_optimization_stats.py 2026-09-16-6tgu-s0-n100,"доля молекул с ключевой H-связью по правилам KLIFS; точный критерий Макнемара, интервал — бутстрэп разности долей"
6tgu,pose_optimization_stats,2026-09-16-6tgu-s0-n100:all7-control:mcnemar_hbond,pairs,13,,2026-09-18,python scripts/pose_optimization_stats.py 2026-09-16-6tgu-s0-n100,"доля молекул с ключевой H-связью по правилам KLIFS; точный критерий Макнемара, интервал — бутстрэп разности долей"
6tgu,pose_optimization_stats,2026-09-16-6tgu-s0-n100:all7-control:paired_min_distance,after_median,1.5163,,2026-09-18,python scripts/pose_optimization_stats.py 2026-09-16-6tgu-s0-n100,"минимальное расстояние до белка; растёт и в контроле — это свойство правила отбора шагов, а не потенциала; before_max — лучшая молекула набора, before_min — худшая"
6tgu,pose_optimization_stats,2026-09-16-6tgu-s0-n100:all7-control:paired_min_distance,before_max,2.2782,,2026-09-18,python scripts/pose_optimization_stats.py 2026-09-16-6tgu-s0-n100,"минимальное расстояние до белка; растёт и в контроле — это свойство правила отбора шагов, а не потенциала; before_max — лучшая молекула набора, before_min — худшая"
6tgu,pose_optimization_stats,2026-09-16-6tgu-s0-n100:all7-control:paired_min_distance,before_median,1.3451,,2026-09-18,python scripts/pose_optimization_stats.py 2026-09-16-6tgu-s0-n100,"минимальное расстояние до белка; растёт и в контроле — это свойство правила отбора шагов, а не потенциала; before_max — лучшая молекула набора, before_min — худшая"
6tgu,pose_optimization_stats,2026-09-16-6tgu-s0-n100:all7-control:paired_min_distance,before_min,0.1537,,2026-09-18,python scripts/pose_optimization_stats.py 2026-09-16-6tgu-s0-n100,"минимальное расстояние до белка; растёт и в контроле — это свойство правила отбора шагов, а не потенциала; before_max — лучшая молекула набора, before_min — худшая"
6tgu,pose_optimization_stats,2026-09-16-6tgu-s0-n100:all7-control:paired_min_distance,effect,0.1712,,2026-09-18,python scripts/pose_optimization_stats.py 2026-09-16-6tgu-s0-n100,"минимальное расстояние до белка; растёт и в контроле — это свойство правила отбора шагов, а не потенциала; before_max — лучшая молекула набора, before_min — худшая"
6tgu,pose_optimization_stats,2026-09-16-6tgu-s0-n100:all7-control:paired_min_distance,p_value,1.29553e-13,,2026-09-18,python scripts/pose_optimization_stats.py 2026-09-16-6tgu-s0-n100,"минимальное расстояние до белка; растёт и в контроле — это свойство правила отбора шагов, а не потенциала; before_max — лучшая молекула набора, before_min — худшая"
6tgu,pose_optimization_stats,2026-09-16-6tgu-s0-n100:all7-control:paired_min_distance,pairs,77,,2026-09-18,python scripts/pose_optimization_stats.py 2026-09-16-6tgu-s0-n100,"минимальное расстояние до белка; растёт и в контроле — это свойство правила отбора шагов, а не потенциала; before_max — лучшая молекула набора, before_min — худшая"
6tgu,pose_optimization_stats,2026-09-16-6tgu-s0-n100:all7-control:paired_min_distance,worsened,2,,2026-09-18,python scripts/pose_optimization_stats.py 2026-09-16-6tgu-s0-n100,"минимальное расстояние до белка; растёт и в контроле — это свойство правила отбора шагов, а не потенциала; before_max — лучшая молекула набора, before_min — худшая"
6tgu,pose_optimization_stats,2026-09-16-6tgu-s0-n100:all7-control:paired_score,after_median,0.529412,,2026-09-18,python scripts/pose_optimization_stats.py 2026-09-16-6tgu-s0-n100,"парный Уилкоксон, односторонний; интервал — бутстрэп среднего прироста"
6tgu,pose_optimization_stats,2026-09-16-6tgu-s0-n100:all7-control:paired_score,before_median,0.529412,,2026-09-18,python scripts/pose_optimization_stats.py 2026-09-16-6tgu-s0-n100,"парный Уилкоксон, односторонний; интервал — бутстрэп среднего прироста"
6tgu,pose_optimization_stats,2026-09-16-6tgu-s0-n100:all7-control:paired_score,ci_high,0.00534762,,2026-09-18,python scripts/pose_optimization_stats.py 2026-09-16-6tgu-s0-n100,"парный Уилкоксон, односторонний; интервал — бутстрэп среднего прироста"
6tgu,pose_optimization_stats,2026-09-16-6tgu-s0-n100:all7-control:paired_score,ci_low,-0.0148544,,2026-09-18,python scripts/pose_optimization_stats.py 2026-09-16-6tgu-s0-n100,"парный Уилкоксон, односторонний; интервал — бутстрэп среднего прироста"
6tgu,pose_optimization_stats,2026-09-16-6tgu-s0-n100:all7-control:paired_score,effect,-0.00475339,,2026-09-18,python scripts/pose_optimization_stats.py 2026-09-16-6tgu-s0-n100,"парный Уилкоксон, односторонний; интервал — бутстрэп среднего прироста"
6tgu,pose_optimization_stats,2026-09-16-6tgu-s0-n100:all7-control:paired_score,molecules,99,,2026-09-18,python scripts/pose_optimization_stats.py 2026-09-16-6tgu-s0-n100,"парный Уилкоксон, односторонний; интервал — бутстрэп среднего прироста"
6tgu,pose_optimization_stats,2026-09-16-6tgu-s0-n100:all7-control:paired_score,p_value,0.681484,,2026-09-18,python scripts/pose_optimization_stats.py 2026-09-16-6tgu-s0-n100,"парный Уилкоксон, односторонний; интервал — бутстрэп среднего прироста"
6tgu,pose_optimization_stats,2026-09-16-6tgu-s0-n100:all7-control:paired_score,pairs,49,,2026-09-18,python scripts/pose_optimization_stats.py 2026-09-16-6tgu-s0-n100,"парный Уилкоксон, односторонний; интервал — бутстрэп среднего прироста"
6tgu,pose_optimization_stats,2026-09-16-6tgu-s0-n100:all7-control:paired_tanimoto,after_median,0.347826,,2026-09-18,python scripts/pose_optimization_stats.py 2026-09-16-6tgu-s0-n100,"парный Уилкоксон, односторонний; интервал — бутстрэп среднего прироста"
6tgu,pose_optimization_stats,2026-09-16-6tgu-s0-n100:all7-control:paired_tanimoto,before_median,0.363636,,2026-09-18,python scripts/pose_optimization_stats.py 2026-09-16-6tgu-s0-n100,"парный Уилкоксон, односторонний; интервал — бутстрэп среднего прироста"
6tgu,pose_optimization_stats,2026-09-16-6tgu-s0-n100:all7-control:paired_tanimoto,ci_high,-0.00143948,,2026-09-18,python scripts/pose_optimization_stats.py 2026-09-16-6tgu-s0-n100,"парный Уилкоксон, односторонний; интервал — бутстрэп среднего прироста"
6tgu,pose_optimization_stats,2026-09-16-6tgu-s0-n100:all7-control:paired_tanimoto,ci_low,-0.0180194,,2026-09-18,python scripts/pose_optimization_stats.py 2026-09-16-6tgu-s0-n100,"парный Уилкоксон, односторонний; интервал — бутстрэп среднего прироста"
6tgu,pose_optimization_stats,2026-09-16-6tgu-s0-n100:all7-control:paired_tanimoto,effect,-0.00982421,,2026-09-18,python scripts/pose_optimization_stats.py 2026-09-16-6tgu-s0-n100,"парный Уилкоксон, односторонний; интервал — бутстрэп среднего прироста"
6tgu,pose_optimization_stats,2026-09-16-6tgu-s0-n100:all7-control:paired_tanimoto,molecules,99,,2026-09-18,python scripts/pose_optimization_stats.py 2026-09-16-6tgu-s0-n100,"парный Уилкоксон, односторонний; интервал — бутстрэп среднего прироста"
6tgu,pose_optimization_stats,2026-09-16-6tgu-s0-n100:all7-control:paired_tanimoto,p_value,0.990595,,2026-09-18,python scripts/pose_optimization_stats.py 2026-09-16-6tgu-s0-n100,"парный Уилкоксон, односторонний; интервал — бутстрэп среднего прироста"
6tgu,pose_optimization_stats,2026-09-16-6tgu-s0-n100:all7-control:paired_tanimoto,pairs,71,,2026-09-18,python scripts/pose_optimization_stats.py 2026-09-16-6tgu-s0-n100,"парный Уилкоксон, односторонний; интервал — бутстрэп среднего прироста"
6tgu,pose_optimization_stats,2026-09-16-6tgu-s0-n100:all7:binomial_improved,effect,0.939394,,2026-09-18,python scripts/pose_optimization_stats.py 2026-09-16-6tgu-s0-n100,доля улучшившихся против контроля all7-control; точный биномиальный тест
6tgu,pose_optimization_stats,2026-09-16-6tgu-s0-n100:all7:binomial_improved,improved,93,,2026-09-18,python scripts/pose_optimization_stats.py 2026-09-16-6tgu-s0-n100,доля улучшившихся против контроля all7-control; точный биномиальный тест
6tgu,pose_optimization_stats,2026-09-16-6tgu-s0-n100:all7:binomial_improved,improved_control,22,,2026-09-18,python scripts/pose_optimization_stats.py 2026-09-16-6tgu-s0-n100,доля улучшившихся против контроля all7-control; точный биномиальный тест
6tgu,pose_optimization_stats,2026-09-16-6tgu-s0-n100:all7:binomial_improved,molecules_control,99,,2026-09-18,python scripts/pose_optimization_stats.py 2026-09-16-6tgu-s0-n100,доля улучшившихся против контроля all7-control; точный биномиальный тест
6tgu,pose_optimization_stats,2026-09-16-6tgu-s0-n100:all7:binomial_improved,p_value,4.50568e-53,,2026-09-18,python scripts/pose_optimization_stats.py 2026-09-16-6tgu-s0-n100,доля улучшившихся против контроля all7-control; точный биномиальный тест
6tgu,pose_optimization_stats,2026-09-16-6tgu-s0-n100:all7:binomial_improved,pairs,99,,2026-09-18,python scripts/pose_optimization_stats.py 2026-09-16-6tgu-s0-n100,доля улучшившихся против контроля all7-control; точный биномиальный тест
6tgu,pose_optimization_stats,2026-09-16-6tgu-s0-n100:all7:mcnemar_hbond,ci_high,0.121212,,2026-09-18,python scripts/pose_optimization_stats.py 2026-09-16-6tgu-s0-n100,"доля молекул с ключевой H-связью по правилам KLIFS; точный критерий Макнемара, интервал — бутстрэп разности долей"
6tgu,pose_optimization_stats,2026-09-16-6tgu-s0-n100:all7:mcnemar_hbond,ci_low,-0.020202,,2026-09-18,python scripts/pose_optimization_stats.py 2026-09-16-6tgu-s0-n100,"доля молекул с ключевой H-связью по правилам KLIFS; точный критерий Макнемара, интервал — бутстрэп разности долей"
6tgu,pose_optimization_stats,2026-09-16-6tgu-s0-n100:all7:mcnemar_hbond,effect,0.0505051,,2026-09-18,python scripts/pose_optimization_stats.py 2026-09-16-6tgu-s0-n100,"доля молекул с ключевой H-связью по правилам KLIFS; точный критерий Макнемара, интервал — бутстрэп разности долей"
6tgu,pose_optimization_stats,2026-09-16-6tgu-s0-n100:all7:mcnemar_hbond,fraction_after,0.737374,,2026-09-18,python scripts/pose_optimization_stats.py 2026-09-16-6tgu-s0-n100,"доля молекул с ключевой H-связью по правилам KLIFS; точный критерий Макнемара, интервал — бутстрэп разности долей"
6tgu,pose_optimization_stats,2026-09-16-6tgu-s0-n100:all7:mcnemar_hbond,fraction_before,0.686869,,2026-09-18,python scripts/pose_optimization_stats.py 2026-09-16-6tgu-s0-n100,"доля молекул с ключевой H-связью по правилам KLIFS; точный критерий Макнемара, интервал — бутстрэп разности долей"
6tgu,pose_optimization_stats,2026-09-16-6tgu-s0-n100:all7:mcnemar_hbond,gained,9,,2026-09-18,python scripts/pose_optimization_stats.py 2026-09-16-6tgu-s0-n100,"доля молекул с ключевой H-связью по правилам KLIFS; точный критерий Макнемара, интервал — бутстрэп разности долей"
6tgu,pose_optimization_stats,2026-09-16-6tgu-s0-n100:all7:mcnemar_hbond,lost,4,,2026-09-18,python scripts/pose_optimization_stats.py 2026-09-16-6tgu-s0-n100,"доля молекул с ключевой H-связью по правилам KLIFS; точный критерий Макнемара, интервал — бутстрэп разности долей"
6tgu,pose_optimization_stats,2026-09-16-6tgu-s0-n100:all7:mcnemar_hbond,molecules,99,,2026-09-18,python scripts/pose_optimization_stats.py 2026-09-16-6tgu-s0-n100,"доля молекул с ключевой H-связью по правилам KLIFS; точный критерий Макнемара, интервал — бутстрэп разности долей"
6tgu,pose_optimization_stats,2026-09-16-6tgu-s0-n100:all7:mcnemar_hbond,p_value,0.133423,,2026-09-18,python scripts/pose_optimization_stats.py 2026-09-16-6tgu-s0-n100,"доля молекул с ключевой H-связью по правилам KLIFS; точный критерий Макнемара, интервал — бутстрэп разности долей"
6tgu,pose_optimization_stats,2026-09-16-6tgu-s0-n100:all7:mcnemar_hbond,pairs,13,,2026-09-18,python scripts/pose_optimization_stats.py 2026-09-16-6tgu-s0-n100,"доля молекул с ключевой H-связью по правилам KLIFS; точный критерий Макнемара, интервал — бутстрэп разности долей"
6tgu,pose_optimization_stats,2026-09-16-6tgu-s0-n100:all7:paired_min_distance,after_median,1.562,,2026-09-18,python scripts/pose_optimization_stats.py 2026-09-16-6tgu-s0-n100,"минимальное расстояние до белка; растёт и в контроле — это свойство правила отбора шагов, а не потенциала; before_max — лучшая молекула набора, before_min — худшая"
6tgu,pose_optimization_stats,2026-09-16-6tgu-s0-n100:all7:paired_min_distance,before_max,2.2782,,2026-09-18,python scripts/pose_optimization_stats.py 2026-09-16-6tgu-s0-n100,"минимальное расстояние до белка; растёт и в контроле — это свойство правила отбора шагов, а не потенциала; before_max — лучшая молекула набора, before_min — худшая"
6tgu,pose_optimization_stats,2026-09-16-6tgu-s0-n100:all7:paired_min_distance,before_median,1.3451,,2026-09-18,python scripts/pose_optimization_stats.py 2026-09-16-6tgu-s0-n100,"минимальное расстояние до белка; растёт и в контроле — это свойство правила отбора шагов, а не потенциала; before_max — лучшая молекула набора, before_min — худшая"
6tgu,pose_optimization_stats,2026-09-16-6tgu-s0-n100:all7:paired_min_distance,before_min,0.1537,,2026-09-18,python scripts/pose_optimization_stats.py 2026-09-16-6tgu-s0-n100,"минимальное расстояние до белка; растёт и в контроле — это свойство правила отбора шагов, а не потенциала; before_max — лучшая молекула набора, before_min — худшая"
6tgu,pose_optimization_stats,2026-09-16-6tgu-s0-n100:all7:paired_min_distance,effect,0.2169,,2026-09-18,python scripts/pose_optimization_stats.py 2026-09-16-6tgu-s0-n100,"минимальное расстояние до белка; растёт и в контроле — это свойство правила отбора шагов, а не потенциала; before_max — лучшая молекула набора, before_min — худшая"
6tgu,pose_optimization_stats,2026-09-16-6tgu-s0-n100:all7:paired_min_distance,p_value,5.2256e-16,,2026-09-18,python scripts/pose_optimization_stats.py 2026-09-16-6tgu-s0-n100,"минимальное расстояние до белка; растёт и в контроле — это свойство правила отбора шагов, а не потенциала; before_max — лучшая молекула набора, before_min — худшая"
6tgu,pose_optimization_stats,2026-09-16-6tgu-s0-n100:all7:paired_min_distance,pairs,93,,2026-09-18,python scripts/pose_optimization_stats.py 2026-09-16-6tgu-s0-n100,"минимальное расстояние до белка; растёт и в контроле — это свойство правила отбора шагов, а не потенциала; before_max — лучшая молекула набора, before_min — худшая"
6tgu,pose_optimization_stats,2026-09-16-6tgu-s0-n100:all7:paired_min_distance,worsened,2,,2026-09-18,python scripts/pose_optimization_stats.py 2026-09-16-6tgu-s0-n100,"минимальное расстояние до белка; растёт и в контроле — это свойство правила отбора шагов, а не потенциала; before_max — лучшая молекула набора, before_min — худшая"
6tgu,pose_optimization_stats,2026-09-16-6tgu-s0-n100:all7:paired_score,after_median,0.647059,,2026-09-18,python scripts/pose_optimization_stats.py 2026-09-16-6tgu-s0-n100,"парный Уилкоксон, односторонний; интервал — бутстрэп среднего прироста"
6tgu,pose_optimization_stats,2026-09-16-6tgu-s0-n100:all7:paired_score,before_median,0.529412,,2026-09-18,python scripts/pose_optimization_stats.py 2026-09-16-6tgu-s0-n100,"парный Уилкоксон, односторонний; интервал — бутстрэп среднего прироста"
6tgu,pose_optimization_stats,2026-09-16-6tgu-s0-n100:all7:paired_score,ci_high,0.112299,,2026-09-18,python scripts/pose_optimization_stats.py 2026-09-16-6tgu-s0-n100,"парный Уилкоксон, односторонний; интервал — бутстрэп среднего прироста"
6tgu,pose_optimization_stats,2026-09-16-6tgu-s0-n100:all7:paired_score,ci_low,0.0909091,,2026-09-18,python scripts/pose_optimization_stats.py 2026-09-16-6tgu-s0-n100,"парный Уилкоксон, односторонний; интервал — бутстрэп среднего прироста"
6tgu,pose_optimization_stats,2026-09-16-6tgu-s0-n100:all7:paired_score,effect,0.101604,,2026-09-18,python scripts/pose_optimization_stats.py 2026-09-16-6tgu-s0-n100,"парный Уилкоксон, односторонний; интервал — бутстрэп среднего прироста"
6tgu,pose_optimization_stats,2026-09-16-6tgu-s0-n100:all7:paired_score,molecules,99,,2026-09-18,python scripts/pose_optimization_stats.py 2026-09-16-6tgu-s0-n100,"парный Уилкоксон, односторонний; интервал — бутстрэп среднего прироста"
6tgu,pose_optimization_stats,2026-09-16-6tgu-s0-n100:all7:paired_score,p_value,2.31472e-17,,2026-09-18,python scripts/pose_optimization_stats.py 2026-09-16-6tgu-s0-n100,"парный Уилкоксон, односторонний; интервал — бутстрэп среднего прироста"
6tgu,pose_optimization_stats,2026-09-16-6tgu-s0-n100:all7:paired_score,pairs,93,,2026-09-18,python scripts/pose_optimization_stats.py 2026-09-16-6tgu-s0-n100,"парный Уилкоксон, односторонний; интервал — бутстрэп среднего прироста"
6tgu,pose_optimization_stats,2026-09-16-6tgu-s0-n100:all7:paired_tanimoto,after_median,0.454545,,2026-09-18,python scripts/pose_optimization_stats.py 2026-09-16-6tgu-s0-n100,"парный Уилкоксон, односторонний; интервал — бутстрэп среднего прироста"
6tgu,pose_optimization_stats,2026-09-16-6tgu-s0-n100:all7:paired_tanimoto,before_median,0.363636,,2026-09-18,python scripts/pose_optimization_stats.py 2026-09-16-6tgu-s0-n100,"парный Уилкоксон, односторонний; интервал — бутстрэп среднего прироста"
6tgu,pose_optimization_stats,2026-09-16-6tgu-s0-n100:all7:paired_tanimoto,ci_high,0.0868647,,2026-09-18,python scripts/pose_optimization_stats.py 2026-09-16-6tgu-s0-n100,"парный Уилкоксон, односторонний; интервал — бутстрэп среднего прироста"
6tgu,pose_optimization_stats,2026-09-16-6tgu-s0-n100:all7:paired_tanimoto,ci_low,0.0701718,,2026-09-18,python scripts/pose_optimization_stats.py 2026-09-16-6tgu-s0-n100,"парный Уилкоксон, односторонний; интервал — бутстрэп среднего прироста"
6tgu,pose_optimization_stats,2026-09-16-6tgu-s0-n100:all7:paired_tanimoto,effect,0.0784756,,2026-09-18,python scripts/pose_optimization_stats.py 2026-09-16-6tgu-s0-n100,"парный Уилкоксон, односторонний; интервал — бутстрэп среднего прироста"
6tgu,pose_optimization_stats,2026-09-16-6tgu-s0-n100:all7:paired_tanimoto,molecules,99,,2026-09-18,python scripts/pose_optimization_stats.py 2026-09-16-6tgu-s0-n100,"парный Уилкоксон, односторонний; интервал — бутстрэп среднего прироста"
6tgu,pose_optimization_stats,2026-09-16-6tgu-s0-n100:all7:paired_tanimoto,p_value,2.78271e-17,,2026-09-18,python scripts/pose_optimization_stats.py 2026-09-16-6tgu-s0-n100,"парный Уилкоксон, односторонний; интервал — бутстрэп среднего прироста"
6tgu,pose_optimization_stats,2026-09-16-6tgu-s0-n100:all7:paired_tanimoto,pairs,93,,2026-09-18,python scripts/pose_optimization_stats.py 2026-09-16-6tgu-s0-n100,"парный Уилкоксон, односторонний; интервал — бутстрэп среднего прироста"
6tgu,pose_optimization_stats,2026-09-16-6tgu-s0-n100:all7:permutation_tanimoto,ci_high,0.0993426,,2026-09-18,python scripts/pose_optimization_stats.py 2026-09-16-6tgu-s0-n100,перестановочный тест против контроля all7-control; знак меняется внутри пары
6tgu,pose_optimization_stats,2026-09-16-6tgu-s0-n100:all7:permutation_tanimoto,ci_low,0.0773141,,2026-09-18,python scripts/pose_optimization_stats.py 2026-09-16-6tgu-s0-n100,перестановочный тест против контроля all7-control; знак меняется внутри пары
6tgu,pose_optimization_stats,2026-09-16-6tgu-s0-n100:all7:permutation_tanimoto,effect,0.0882998,,2026-09-18,python scripts/pose_optimization_stats.py 2026-09-16-6tgu-s0-n100,перестановочный тест против контроля all7-control; знак меняется внутри пары
6tgu,pose_optimization_stats,2026-09-16-6tgu-s0-n100:all7:permutation_tanimoto,p_value,5e-05,,2026-09-18,python scripts/pose_optimization_stats.py 2026-09-16-6tgu-s0-n100,перестановочный тест против контроля all7-control; знак меняется внутри пары
6tgu,pose_optimization_stats,2026-09-16-6tgu-s0-n100:all7:permutation_tanimoto,pairs,99,,2026-09-18,python scripts/pose_optimization_stats.py 2026-09-16-6tgu-s0-n100,перестановочный тест против контроля all7-control; знак меняется внутри пары
6tgu,pose_optimization_stats,2026-09-16-6tgu-s0-n100:all7:permutation_tanimoto,permutations,20000,,2026-09-18,python scripts/pose_optimization_stats.py 2026-09-16-6tgu-s0-n100,перестановочный тест против контроля all7-control; знак меняется внутри пары
8aoj,klifs_rules,all,reference_bits,17,бит,2026-09-19,python scripts/klifs_rules.py --best-per-kinase,"правила FingerPrintLib, пороги: кольца 4.0 A и 30.0°, гидрофобный 4.5 A, водородная связь 3.5 A и 45.0°, ионный 4.0 A"
8aoj,klifs_rules,all,shared_bits,16,бит,2026-09-19,python scripts/klifs_rules.py --best-per-kinase,"правила FingerPrintLib, пороги: кольца 4.0 A и 30.0°, гидрофобный 4.5 A, водородная связь 3.5 A и 45.0°, ионный 4.0 A"
e04b,klifs_rules,ACC,ours,10,бит,2026-09-19,python scripts/klifs_rules.py --best-per-kinase,"правила FingerPrintLib, пороги: кольца 4.0 A и 30.0°, гидрофобный 4.5 A, водородная связь 3.5 A и 45.0°, ионный 4.0 A"
e04b,klifs_rules,ACC,reference,10,бит,2026-09-19,python scripts/klifs_rules.py --best-per-kinase,"правила FingerPrintLib, пороги: кольца 4.0 A и 30.0°, гидрофобный 4.5 A, водородная связь 3.5 A и 45.0°, ионный 4.0 A"
e04b,klifs_rules,ACC,shared,10,бит,2026-09-19,python scripts/klifs_rules.py --best-per-kinase,"правила FingerPrintLib, пороги: кольца 4.0 A и 30.0°, гидрофобный 4.5 A, водородная связь 3.5 A и 45.0°, ионный 4.0 A"
e04b,klifs_rules,DON,ours,20,бит,2026-09-19,python scripts/klifs_rules.py --best-per-kinase,"правила FingerPrintLib, пороги: кольца 4.0 A и 30.0°, гидрофобный 4.5 A, водородная связь 3.5 A и 45.0°, ионный 4.0 A"
e04b,klifs_rules,DON,reference,21,бит,2026-09-19,python scripts/klifs_rules.py --best-per-kinase,"правила FingerPrintLib, пороги: кольца 4.0 A и 30.0°, гидрофобный 4.5 A, водородная связь 3.5 A и 45.0°, ионный 4.0 A"
e04b,klifs_rules,DON,shared,20,бит,2026-09-19,python scripts/klifs_rules.py --best-per-kinase,"правила FingerPrintLib, пороги: кольца 4.0 A и 30.0°, гидрофобный 4.5 A, водородная связь 3.5 A и 45.0°, ионный 4.0 A"
e04b,klifs_rules,F-E,ours,6,бит,2026-09-19,python scripts/klifs_rules.py --best-per-kinase,"правила FingerPrintLib, пороги: кольца 4.0 A и 30.0°, гидрофобный 4.5 A, водородная связь 3.5 A и 45.0°, ионный 4.0 A"
e04b,klifs_rules,F-E,reference,6,бит,2026-09-19,python scripts/klifs_rules.py --best-per-kinase,"правила FingerPrintLib, пороги: кольца 4.0 A и 30.0°, гидрофобный 4.5 A, водородная связь 3.5 A и 45.0°, ионный 4.0 A"
e04b,klifs_rules,F-E,shared,6,бит,2026-09-19,python scripts/klifs_rules.py --best-per-kinase,"правила FingerPrintLib, пороги: кольца 4.0 A и 30.0°, гидрофобный 4.5 A, водородная связь 3.5 A и 45.0°, ионный 4.0 A"
e04b,klifs_rules,F-F,ours,8,бит,2026-09-19,python scripts/klifs_rules.py --best-per-kinase,"правила FingerPrintLib, пороги: кольца 4.0 A и 30.0°, гидрофобный 4.5 A, водородная связь 3.5 A и 45.0°, ионный 4.0 A"
e04b,klifs_rules,F-F,reference,8,бит,2026-09-19,python scripts/klifs_rules.py --best-per-kinase,"правила FingerPrintLib, пороги: кольца 4.0 A и 30.0°, гидрофобный 4.5 A, водородная связь 3.5 A и 45.0°, ионный 4.0 A"
e04b,klifs_rules,F-F,shared,8,бит,2026-09-19,python scripts/klifs_rules.py --best-per-kinase,"правила FingerPrintLib, пороги: кольца 4.0 A и 30.0°, гидрофобный 4.5 A, водородная связь 3.5 A и 45.0°, ионный 4.0 A"
e04b,klifs_rules,HYD,ours,143,бит,2026-09-19,python scripts/klifs_rules.py --best-per-kinase,"правила FingerPrintLib, пороги: кольца 4.0 A и 30.0°, гидрофобный 4.5 A, водородная связь 3.5 A и 45.0°, ионный 4.0 A"
e04b,klifs_rules,HYD,reference,143,бит,2026-09-19,python scripts/klifs_rules.py --best-per-kinase,"правила FingerPrintLib, пороги: кольца 4.0 A и 30.0°, гидрофобный 4.5 A, водородная связь 3.5 A и 45.0°, ионный 4.0 A"
e04b,klifs_rules,HYD,shared,143,бит,2026-09-19,python scripts/klifs_rules.py --best-per-kinase,"правила FingerPrintLib, пороги: кольца 4.0 A и 30.0°, гидрофобный 4.5 A, водородная связь 3.5 A и 45.0°, ионный 4.0 A"
e04b,klifs_rules,ION+,ours,3,бит,2026-09-19,python scripts/klifs_rules.py --best-per-kinase,"правила FingerPrintLib, пороги: кольца 4.0 A и 30.0°, гидрофобный 4.5 A, водородная связь 3.5 A и 45.0°, ионный 4.0 A"
e04b,klifs_rules,ION+,reference,3,бит,2026-09-19,python scripts/klifs_rules.py --best-per-kinase,"правила FingerPrintLib, пороги: кольца 4.0 A и 30.0°, гидрофобный 4.5 A, водородная связь 3.5 A и 45.0°, ионный 4.0 A"
e04b,klifs_rules,ION+,shared,3,бит,2026-09-19,python scripts/klifs_rules.py --best-per-kinase,"правила FingerPrintLib, пороги: кольца 4.0 A и 30.0°, гидрофобный 4.5 A, водородная связь 3.5 A и 45.0°, ионный 4.0 A"
e04b,klifs_rules,ION-,ours,1,бит,2026-09-19,python scripts/klifs_rules.py --best-per-kinase,"правила FingerPrintLib, пороги: кольца 4.0 A и 30.0°, гидрофобный 4.5 A, водородная связь 3.5 A и 45.0°, ионный 4.0 A"
e04b,klifs_rules,ION-,reference,0,бит,2026-09-19,python scripts/klifs_rules.py --best-per-kinase,"правила FingerPrintLib, пороги: кольца 4.0 A и 30.0°, гидрофобный 4.5 A, водородная связь 3.5 A и 45.0°, ионный 4.0 A"
e04b,klifs_rules,ION-,shared,0,бит,2026-09-19,python scripts/klifs_rules.py --best-per-kinase,"правила FingerPrintLib, пороги: кольца 4.0 A и 30.0°, гидрофобный 4.5 A, водородная связь 3.5 A и 45.0°, ионный 4.0 A"
e04b,klifs_rules,all,identical,10,структур,2026-09-19,python scripts/klifs_rules.py --best-per-kinase,"правила FingerPrintLib, пороги: кольца 4.0 A и 30.0°, гидрофобный 4.5 A, водородная связь 3.5 A и 45.0°, ионный 4.0 A"
e04b,klifs_rules,all,our_bits,191,бит,2026-09-19,python scripts/klifs_rules.py --best-per-kinase,"правила FingerPrintLib, пороги: кольца 4.0 A и 30.0°, гидрофобный 4.5 A, водородная связь 3.5 A и 45.0°, ионный 4.0 A"
e04b,klifs_rules,all,reference_bits,191,бит,2026-09-19,python scripts/klifs_rules.py --best-per-kinase,"правила FingerPrintLib, пороги: кольца 4.0 A и 30.0°, гидрофобный 4.5 A, водородная связь 3.5 A и 45.0°, ионный 4.0 A"
e04b,klifs_rules,all,shared_bits,190,бит,2026-09-19,python scripts/klifs_rules.py --best-per-kinase,"правила FingerPrintLib, пороги: кольца 4.0 A и 30.0°, гидрофобный 4.5 A, водородная связь 3.5 A и 45.0°, ионный 4.0 A"
e04b,klifs_rules,all,structures,12,структур,2026-09-19,python scripts/klifs_rules.py --best-per-kinase,"правила FingerPrintLib, пороги: кольца 4.0 A и 30.0°, гидрофобный 4.5 A, водородная связь 3.5 A и 45.0°, ионный 4.0 A"
