run_id,pdb_id,mol_id,score_all7,rmsd_to_ref,pose_kind
2026-08-23-6tgu-s0-n100,6tgu,2026-08-23-6tgu-s0-n100-0001,1.0,0.0,native
2026-08-23-6tgu-s0-n100,6tgu,2026-08-23-6tgu-s0-n100-0002,0.941176,0.5,rigid
2026-08-23-6tgu-s0-n100,6tgu,2026-08-23-6tgu-s0-n100-0003,0.941176,0.545918,rigid
2026-08-23-6tgu-s0-n100,6tgu,2026-08-23-6tgu-s0-n100-0004,1.0,0.591837,rigid
2026-08-23-6tgu-s0-n100,6tgu,2026-08-23-6tgu-s0-n100-0005,0.882353,0.637755,rigid
2026-08-23-6tgu-s0-n100,6tgu,2026-08-23-6tgu-s0-n100-0006,0.882353,0.683673,rigid
2026-08-23-6tgu-s0-n100,6tgu,2026-08-23-6tgu-s0-n100-0007,0.941176,0.729592,rigid
2026-08-23-6tgu-s0-n100,6tgu,2026-08-23-6tgu-s0-n100-0008,0.882353,0.77551,rigid
2026-08-23-6tgu-s0-n100,6tgu,2026-08-23-6tgu-s0-n100-0009,0.882353,0.821429,rigid
2026-08-23-6tgu-s0-n100,6tgu,2026-08-23-6tgu-s0-n100-0010,0.882353,0.867347,rigid
2026-08-23-6tgu-s0-n100,6tgu,2026-08-23-6tgu-s0-n100-0011,0.882353,0.913265,rigid
2026-08-23-6tgu-s0-n100,6tgu,2026-08-23-6tgu-s0-n100-0012,0.941176,0.959184,rigid
2026-08-23-6tgu-s0-n100,6tgu,2026-08-23-6tgu-s0-n100-0013,0.882353,1.005102,rigid
2026-08-23-6tgu-s0-n100,6tgu,2026-08-23-6tgu-s0-n100-0014,0.823529,1.05102,rigid
2026-08-23-6tgu-s0-n100,6tgu,2026-08-23-6tgu-s0-n100-0015,0.705882,1.096939,rigid
2026-08-23-6tgu-s0-n100,6tgu,2026-08-23-6tgu-s0-n100-0016,0.647059,1.142857,rigid
2026-08-23-6tgu-s0-n100,6tgu,2026-08-23-6tgu-s0-n100-0017,0.705882,1.188776,rigid
2026-08-23-6tgu-s0-n100,6tgu,2026-08-23-6tgu-s0-n100-0018,0.764706,1.234694,rigid
2026-08-23-6tgu-s0-n100,6tgu,2026-08-23-6tgu-s0-n100-0019,0.941176,1.280612,rigid
2026-08-23-6tgu-s0-n100,6tgu,2026-08-23-6tgu-s0-n100-0020,0.941176,1.326531,conformer
2026-08-23-6tgu-s0-n100,6tgu,2026-08-23-6tgu-s0-n100-0021,0.529412,1.372449,rigid
2026-08-23-6tgu-s0-n100,6tgu,2026-08-23-6tgu-s0-n100-0022,0.882353,1.418367,conformer
2026-08-23-6tgu-s0-n100,6tgu,2026-08-23-6tgu-s0-n100-0023,0.705882,1.464286,rigid
2026-08-23-6tgu-s0-n100,6tgu,2026-08-23-6tgu-s0-n100-0024,0.764706,1.510204,conformer
2026-08-23-6tgu-s0-n100,6tgu,2026-08-23-6tgu-s0-n100-0025,0.705882,1.556122,rigid
2026-08-23-6tgu-s0-n100,6tgu,2026-08-23-6tgu-s0-n100-0026,0.941176,1.602041,conformer
2026-08-23-6tgu-s0-n100,6tgu,2026-08-23-6tgu-s0-n100-0027,0.764706,1.647959,rigid
2026-08-23-6tgu-s0-n100,6tgu,2026-08-23-6tgu-s0-n100-0028,0.882353,1.693878,conformer
2026-08-23-6tgu-s0-n100,6tgu,2026-08-23-6tgu-s0-n100-0029,0.705882,1.739796,rigid
2026-08-23-6tgu-s0-n100,6tgu,2026-08-23-6tgu-s0-n100-0030,0.764706,1.785714,conformer
2026-08-23-6tgu-s0-n100,6tgu,2026-08-23-6tgu-s0-n100-0031,0.647059,1.831633,rigid
2026-08-23-6tgu-s0-n100,6tgu,2026-08-23-6tgu-s0-n100-0032,0.823529,1.877551,conformer
2026-08-23-6tgu-s0-n100,6tgu,2026-08-23-6tgu-s0-n100-0033,0.647059,1.923469,rigid
2026-08-23-6tgu-s0-n100,6tgu,2026-08-23-6tgu-s0-n100-0034,0.705882,1.969388,conformer
2026-08-23-6tgu-s0-n100,6tgu,2026-08-23-6tgu-s0-n100-0035,0.470588,2.015306,rigid
2026-08-23-6tgu-s0-n100,6tgu,2026-08-23-6tgu-s0-n100-0036,0.588235,2.061224,conformer
2026-08-23-6tgu-s0-n100,6tgu,2026-08-23-6tgu-s0-n100-0037,0.705882,2.107143,rigid
2026-08-23-6tgu-s0-n100,6tgu,2026-08-23-6tgu-s0-n100-0038,0.764706,2.153061,conformer
2026-08-23-6tgu-s0-n100,6tgu,2026-08-23-6tgu-s0-n100-0039,0.647059,2.19898,rigid
2026-08-23-6tgu-s0-n100,6tgu,2026-08-23-6tgu-s0-n100-0040,0.823529,2.244898,conformer
2026-08-23-6tgu-s0-n100,6tgu,2026-08-23-6tgu-s0-n100-0041,0.647059,2.290816,rigid
2026-08-23-6tgu-s0-n100,6tgu,2026-08-23-6tgu-s0-n100-0042,0.588235,2.336735,conformer
2026-08-23-6tgu-s0-n100,6tgu,2026-08-23-6tgu-s0-n100-0043,0.647059,2.382653,rigid
2026-08-23-6tgu-s0-n100,6tgu,2026-08-23-6tgu-s0-n100-0044,0.588235,2.428571,conformer
2026-08-23-6tgu-s0-n100,6tgu,2026-08-23-6tgu-s0-n100-0045,0.529412,2.47449,rigid
2026-08-23-6tgu-s0-n100,6tgu,2026-08-23-6tgu-s0-n100-0046,0.588235,2.520408,conformer
2026-08-23-6tgu-s0-n100,6tgu,2026-08-23-6tgu-s0-n100-0047,0.705882,2.566327,rigid
2026-08-23-6tgu-s0-n100,6tgu,2026-08-23-6tgu-s0-n100-0048,0.588235,2.612245,conformer
2026-08-23-6tgu-s0-n100,6tgu,2026-08-23-6tgu-s0-n100-0049,0.647059,2.658163,rigid
2026-08-23-6tgu-s0-n100,6tgu,2026-08-23-6tgu-s0-n100-0050,0.705882,2.704082,conformer
2026-08-23-6tgu-s0-n100,6tgu,2026-08-23-6tgu-s0-n100-0051,0.588235,2.75,rigid
2026-08-23-6tgu-s0-n100,6tgu,2026-08-23-6tgu-s0-n100-0052,0.529412,2.795918,conformer
2026-08-23-6tgu-s0-n100,6tgu,2026-08-23-6tgu-s0-n100-0053,0.588235,2.841837,rigid
2026-08-23-6tgu-s0-n100,6tgu,2026-08-23-6tgu-s0-n100-0054,0.588235,2.887755,conformer
2026-08-23-6tgu-s0-n100,6tgu,2026-08-23-6tgu-s0-n100-0055,0.529412,2.933673,rigid
2026-08-23-6tgu-s0-n100,6tgu,2026-08-23-6tgu-s0-n100-0056,0.588235,2.979592,conformer
2026-08-23-6tgu-s0-n100,6tgu,2026-08-23-6tgu-s0-n100-0057,0.411765,3.02551,rigid
2026-08-23-6tgu-s0-n100,6tgu,2026-08-23-6tgu-s0-n100-0058,0.647059,3.071429,conformer
2026-08-23-6tgu-s0-n100,6tgu,2026-08-23-6tgu-s0-n100-0059,0.529412,3.117347,rigid
2026-08-23-6tgu-s0-n100,6tgu,2026-08-23-6tgu-s0-n100-0060,0.588235,3.163265,conformer
2026-08-23-6tgu-s0-n100,6tgu,2026-08-23-6tgu-s0-n100-0061,0.588235,3.209184,rigid
2026-08-23-6tgu-s0-n100,6tgu,2026-08-23-6tgu-s0-n100-0062,0.470588,3.255102,conformer
2026-08-23-6tgu-s0-n100,6tgu,2026-08-23-6tgu-s0-n100-0063,0.588235,3.30102,rigid
2026-08-23-6tgu-s0-n100,6tgu,2026-08-23-6tgu-s0-n100-0064,0.588235,3.346939,conformer
2026-08-23-6tgu-s0-n100,6tgu,2026-08-23-6tgu-s0-n100-0065,0.588235,3.392857,rigid
2026-08-23-6tgu-s0-n100,6tgu,2026-08-23-6tgu-s0-n100-0066,0.529412,3.438776,conformer
2026-08-23-6tgu-s0-n100,6tgu,2026-08-23-6tgu-s0-n100-0067,0.529412,3.484694,rigid
2026-08-23-6tgu-s0-n100,6tgu,2026-08-23-6tgu-s0-n100-0068,0.470588,3.530612,conformer
2026-08-23-6tgu-s0-n100,6tgu,2026-08-23-6tgu-s0-n100-0069,0.647059,3.576531,rigid
2026-08-23-6tgu-s0-n100,6tgu,2026-08-23-6tgu-s0-n100-0070,0.529412,3.622449,conformer
2026-08-23-6tgu-s0-n100,6tgu,2026-08-23-6tgu-s0-n100-0071,0.529412,3.668367,rigid
2026-08-23-6tgu-s0-n100,6tgu,2026-08-23-6tgu-s0-n100-0072,0.588235,3.714286,conformer
2026-08-23-6tgu-s0-n100,6tgu,2026-08-23-6tgu-s0-n100-0073,0.411765,3.760204,rigid
2026-08-23-6tgu-s0-n100,6tgu,2026-08-23-6tgu-s0-n100-0074,0.352941,3.806122,conformer
2026-08-23-6tgu-s0-n100,6tgu,2026-08-23-6tgu-s0-n100-0075,0.588235,3.852041,rigid
2026-08-23-6tgu-s0-n100,6tgu,2026-08-23-6tgu-s0-n100-0076,0.588235,3.897959,conformer
2026-08-23-6tgu-s0-n100,6tgu,2026-08-23-6tgu-s0-n100-0077,0.470588,3.943878,rigid
2026-08-23-6tgu-s0-n100,6tgu,2026-08-23-6tgu-s0-n100-0078,0.588235,3.989796,conformer
2026-08-23-6tgu-s0-n100,6tgu,2026-08-23-6tgu-s0-n100-0079,0.647059,4.035714,rigid
2026-08-23-6tgu-s0-n100,6tgu,2026-08-23-6tgu-s0-n100-0080,0.588235,4.081633,conformer
2026-08-23-6tgu-s0-n100,6tgu,2026-08-23-6tgu-s0-n100-0081,0.470588,4.127551,rigid
2026-08-23-6tgu-s0-n100,6tgu,2026-08-23-6tgu-s0-n100-0082,0.588235,4.173469,conformer
2026-08-23-6tgu-s0-n100,6tgu,2026-08-23-6tgu-s0-n100-0083,0.647059,4.219388,rigid
2026-08-23-6tgu-s0-n100,6tgu,2026-08-23-6tgu-s0-n100-0084,0.529412,4.265306,conformer
2026-08-23-6tgu-s0-n100,6tgu,2026-08-23-6tgu-s0-n100-0085,0.411765,4.311224,rigid
2026-08-23-6tgu-s0-n100,6tgu,2026-08-23-6tgu-s0-n100-0086,0.470588,4.357143,conformer
2026-08-23-6tgu-s0-n100,6tgu,2026-08-23-6tgu-s0-n100-0087,0.588235,4.403061,rigid
2026-08-23-6tgu-s0-n100,6tgu,2026-08-23-6tgu-s0-n100-0088,0.470588,4.44898,conformer
2026-08-23-6tgu-s0-n100,6tgu,2026-08-23-6tgu-s0-n100-0089,0.470588,4.494898,rigid
2026-08-23-6tgu-s0-n100,6tgu,2026-08-23-6tgu-s0-n100-0090,0.647059,4.540816,conformer
2026-08-23-6tgu-s0-n100,6tgu,2026-08-23-6tgu-s0-n100-0091,0.705882,4.586735,rigid
2026-08-23-6tgu-s0-n100,6tgu,2026-08-23-6tgu-s0-n100-0092,0.470588,4.632653,conformer
2026-08-23-6tgu-s0-n100,6tgu,2026-08-23-6tgu-s0-n100-0093,0.470588,4.678571,rigid
2026-08-23-6tgu-s0-n100,6tgu,2026-08-23-6tgu-s0-n100-0094,0.529412,4.72449,conformer
2026-08-23-6tgu-s0-n100,6tgu,2026-08-23-6tgu-s0-n100-0095,0.470588,4.770408,rigid
2026-08-23-6tgu-s0-n100,6tgu,2026-08-23-6tgu-s0-n100-0096,0.529412,4.816327,conformer
2026-08-23-6tgu-s0-n100,6tgu,2026-08-23-6tgu-s0-n100-0097,0.411765,4.862245,rigid
2026-08-23-6tgu-s0-n100,6tgu,2026-08-23-6tgu-s0-n100-0098,0.470588,4.908163,conformer
2026-08-23-6tgu-s0-n100,6tgu,2026-08-23-6tgu-s0-n100-0099,0.529412,4.954082,rigid
2026-08-23-6tgu-s0-n100,6tgu,2026-08-23-6tgu-s0-n100-0100,0.529412,5.0,conformer
2026-08-23-6tgu-s0-n100-r1,6tgu,2026-08-23-6tgu-s0-n100-r1-0001,1.0,0.0,
2026-08-23-6tgu-s0-n100-r1,6tgu,2026-08-23-6tgu-s0-n100-r1-0002,0.882353,0.5,
2026-08-23-6tgu-s0-n100-r1,6tgu,2026-08-23-6tgu-s0-n100-r1-0003,1.0,0.545918,
2026-08-23-6tgu-s0-n100-r1,6tgu,2026-08-23-6tgu-s0-n100-r1-0004,0.823529,0.591837,
2026-08-23-6tgu-s0-n100-r1,6tgu,2026-08-23-6tgu-s0-n100-r1-0005,1.0,0.637755,
2026-08-23-6tgu-s0-n100-r1,6tgu,2026-08-23-6tgu-s0-n100-r1-0006,0.823529,0.683673,
2026-08-23-6tgu-s0-n100-r1,6tgu,2026-08-23-6tgu-s0-n100-r1-0007,0.823529,0.729592,
2026-08-23-6tgu-s0-n100-r1,6tgu,2026-08-23-6tgu-s0-n100-r1-0008,0.823529,0.77551,
2026-08-23-6tgu-s0-n100-r1,6tgu,2026-08-23-6tgu-s0-n100-r1-0009,0.823529,0.821429,
2026-08-23-6tgu-s0-n100-r1,6tgu,2026-08-23-6tgu-s0-n100-r1-0010,0.882353,0.867347,
2026-08-23-6tgu-s0-n100-r1,6tgu,2026-08-23-6tgu-s0-n100-r1-0011,0.882353,0.913265,
2026-08-23-6tgu-s0-n100-r1,6tgu,2026-08-23-6tgu-s0-n100-r1-0012,0.882353,0.959184,
2026-08-23-6tgu-s0-n100-r1,6tgu,2026-08-23-6tgu-s0-n100-r1-0013,0.705882,1.005102,
2026-08-23-6tgu-s0-n100-r1,6tgu,2026-08-23-6tgu-s0-n100-r1-0014,0.823529,1.05102,
2026-08-23-6tgu-s0-n100-r1,6tgu,2026-08-23-6tgu-s0-n100-r1-0015,0.823529,1.096939,
2026-08-23-6tgu-s0-n100-r1,6tgu,2026-08-23-6tgu-s0-n100-r1-0016,0.823529,1.142857,
2026-08-23-6tgu-s0-n100-r1,6tgu,2026-08-23-6tgu-s0-n100-r1-0017,0.764706,1.188776,
2026-08-23-6tgu-s0-n100-r1,6tgu,2026-08-23-6tgu-s0-n100-r1-0018,0.764706,1.234694,
2026-08-23-6tgu-s0-n100-r1,6tgu,2026-08-23-6tgu-s0-n100-r1-0019,0.705882,1.280612,
2026-08-23-6tgu-s0-n100-r1,6tgu,2026-08-23-6tgu-s0-n100-r1-0020,0.764706,1.326531,
2026-08-23-6tgu-s0-n100-r1,6tgu,2026-08-23-6tgu-s0-n100-r1-0021,0.705882,1.372449,
2026-08-23-6tgu-s0-n100-r1,6tgu,2026-08-23-6tgu-s0-n100-r1-0022,0.823529,1.418367,
2026-08-23-6tgu-s0-n100-r1,6tgu,2026-08-23-6tgu-s0-n100-r1-0023,0.647059,1.464286,
2026-08-23-6tgu-s0-n100-r1,6tgu,2026-08-23-6tgu-s0-n100-r1-0024,0.647059,1.510204,
2026-08-23-6tgu-s0-n100-r1,6tgu,2026-08-23-6tgu-s0-n100-r1-0025,0.705882,1.556122,
2026-08-23-6tgu-s0-n100-r1,6tgu,2026-08-23-6tgu-s0-n100-r1-0026,0.882353,1.602041,
2026-08-23-6tgu-s0-n100-r1,6tgu,2026-08-23-6tgu-s0-n100-r1-0027,0.764706,1.647959,
2026-08-23-6tgu-s0-n100-r1,6tgu,2026-08-23-6tgu-s0-n100-r1-0028,0.764706,1.693878,
2026-08-23-6tgu-s0-n100-r1,6tgu,2026-08-23-6tgu-s0-n100-r1-0029,0.705882,1.739796,
2026-08-23-6tgu-s0-n100-r1,6tgu,2026-08-23-6tgu-s0-n100-r1-0030,0.823529,1.785714,
2026-08-23-6tgu-s0-n100-r1,6tgu,2026-08-23-6tgu-s0-n100-r1-0031,0.529412,1.831633,
2026-08-23-6tgu-s0-n100-r1,6tgu,2026-08-23-6tgu-s0-n100-r1-0032,0.764706,1.877551,
2026-08-23-6tgu-s0-n100-r1,6tgu,2026-08-23-6tgu-s0-n100-r1-0033,0.705882,1.923469,
2026-08-23-6tgu-s0-n100-r1,6tgu,2026-08-23-6tgu-s0-n100-r1-0034,0.764706,1.969388,
2026-08-23-6tgu-s0-n100-r1,6tgu,2026-08-23-6tgu-s0-n100-r1-0035,0.705882,2.015306,
2026-08-23-6tgu-s0-n100-r1,6tgu,2026-08-23-6tgu-s0-n100-r1-0036,0.764706,2.061224,
2026-08-23-6tgu-s0-n100-r1,6tgu,2026-08-23-6tgu-s0-n100-r1-0037,0.705882,2.107143,
2026-08-23-6tgu-s0-n100-r1,6tgu,2026-08-23-6tgu-s0-n100-r1-0038,0.705882,2.153061,
2026-08-23-6tgu-s0-n100-r1,6tgu,2026-08-23-6tgu-s0-n100-r1-0039,0.705882,2.19898,
2026-08-23-6tgu-s0-n100-r1,6tgu,2026-08-23-6tgu-s0-n100-r1-0040,0.823529,2.244898,
2026-08-23-6tgu-s0-n100-r1,6tgu,2026-08-23-6tgu-s0-n100-r1-0041,0.588235,2.290816,
2026-08-23-6tgu-s0-n100-r1,6tgu,2026-08-23-6tgu-s0-n100-r1-0042,0.823529,2.336735,
2026-08-23-6tgu-s0-n100-r1,6tgu,2026-08-23-6tgu-s0-n100-r1-0043,0.588235,2.382653,
2026-08-23-6tgu-s0-n100-r1,6tgu,2026-08-23-6tgu-s0-n100-r1-0044,0.764706,2.428571,
2026-08-23-6tgu-s0-n100-r1,6tgu,2026-08-23-6tgu-s0-n100-r1-0045,0.588235,2.47449,
2026-08-23-6tgu-s0-n100-r1,6tgu,2026-08-23-6tgu-s0-n100-r1-0046,0.647059,2.520408,
2026-08-23-6tgu-s0-n100-r1,6tgu,2026-08-23-6tgu-s0-n100-r1-0047,0.764706,2.566327,
2026-08-23-6tgu-s0-n100-r1,6tgu,2026-08-23-6tgu-s0-n100-r1-0048,0.647059,2.612245,
2026-08-23-6tgu-s0-n100-r1,6tgu,2026-08-23-6tgu-s0-n100-r1-0049,0.764706,2.658163,
2026-08-23-6tgu-s0-n100-r1,6tgu,2026-08-23-6tgu-s0-n100-r1-0050,0.588235,2.704082,
2026-08-23-6tgu-s0-n100-r1,6tgu,2026-08-23-6tgu-s0-n100-r1-0051,0.529412,2.75,
2026-08-23-6tgu-s0-n100-r1,6tgu,2026-08-23-6tgu-s0-n100-r1-0052,0.882353,2.795918,
2026-08-23-6tgu-s0-n100-r1,6tgu,2026-08-23-6tgu-s0-n100-r1-0053,0.588235,2.841837,
2026-08-23-6tgu-s0-n100-r1,6tgu,2026-08-23-6tgu-s0-n100-r1-0054,0.647059,2.887755,
2026-08-23-6tgu-s0-n100-r1,6tgu,2026-08-23-6tgu-s0-n100-r1-0055,0.647059,2.933673,
2026-08-23-6tgu-s0-n100-r1,6tgu,2026-08-23-6tgu-s0-n100-r1-0056,0.764706,2.979592,
2026-08-23-6tgu-s0-n100-r1,6tgu,2026-08-23-6tgu-s0-n100-r1-0057,0.529412,3.02551,
2026-08-23-6tgu-s0-n100-r1,6tgu,2026-08-23-6tgu-s0-n100-r1-0058,0.588235,3.071429,
2026-08-23-6tgu-s0-n100-r1,6tgu,2026-08-23-6tgu-s0-n100-r1-0059,0.411765,3.117347,
2026-08-23-6tgu-s0-n100-r1,6tgu,2026-08-23-6tgu-s0-n100-r1-0060,0.529412,3.163265,
2026-08-23-6tgu-s0-n100-r1,6tgu,2026-08-23-6tgu-s0-n100-r1-0061,0.705882,3.209184,
2026-08-23-6tgu-s0-n100-r1,6tgu,2026-08-23-6tgu-s0-n100-r1-0062,0.470588,3.255102,
2026-08-23-6tgu-s0-n100-r1,6tgu,2026-08-23-6tgu-s0-n100-r1-0063,0.529412,3.30102,
2026-08-23-6tgu-s0-n100-r1,6tgu,2026-08-23-6tgu-s0-n100-r1-0064,0.588235,3.346939,
2026-08-23-6tgu-s0-n100-r1,6tgu,2026-08-23-6tgu-s0-n100-r1-0065,0.588235,3.392857,
2026-08-23-6tgu-s0-n100-r1,6tgu,2026-08-23-6tgu-s0-n100-r1-0066,0.411765,3.438776,
2026-08-23-6tgu-s0-n100-r1,6tgu,2026-08-23-6tgu-s0-n100-r1-0067,0.647059,3.484694,
2026-08-23-6tgu-s0-n100-r1,6tgu,2026-08-23-6tgu-s0-n100-r1-0068,0.647059,3.530612,
2026-08-23-6tgu-s0-n100-r1,6tgu,2026-08-23-6tgu-s0-n100-r1-0069,0.588235,3.576531,
2026-08-23-6tgu-s0-n100-r1,6tgu,2026-08-23-6tgu-s0-n100-r1-0070,0.529412,3.622449,
2026-08-23-6tgu-s0-n100-r1,6tgu,2026-08-23-6tgu-s0-n100-r1-0071,0.588235,3.668367,
2026-08-23-6tgu-s0-n100-r1,6tgu,2026-08-23-6tgu-s0-n100-r1-0072,0.529412,3.714286,
2026-08-23-6tgu-s0-n100-r1,6tgu,2026-08-23-6tgu-s0-n100-r1-0073,0.529412,3.760204,
2026-08-23-6tgu-s0-n100-r1,6tgu,2026-08-23-6tgu-s0-n100-r1-0074,0.705882,3.806122,
2026-08-23-6tgu-s0-n100-r1,6tgu,2026-08-23-6tgu-s0-n100-r1-0075,0.588235,3.852041,
2026-08-23-6tgu-s0-n100-r1,6tgu,2026-08-23-6tgu-s0-n100-r1-0076,0.588235,3.897959,
2026-08-23-6tgu-s0-n100-r1,6tgu,2026-08-23-6tgu-s0-n100-r1-0077,0.647059,3.943878,
2026-08-23-6tgu-s0-n100-r1,6tgu,2026-08-23-6tgu-s0-n100-r1-0078,0.529412,3.989796,
2026-08-23-6tgu-s0-n100-r1,6tgu,2026-08-23-6tgu-s0-n100-r1-0079,0.411765,4.035714,
2026-08-23-6tgu-s0-n100-r1,6tgu,2026-08-23-6tgu-s0-n100-r1-0080,0.588235,4.081633,
2026-08-23-6tgu-s0-n100-r1,6tgu,2026-08-23-6tgu-s0-n100-r1-0081,0.470588,4.127551,
2026-08-23-6tgu-s0-n100-r1,6tgu,2026-08-23-6tgu-s0-n100-r1-0082,0.529412,4.173469,
2026-08-23-6tgu-s0-n100-r1,6tgu,2026-08-23-6tgu-s0-n100-r1-0083,0.529412,4.219388,
2026-08-23-6tgu-s0-n100-r1,6tgu,2026-08-23-6tgu-s0-n100-r1-0084,0.647059,4.265306,
2026-08-23-6tgu-s0-n100-r1,6tgu,2026-08-23-6tgu-s0-n100-r1-0085,0.470588,4.311224,
2026-08-23-6tgu-s0-n100-r1,6tgu,2026-08-23-6tgu-s0-n100-r1-0086,0.411765,4.357143,
2026-08-23-6tgu-s0-n100-r1,6tgu,2026-08-23-6tgu-s0-n100-r1-0087,0.470588,4.403061,
2026-08-23-6tgu-s0-n100-r1,6tgu,2026-08-23-6tgu-s0-n100-r1-0088,0.411765,4.44898,
2026-08-23-6tgu-s0-n100-r1,6tgu,2026-08-23-6tgu-s0-n100-r1-0089,0.529412,4.494898,
2026-08-23-6tgu-s0-n100-r1,6tgu,2026-08-23-6tgu-s0-n100-r1-0090,0.588235,4.540816,
2026-08-23-6tgu-s0-n100-r1,6tgu,2026-08-23-6tgu-s0-n100-r1-0091,0.647059,4.586735,
2026-08-23-6tgu-s0-n100-r1,6tgu,2026-08-23-6tgu-s0-n100-r1-0092,0.470588,4.632653,
2026-08-23-6tgu-s0-n100-r1,6tgu,2026-08-23-6tgu-s0-n100-r1-0093,0.411765,4.678571,
2026-08-23-6tgu-s0-n100-r1,6tgu,2026-08-23-6tgu-s0-n100-r1-0094,0.588235,4.72449,
2026-08-23-6tgu-s0-n100-r1,6tgu,2026-08-23-6tgu-s0-n100-r1-0095,0.588235,4.770408,
2026-08-23-6tgu-s0-n100-r1,6tgu,2026-08-23-6tgu-s0-n100-r1-0096,0.588235,4.816327,
2026-08-23-6tgu-s0-n100-r1,6tgu,2026-08-23-6tgu-s0-n100-r1-0097,0.529412,4.862245,
2026-08-23-6tgu-s0-n100-r1,6tgu,2026-08-23-6tgu-s0-n100-r1-0098,0.588235,4.908163,
2026-08-23-6tgu-s0-n100-r1,6tgu,2026-08-23-6tgu-s0-n100-r1-0099,0.470588,4.954082,
2026-08-23-6tgu-s0-n100-r1,6tgu,2026-08-23-6tgu-s0-n100-r1-0100,0.411765,5.0,
2026-08-23-6tgu-s0-n100-r2,6tgu,2026-08-23-6tgu-s0-n100-r2-0001,1.0,0.0,
2026-08-23-6tgu-s0-n100-r2,6tgu,2026-08-23-6tgu-s0-n100-r2-0002,0.882353,0.5,
2026-08-23-6tgu-s0-n100-r2,6tgu,2026-08-23-6tgu-s0-n100-r2-0003,0.882353,0.545918,
2026-08-23-6tgu-s0-n100-r2,6tgu,2026-08-23-6tgu-s0-n100-r2-0004,0.882353,0.591837,
2026-08-23-6tgu-s0-n100-r2,6tgu,2026-08-23-6tgu-s0-n100-r2-0005,0.941176,0.637755,
2026-08-23-6tgu-s0-n100-r2,6tgu,2026-08-23-6tgu-s0-n100-r2-0006,0.823529,0.683673,
2026-08-23-6tgu-s0-n100-r2,6tgu,2026-08-23-6tgu-s0-n100-r2-0007,1.0,0.729592,
2026-08-23-6tgu-s0-n100-r2,6tgu,2026-08-23-6tgu-s0-n100-r2-0008,0.941176,0.77551,
2026-08-23-6tgu-s0-n100-r2,6tgu,2026-08-23-6tgu-s0-n100-r2-0009,0.823529,0.821429,
2026-08-23-6tgu-s0-n100-r2,6tgu,2026-08-23-6tgu-s0-n100-r2-0010,0.882353,0.867347,
2026-08-23-6tgu-s0-n100-r2,6tgu,2026-08-23-6tgu-s0-n100-r2-0011,0.823529,0.913265,
2026-08-23-6tgu-s0-n100-r2,6tgu,2026-08-23-6tgu-s0-n100-r2-0012,0.882353,0.959184,
2026-08-23-6tgu-s0-n100-r2,6tgu,2026-08-23-6tgu-s0-n100-r2-0013,0.705882,1.005102,
2026-08-23-6tgu-s0-n100-r2,6tgu,2026-08-23-6tgu-s0-n100-r2-0014,0.882353,1.05102,
2026-08-23-6tgu-s0-n100-r2,6tgu,2026-08-23-6tgu-s0-n100-r2-0015,0.705882,1.096939,
2026-08-23-6tgu-s0-n100-r2,6tgu,2026-08-23-6tgu-s0-n100-r2-0016,0.764706,1.142857,
2026-08-23-6tgu-s0-n100-r2,6tgu,2026-08-23-6tgu-s0-n100-r2-0017,0.882353,1.188776,
2026-08-23-6tgu-s0-n100-r2,6tgu,2026-08-23-6tgu-s0-n100-r2-0018,0.823529,1.234694,
2026-08-23-6tgu-s0-n100-r2,6tgu,2026-08-23-6tgu-s0-n100-r2-0019,0.647059,1.280612,
2026-08-23-6tgu-s0-n100-r2,6tgu,2026-08-23-6tgu-s0-n100-r2-0020,0.941176,1.326531,
2026-08-23-6tgu-s0-n100-r2,6tgu,2026-08-23-6tgu-s0-n100-r2-0021,0.764706,1.372449,
2026-08-23-6tgu-s0-n100-r2,6tgu,2026-08-23-6tgu-s0-n100-r2-0022,0.764706,1.418367,
2026-08-23-6tgu-s0-n100-r2,6tgu,2026-08-23-6tgu-s0-n100-r2-0023,0.647059,1.464286,
2026-08-23-6tgu-s0-n100-r2,6tgu,2026-08-23-6tgu-s0-n100-r2-0024,0.647059,1.510204,
2026-08-23-6tgu-s0-n100-r2,6tgu,2026-08-23-6tgu-s0-n100-r2-0025,0.764706,1.556122,
2026-08-23-6tgu-s0-n100-r2,6tgu,2026-08-23-6tgu-s0-n100-r2-0026,0.823529,1.602041,
2026-08-23-6tgu-s0-n100-r2,6tgu,2026-08-23-6tgu-s0-n100-r2-0027,0.647059,1.647959,
2026-08-23-6tgu-s0-n100-r2,6tgu,2026-08-23-6tgu-s0-n100-r2-0028,0.823529,1.693878,
2026-08-23-6tgu-s0-n100-r2,6tgu,2026-08-23-6tgu-s0-n100-r2-0029,0.705882,1.739796,
2026-08-23-6tgu-s0-n100-r2,6tgu,2026-08-23-6tgu-s0-n100-r2-0030,0.705882,1.785714,
2026-08-23-6tgu-s0-n100-r2,6tgu,2026-08-23-6tgu-s0-n100-r2-0031,0.647059,1.831633,
2026-08-23-6tgu-s0-n100-r2,6tgu,2026-08-23-6tgu-s0-n100-r2-0032,0.705882,1.877551,
2026-08-23-6tgu-s0-n100-r2,6tgu,2026-08-23-6tgu-s0-n100-r2-0033,0.705882,1.923469,
2026-08-23-6tgu-s0-n100-r2,6tgu,2026-08-23-6tgu-s0-n100-r2-0034,0.882353,1.969388,
2026-08-23-6tgu-s0-n100-r2,6tgu,2026-08-23-6tgu-s0-n100-r2-0035,0.529412,2.015306,
2026-08-23-6tgu-s0-n100-r2,6tgu,2026-08-23-6tgu-s0-n100-r2-0036,0.588235,2.061224,
2026-08-23-6tgu-s0-n100-r2,6tgu,2026-08-23-6tgu-s0-n100-r2-0037,0.470588,2.107143,
2026-08-23-6tgu-s0-n100-r2,6tgu,2026-08-23-6tgu-s0-n100-r2-0038,0.647059,2.153061,
2026-08-23-6tgu-s0-n100-r2,6tgu,2026-08-23-6tgu-s0-n100-r2-0039,0.470588,2.19898,
2026-08-23-6tgu-s0-n100-r2,6tgu,2026-08-23-6tgu-s0-n100-r2-0040,0.588235,2.244898,
2026-08-23-6tgu-s0-n100-r2,6tgu,2026-08-23-6tgu-s0-n100-r2-0041,0.647059,2.290816,
2026-08-23-6tgu-s0-n100-r2,6tgu,2026-08-23-6tgu-s0-n100-r2-0042,0.764706,2.336735,
2026-08-23-6tgu-s0-n100-r2,6tgu,2026-08-23-6tgu-s0-n100-r2-0043,0.529412,2.382653,
2026-08-23-6tgu-s0-n100-r2,6tgu,2026-08-23-6tgu-s0-n100-r2-0044,0.764706,2.428571,
2026-08-23-6tgu-s0-n100-r2,6tgu,2026-08-23-6tgu-s0-n100-r2-0045,0.705882,2.47449,
2026-08-23-6tgu-s0-n100-r2,6tgu,2026-08-23-6tgu-s0-n100-r2-0046,0.705882,2.520408,
2026-08-23-6tgu-s0-n100-r2,6tgu,2026-08-23-6tgu-s0-n100-r2-0047,0.529412,2.566327,
2026-08-23-6tgu-s0-n100-r2,6tgu,2026-08-23-6tgu-s0-n100-r2-0048,0.647059,2.612245,
2026-08-23-6tgu-s0-n100-r2,6tgu,2026-08-23-6tgu-s0-n100-r2-0049,0.764706,2.658163,
2026-08-23-6tgu-s0-n100-r2,6tgu,2026-08-23-6tgu-s0-n100-r2-0050,0.823529,2.704082,
2026-08-23-6tgu-s0-n100-r2,6tgu,2026-08-23-6tgu-s0-n100-r2-0051,0.705882,2.75,
2026-08-23-6tgu-s0-n100-r2,6tgu,2026-08-23-6tgu-s0-n100-r2-0052,0.529412,2.795918,
2026-08-23-6tgu-s0-n100-r2,6tgu,2026-08-23-6tgu-s0-n100-r2-0053,0.588235,2.841837,
2026-08-23-6tgu-s0-n100-r2,6tgu,2026-08-23-6tgu-s0-n100-r2-0054,0.470588,2.887755,
2026-08-23-6tgu-s0-n100-r2,6tgu,2026-08-23-6tgu-s0-n100-r2-0055,0.529412,2.933673,
2026-08-23-6tgu-s0-n100-r2,6tgu,2026-08-23-6tgu-s0-n100-r2-0056,0.588235,2.979592,
2026-08-23-6tgu-s0-n100-r2,6tgu,2026-08-23-6tgu-s0-n100-r2-0057,0.647059,3.02551,
2026-08-23-6tgu-s0-n100-r2,6tgu,2026-08-23-6tgu-s0-n100-r2-0058,0.705882,3.071429,
2026-08-23-6tgu-s0-n100-r2,6tgu,2026-08-23-6tgu-s0-n100-r2-0059,0.647059,3.117347,
2026-08-23-6tgu-s0-n100-r2,6tgu,2026-08-23-6tgu-s0-n100-r2-0060,0.647059,3.163265,
2026-08-23-6tgu-s0-n100-r2,6tgu,2026-08-23-6tgu-s0-n100-r2-0061,0.352941,3.209184,
2026-08-23-6tgu-s0-n100-r2,6tgu,2026-08-23-6tgu-s0-n100-r2-0062,0.588235,3.255102,
2026-08-23-6tgu-s0-n100-r2,6tgu,2026-08-23-6tgu-s0-n100-r2-0063,0.529412,3.30102,
2026-08-23-6tgu-s0-n100-r2,6tgu,2026-08-23-6tgu-s0-n100-r2-0064,0.470588,3.346939,
2026-08-23-6tgu-s0-n100-r2,6tgu,2026-08-23-6tgu-s0-n100-r2-0065,0.705882,3.392857,
2026-08-23-6tgu-s0-n100-r2,6tgu,2026-08-23-6tgu-s0-n100-r2-0066,0.470588,3.438776,
2026-08-23-6tgu-s0-n100-r2,6tgu,2026-08-23-6tgu-s0-n100-r2-0067,0.529412,3.484694,
2026-08-23-6tgu-s0-n100-r2,6tgu,2026-08-23-6tgu-s0-n100-r2-0068,0.529412,3.530612,
2026-08-23-6tgu-s0-n100-r2,6tgu,2026-08-23-6tgu-s0-n100-r2-0069,0.470588,3.576531,
2026-08-23-6tgu-s0-n100-r2,6tgu,2026-08-23-6tgu-s0-n100-r2-0070,0.647059,3.622449,
2026-08-23-6tgu-s0-n100-r2,6tgu,2026-08-23-6tgu-s0-n100-r2-0071,0.529412,3.668367,
2026-08-23-6tgu-s0-n100-r2,6tgu,2026-08-23-6tgu-s0-n100-r2-0072,0.588235,3.714286,
2026-08-23-6tgu-s0-n100-r2,6tgu,2026-08-23-6tgu-s0-n100-r2-0073,0.529412,3.760204,
2026-08-23-6tgu-s0-n100-r2,6tgu,2026-08-23-6tgu-s0-n100-r2-0074,0.470588,3.806122,
2026-08-23-6tgu-s0-n100-r2,6tgu,2026-08-23-6tgu-s0-n100-r2-0075,0.529412,3.852041,
2026-08-23-6tgu-s0-n100-r2,6tgu,2026-08-23-6tgu-s0-n100-r2-0076,0.647059,3.897959,
2026-08-23-6tgu-s0-n100-r2,6tgu,2026-08-23-6tgu-s0-n100-r2-0077,0.529412,3.943878,
2026-08-23-6tgu-s0-n100-r2,6tgu,2026-08-23-6tgu-s0-n100-r2-0078,0.705882,3.989796,
2026-08-23-6tgu-s0-n100-r2,6tgu,2026-08-23-6tgu-s0-n100-r2-0079,0.470588,4.035714,
2026-08-23-6tgu-s0-n100-r2,6tgu,2026-08-23-6tgu-s0-n100-r2-0080,0.588235,4.081633,
2026-08-23-6tgu-s0-n100-r2,6tgu,2026-08-23-6tgu-s0-n100-r2-0081,0.529412,4.127551,
2026-08-23-6tgu-s0-n100-r2,6tgu,2026-08-23-6tgu-s0-n100-r2-0082,0.588235,4.173469,
2026-08-23-6tgu-s0-n100-r2,6tgu,2026-08-23-6tgu-s0-n100-r2-0083,0.470588,4.219388,
2026-08-23-6tgu-s0-n100-r2,6tgu,2026-08-23-6tgu-s0-n100-r2-0084,0.529412,4.265306,
2026-08-23-6tgu-s0-n100-r2,6tgu,2026-08-23-6tgu-s0-n100-r2-0085,0.647059,4.311224,
2026-08-23-6tgu-s0-n100-r2,6tgu,2026-08-23-6tgu-s0-n100-r2-0086,0.529412,4.357143,
2026-08-23-6tgu-s0-n100-r2,6tgu,2026-08-23-6tgu-s0-n100-r2-0087,0.529412,4.403061,
2026-08-23-6tgu-s0-n100-r2,6tgu,2026-08-23-6tgu-s0-n100-r2-0088,0.470588,4.44898,
2026-08-23-6tgu-s0-n100-r2,6tgu,2026-08-23-6tgu-s0-n100-r2-0089,0.470588,4.494898,
2026-08-23-6tgu-s0-n100-r2,6tgu,2026-08-23-6tgu-s0-n100-r2-0090,0.470588,4.540816,
2026-08-23-6tgu-s0-n100-r2,6tgu,2026-08-23-6tgu-s0-n100-r2-0091,0.411765,4.586735,
2026-08-23-6tgu-s0-n100-r2,6tgu,2026-08-23-6tgu-s0-n100-r2-0092,0.470588,4.632653,
2026-08-23-6tgu-s0-n100-r2,6tgu,2026-08-23-6tgu-s0-n100-r2-0093,0.529412,4.678571,
2026-08-23-6tgu-s0-n100-r2,6tgu,2026-08-23-6tgu-s0-n100-r2-0094,0.411765,4.72449,
2026-08-23-6tgu-s0-n100-r2,6tgu,2026-08-23-6tgu-s0-n100-r2-0095,0.470588,4.770408,
2026-08-23-6tgu-s0-n100-r2,6tgu,2026-08-23-6tgu-s0-n100-r2-0096,0.470588,4.816327,
2026-08-23-6tgu-s0-n100-r2,6tgu,2026-08-23-6tgu-s0-n100-r2-0097,0.529412,4.862245,
2026-08-23-6tgu-s0-n100-r2,6tgu,2026-08-23-6tgu-s0-n100-r2-0098,0.588235,4.908163,
2026-08-23-6tgu-s0-n100-r2,6tgu,2026-08-23-6tgu-s0-n100-r2-0099,0.588235,4.954082,
2026-08-23-6tgu-s0-n100-r2,6tgu,2026-08-23-6tgu-s0-n100-r2-0100,0.470588,5.0,
2026-08-23-6tgu-s0-n100-r3,6tgu,2026-08-23-6tgu-s0-n100-r3-0001,1.0,0.0,
2026-08-23-6tgu-s0-n100-r3,6tgu,2026-08-23-6tgu-s0-n100-r3-0002,0.941176,0.5,
2026-08-23-6tgu-s0-n100-r3,6tgu,2026-08-23-6tgu-s0-n100-r3-0003,0.941176,0.545918,
2026-08-23-6tgu-s0-n100-r3,6tgu,2026-08-23-6tgu-s0-n100-r3-0004,0.882353,0.591837,
2026-08-23-6tgu-s0-n100-r3,6tgu,2026-08-23-6tgu-s0-n100-r3-0005,0.882353,0.637755,
2026-08-23-6tgu-s0-n100-r3,6tgu,2026-08-23-6tgu-s0-n100-r3-0006,0.882353,0.683673,
2026-08-23-6tgu-s0-n100-r3,6tgu,2026-08-23-6tgu-s0-n100-r3-0007,1.0,0.729592,
2026-08-23-6tgu-s0-n100-r3,6tgu,2026-08-23-6tgu-s0-n100-r3-0008,0.882353,0.77551,
2026-08-23-6tgu-s0-n100-r3,6tgu,2026-08-23-6tgu-s0-n100-r3-0009,0.823529,0.821429,
2026-08-23-6tgu-s0-n100-r3,6tgu,2026-08-23-6tgu-s0-n100-r3-0010,0.941176,0.867347,
2026-08-23-6tgu-s0-n100-r3,6tgu,2026-08-23-6tgu-s0-n100-r3-0011,0.882353,0.913265,
2026-08-23-6tgu-s0-n100-r3,6tgu,2026-08-23-6tgu-s0-n100-r3-0012,0.764706,0.959184,
2026-08-23-6tgu-s0-n100-r3,6tgu,2026-08-23-6tgu-s0-n100-r3-0013,0.882353,1.005102,
2026-08-23-6tgu-s0-n100-r3,6tgu,2026-08-23-6tgu-s0-n100-r3-0014,0.823529,1.05102,
2026-08-23-6tgu-s0-n100-r3,6tgu,2026-08-23-6tgu-s0-n100-r3-0015,0.823529,1.096939,
2026-08-23-6tgu-s0-n100-r3,6tgu,2026-08-23-6tgu-s0-n100-r3-0016,0.823529,1.142857,
2026-08-23-6tgu-s0-n100-r3,6tgu,2026-08-23-6tgu-s0-n100-r3-0017,0.882353,1.188776,
2026-08-23-6tgu-s0-n100-r3,6tgu,2026-08-23-6tgu-s0-n100-r3-0018,0.941176,1.234694,
2026-08-23-6tgu-s0-n100-r3,6tgu,2026-08-23-6tgu-s0-n100-r3-0019,0.764706,1.280612,
2026-08-23-6tgu-s0-n100-r3,6tgu,2026-08-23-6tgu-s0-n100-r3-0020,0.647059,1.326531,
2026-08-23-6tgu-s0-n100-r3,6tgu,2026-08-23-6tgu-s0-n100-r3-0021,0.941176,1.372449,
2026-08-23-6tgu-s0-n100-r3,6tgu,2026-08-23-6tgu-s0-n100-r3-0022,0.647059,1.418367,
2026-08-23-6tgu-s0-n100-r3,6tgu,2026-08-23-6tgu-s0-n100-r3-0023,0.882353,1.464286,
2026-08-23-6tgu-s0-n100-r3,6tgu,2026-08-23-6tgu-s0-n100-r3-0024,0.882353,1.510204,
2026-08-23-6tgu-s0-n100-r3,6tgu,2026-08-23-6tgu-s0-n100-r3-0025,0.705882,1.556122,
2026-08-23-6tgu-s0-n100-r3,6tgu,2026-08-23-6tgu-s0-n100-r3-0026,0.764706,1.602041,
2026-08-23-6tgu-s0-n100-r3,6tgu,2026-08-23-6tgu-s0-n100-r3-0027,0.764706,1.647959,
2026-08-23-6tgu-s0-n100-r3,6tgu,2026-08-23-6tgu-s0-n100-r3-0028,0.588235,1.693878,
2026-08-23-6tgu-s0-n100-r3,6tgu,2026-08-23-6tgu-s0-n100-r3-0029,0.529412,1.739796,
2026-08-23-6tgu-s0-n100-r3,6tgu,2026-08-23-6tgu-s0-n100-r3-0030,0.764706,1.785714,
2026-08-23-6tgu-s0-n100-r3,6tgu,2026-08-23-6tgu-s0-n100-r3-0031,0.705882,1.831633,
2026-08-23-6tgu-s0-n100-r3,6tgu,2026-08-23-6tgu-s0-n100-r3-0032,0.705882,1.877551,
2026-08-23-6tgu-s0-n100-r3,6tgu,2026-08-23-6tgu-s0-n100-r3-0033,0.647059,1.923469,
2026-08-23-6tgu-s0-n100-r3,6tgu,2026-08-23-6tgu-s0-n100-r3-0034,0.705882,1.969388,
2026-08-23-6tgu-s0-n100-r3,6tgu,2026-08-23-6tgu-s0-n100-r3-0035,0.705882,2.015306,
2026-08-23-6tgu-s0-n100-r3,6tgu,2026-08-23-6tgu-s0-n100-r3-0036,0.705882,2.061224,
2026-08-23-6tgu-s0-n100-r3,6tgu,2026-08-23-6tgu-s0-n100-r3-0037,0.647059,2.107143,
2026-08-23-6tgu-s0-n100-r3,6tgu,2026-08-23-6tgu-s0-n100-r3-0038,0.764706,2.153061,
2026-08-23-6tgu-s0-n100-r3,6tgu,2026-08-23-6tgu-s0-n100-r3-0039,0.588235,2.19898,
2026-08-23-6tgu-s0-n100-r3,6tgu,2026-08-23-6tgu-s0-n100-r3-0040,0.882353,2.244898,
2026-08-23-6tgu-s0-n100-r3,6tgu,2026-08-23-6tgu-s0-n100-r3-0041,0.705882,2.290816,
2026-08-23-6tgu-s0-n100-r3,6tgu,2026-08-23-6tgu-s0-n100-r3-0042,0.764706,2.336735,
2026-08-23-6tgu-s0-n100-r3,6tgu,2026-08-23-6tgu-s0-n100-r3-0043,0.411765,2.382653,
2026-08-23-6tgu-s0-n100-r3,6tgu,2026-08-23-6tgu-s0-n100-r3-0044,0.588235,2.428571,
2026-08-23-6tgu-s0-n100-r3,6tgu,2026-08-23-6tgu-s0-n100-r3-0045,0.529412,2.47449,
2026-08-23-6tgu-s0-n100-r3,6tgu,2026-08-23-6tgu-s0-n100-r3-0046,0.647059,2.520408,
2026-08-23-6tgu-s0-n100-r3,6tgu,2026-08-23-6tgu-s0-n100-r3-0047,0.529412,2.566327,
2026-08-23-6tgu-s0-n100-r3,6tgu,2026-08-23-6tgu-s0-n100-r3-0048,0.882353,2.612245,
2026-08-23-6tgu-s0-n100-r3,6tgu,2026-08-23-6tgu-s0-n100-r3-0049,0.647059,2.658163,
2026-08-23-6tgu-s0-n100-r3,6tgu,2026-08-23-6tgu-s0-n100-r3-0050,0.882353,2.704082,
2026-08-23-6tgu-s0-n100-r3,6tgu,2026-08-23-6tgu-s0-n100-r3-0051,0.647059,2.75,
2026-08-23-6tgu-s0-n100-r3,6tgu,2026-08-23-6tgu-s0-n100-r3-0052,0.705882,2.795918,
2026-08-23-6tgu-s0-n100-r3,6tgu,2026-08-23-6tgu-s0-n100-r3-0053,0.529412,2.841837,
2026-08-23-6tgu-s0-n100-r3,6tgu,2026-08-23-6tgu-s0-n100-r3-0054,0.588235,2.887755,
2026-08-23-6tgu-s0-n100-r3,6tgu,2026-08-23-6tgu-s0-n100-r3-0055,0.647059,2.933673,
2026-08-23-6tgu-s0-n100-r3,6tgu,2026-08-23-6tgu-s0-n100-r3-0056,0.647059,2.979592,
2026-08-23-6tgu-s0-n100-r3,6tgu,2026-08-23-6tgu-s0-n100-r3-0057,0.470588,3.02551,
2026-08-23-6tgu-s0-n100-r3,6tgu,2026-08-23-6tgu-s0-n100-r3-0058,0.529412,3.071429,
2026-08-23-6tgu-s0-n100-r3,6tgu,2026-08-23-6tgu-s0-n100-r3-0059,0.529412,3.117347,
2026-08-23-6tgu-s0-n100-r3,6tgu,2026-08-23-6tgu-s0-n100-r3-0060,0.470588,3.163265,
2026-08-23-6tgu-s0-n100-r3,6tgu,2026-08-23-6tgu-s0-n100-r3-0061,0.470588,3.209184,
2026-08-23-6tgu-s0-n100-r3,6tgu,2026-08-23-6tgu-s0-n100-r3-0062,0.529412,3.255102,
2026-08-23-6tgu-s0-n100-r3,6tgu,2026-08-23-6tgu-s0-n100-r3-0063,0.647059,3.30102,
2026-08-23-6tgu-s0-n100-r3,6tgu,2026-08-23-6tgu-s0-n100-r3-0064,0.529412,3.346939,
2026-08-23-6tgu-s0-n100-r3,6tgu,2026-08-23-6tgu-s0-n100-r3-0065,0.647059,3.392857,
2026-08-23-6tgu-s0-n100-r3,6tgu,2026-08-23-6tgu-s0-n100-r3-0066,0.411765,3.438776,
2026-08-23-6tgu-s0-n100-r3,6tgu,2026-08-23-6tgu-s0-n100-r3-0067,0.529412,3.484694,
2026-08-23-6tgu-s0-n100-r3,6tgu,2026-08-23-6tgu-s0-n100-r3-0068,0.588235,3.530612,
2026-08-23-6tgu-s0-n100-r3,6tgu,2026-08-23-6tgu-s0-n100-r3-0069,0.470588,3.576531,
2026-08-23-6tgu-s0-n100-r3,6tgu,2026-08-23-6tgu-s0-n100-r3-0070,0.529412,3.622449,
2026-08-23-6tgu-s0-n100-r3,6tgu,2026-08-23-6tgu-s0-n100-r3-0071,0.529412,3.668367,
2026-08-23-6tgu-s0-n100-r3,6tgu,2026-08-23-6tgu-s0-n100-r3-0072,0.647059,3.714286,
2026-08-23-6tgu-s0-n100-r3,6tgu,2026-08-23-6tgu-s0-n100-r3-0073,0.588235,3.760204,
2026-08-23-6tgu-s0-n100-r3,6tgu,2026-08-23-6tgu-s0-n100-r3-0074,0.470588,3.806122,
2026-08-23-6tgu-s0-n100-r3,6tgu,2026-08-23-6tgu-s0-n100-r3-0075,0.470588,3.852041,
2026-08-23-6tgu-s0-n100-r3,6tgu,2026-08-23-6tgu-s0-n100-r3-0076,0.470588,3.897959,
2026-08-23-6tgu-s0-n100-r3,6tgu,2026-08-23-6tgu-s0-n100-r3-0077,0.705882,3.943878,
2026-08-23-6tgu-s0-n100-r3,6tgu,2026-08-23-6tgu-s0-n100-r3-0078,0.411765,3.989796,
2026-08-23-6tgu-s0-n100-r3,6tgu,2026-08-23-6tgu-s0-n100-r3-0079,0.588235,4.035714,
2026-08-23-6tgu-s0-n100-r3,6tgu,2026-08-23-6tgu-s0-n100-r3-0080,0.470588,4.081633,
2026-08-23-6tgu-s0-n100-r3,6tgu,2026-08-23-6tgu-s0-n100-r3-0081,0.411765,4.127551,
2026-08-23-6tgu-s0-n100-r3,6tgu,2026-08-23-6tgu-s0-n100-r3-0082,0.588235,4.173469,
2026-08-23-6tgu-s0-n100-r3,6tgu,2026-08-23-6tgu-s0-n100-r3-0083,0.411765,4.219388,
2026-08-23-6tgu-s0-n100-r3,6tgu,2026-08-23-6tgu-s0-n100-r3-0084,0.529412,4.265306,
2026-08-23-6tgu-s0-n100-r3,6tgu,2026-08-23-6tgu-s0-n100-r3-0085,0.529412,4.311224,
2026-08-23-6tgu-s0-n100-r3,6tgu,2026-08-23-6tgu-s0-n100-r3-0086,0.588235,4.357143,
2026-08-23-6tgu-s0-n100-r3,6tgu,2026-08-23-6tgu-s0-n100-r3-0087,0.529412,4.403061,
2026-08-23-6tgu-s0-n100-r3,6tgu,2026-08-23-6tgu-s0-n100-r3-0088,0.411765,4.44898,
2026-08-23-6tgu-s0-n100-r3,6tgu,2026-08-23-6tgu-s0-n100-r3-0089,0.470588,4.494898,
2026-08-23-6tgu-s0-n100-r3,6tgu,2026-08-23-6tgu-s0-n100-r3-0090,0.529412,4.540816,
2026-08-23-6tgu-s0-n100-r3,6tgu,2026-08-23-6tgu-s0-n100-r3-0091,0.470588,4.586735,
2026-08-23-6tgu-s0-n100-r3,6tgu,2026-08-23-6tgu-s0-n100-r3-0092,0.529412,4.632653,
2026-08-23-6tgu-s0-n100-r3,6tgu,2026-08-23-6tgu-s0-n100-r3-0093,0.470588,4.678571,
2026-08-23-6tgu-s0-n100-r3,6tgu,2026-08-23-6tgu-s0-n100-r3-0094,0.411765,4.72449,
2026-08-23-6tgu-s0-n100-r3,6tgu,2026-08-23-6tgu-s0-n100-r3-0095,0.352941,4.770408,
2026-08-23-6tgu-s0-n100-r3,6tgu,2026-08-23-6tgu-s0-n100-r3-0096,0.411765,4.816327,
2026-08-23-6tgu-s0-n100-r3,6tgu,2026-08-23-6tgu-s0-n100-r3-0097,0.470588,4.862245,
2026-08-23-6tgu-s0-n100-r3,6tgu,2026-08-23-6tgu-s0-n100-r3-0098,0.470588,4.908163,
2026-08-23-6tgu-s0-n100-r3,6tgu,2026-08-23-6tgu-s0-n100-r3-0099,0.470588,4.954082,
2026-08-23-6tgu-s0-n100-r3,6tgu,2026-08-23-6tgu-s0-n100-r3-0100,0.588235,5.0,
2026-08-23-6tgu-s0-n100-r4,6tgu,2026-08-23-6tgu-s0-n100-r4-0001,1.0,0.0,
2026-08-23-6tgu-s0-n100-r4,6tgu,2026-08-23-6tgu-s0-n100-r4-0002,0.941176,0.5,
2026-08-23-6tgu-s0-n100-r4,6tgu,2026-08-23-6tgu-s0-n100-r4-0003,0.882353,0.545918,
2026-08-23-6tgu-s0-n100-r4,6tgu,2026-08-23-6tgu-s0-n100-r4-0004,0.882353,0.591837,
2026-08-23-6tgu-s0-n100-r4,6tgu,2026-08-23-6tgu-s0-n100-r4-0005,0.941176,0.637755,
2026-08-23-6tgu-s0-n100-r4,6tgu,2026-08-23-6tgu-s0-n100-r4-0006,0.823529,0.683673,
2026-08-23-6tgu-s0-n100-r4,6tgu,2026-08-23-6tgu-s0-n100-r4-0007,0.882353,0.729592,
2026-08-23-6tgu-s0-n100-r4,6tgu,2026-08-23-6tgu-s0-n100-r4-0008,0.882353,0.77551,
2026-08-23-6tgu-s0-n100-r4,6tgu,2026-08-23-6tgu-s0-n100-r4-0009,1.0,0.821429,
2026-08-23-6tgu-s0-n100-r4,6tgu,2026-08-23-6tgu-s0-n100-r4-0010,0.764706,0.867347,
2026-08-23-6tgu-s0-n100-r4,6tgu,2026-08-23-6tgu-s0-n100-r4-0011,0.823529,0.913265,
2026-08-23-6tgu-s0-n100-r4,6tgu,2026-08-23-6tgu-s0-n100-r4-0012,0.882353,0.959184,
2026-08-23-6tgu-s0-n100-r4,6tgu,2026-08-23-6tgu-s0-n100-r4-0013,0.764706,1.005102,
2026-08-23-6tgu-s0-n100-r4,6tgu,2026-08-23-6tgu-s0-n100-r4-0014,0.823529,1.05102,
2026-08-23-6tgu-s0-n100-r4,6tgu,2026-08-23-6tgu-s0-n100-r4-0015,0.823529,1.096939,
2026-08-23-6tgu-s0-n100-r4,6tgu,2026-08-23-6tgu-s0-n100-r4-0016,0.823529,1.142857,
2026-08-23-6tgu-s0-n100-r4,6tgu,2026-08-23-6tgu-s0-n100-r4-0017,0.823529,1.188776,
2026-08-23-6tgu-s0-n100-r4,6tgu,2026-08-23-6tgu-s0-n100-r4-0018,0.764706,1.234694,
2026-08-23-6tgu-s0-n100-r4,6tgu,2026-08-23-6tgu-s0-n100-r4-0019,0.764706,1.280612,
2026-08-23-6tgu-s0-n100-r4,6tgu,2026-08-23-6tgu-s0-n100-r4-0020,0.764706,1.326531,
2026-08-23-6tgu-s0-n100-r4,6tgu,2026-08-23-6tgu-s0-n100-r4-0021,0.647059,1.372449,
2026-08-23-6tgu-s0-n100-r4,6tgu,2026-08-23-6tgu-s0-n100-r4-0022,0.823529,1.418367,
2026-08-23-6tgu-s0-n100-r4,6tgu,2026-08-23-6tgu-s0-n100-r4-0023,0.705882,1.464286,
2026-08-23-6tgu-s0-n100-r4,6tgu,2026-08-23-6tgu-s0-n100-r4-0024,0.882353,1.510204,
2026-08-23-6tgu-s0-n100-r4,6tgu,2026-08-23-6tgu-s0-n100-r4-0025,0.764706,1.556122,
2026-08-23-6tgu-s0-n100-r4,6tgu,2026-08-23-6tgu-s0-n100-r4-0026,0.764706,1.602041,
2026-08-23-6tgu-s0-n100-r4,6tgu,2026-08-23-6tgu-s0-n100-r4-0027,0.823529,1.647959,
2026-08-23-6tgu-s0-n100-r4,6tgu,2026-08-23-6tgu-s0-n100-r4-0028,0.705882,1.693878,
2026-08-23-6tgu-s0-n100-r4,6tgu,2026-08-23-6tgu-s0-n100-r4-0029,0.588235,1.739796,
2026-08-23-6tgu-s0-n100-r4,6tgu,2026-08-23-6tgu-s0-n100-r4-0030,0.764706,1.785714,
2026-08-23-6tgu-s0-n100-r4,6tgu,2026-08-23-6tgu-s0-n100-r4-0031,0.647059,1.831633,
2026-08-23-6tgu-s0-n100-r4,6tgu,2026-08-23-6tgu-s0-n100-r4-0032,0.764706,1.877551,
2026-08-23-6tgu-s0-n100-r4,6tgu,2026-08-23-6tgu-s0-n100-r4-0033,0.705882,1.923469,
2026-08-23-6tgu-s0-n100-r4,6tgu,2026-08-23-6tgu-s0-n100-r4-0034,0.764706,1.969388,
2026-08-23-6tgu-s0-n100-r4,6tgu,2026-08-23-6tgu-s0-n100-r4-0035,0.588235,2.015306,
2026-08-23-6tgu-s0-n100-r4,6tgu,2026-08-23-6tgu-s0-n100-r4-0036,0.588235,2.061224,
2026-08-23-6tgu-s0-n100-r4,6tgu,2026-08-23-6tgu-s0-n100-r4-0037,0.588235,2.107143,
2026-08-23-6tgu-s0-n100-r4,6tgu,2026-08-23-6tgu-s0-n100-r4-0038,0.588235,2.153061,
2026-08-23-6tgu-s0-n100-r4,6tgu,2026-08-23-6tgu-s0-n100-r4-0039,0.470588,2.19898,
2026-08-23-6tgu-s0-n100-r4,6tgu,2026-08-23-6tgu-s0-n100-r4-0040,0.647059,2.244898,
2026-08-23-6tgu-s0-n100-r4,6tgu,2026-08-23-6tgu-s0-n100-r4-0041,0.588235,2.290816,
2026-08-23-6tgu-s0-n100-r4,6tgu,2026-08-23-6tgu-s0-n100-r4-0042,0.647059,2.336735,
2026-08-23-6tgu-s0-n100-r4,6tgu,2026-08-23-6tgu-s0-n100-r4-0043,0.529412,2.382653,
2026-08-23-6tgu-s0-n100-r4,6tgu,2026-08-23-6tgu-s0-n100-r4-0044,0.764706,2.428571,
2026-08-23-6tgu-s0-n100-r4,6tgu,2026-08-23-6tgu-s0-n100-r4-0045,0.705882,2.47449,
2026-08-23-6tgu-s0-n100-r4,6tgu,2026-08-23-6tgu-s0-n100-r4-0046,0.647059,2.520408,
2026-08-23-6tgu-s0-n100-r4,6tgu,2026-08-23-6tgu-s0-n100-r4-0047,0.588235,2.566327,
2026-08-23-6tgu-s0-n100-r4,6tgu,2026-08-23-6tgu-s0-n100-r4-0048,0.823529,2.612245,
2026-08-23-6tgu-s0-n100-r4,6tgu,2026-08-23-6tgu-s0-n100-r4-0049,0.529412,2.658163,
2026-08-23-6tgu-s0-n100-r4,6tgu,2026-08-23-6tgu-s0-n100-r4-0050,0.823529,2.704082,
2026-08-23-6tgu-s0-n100-r4,6tgu,2026-08-23-6tgu-s0-n100-r4-0051,0.588235,2.75,
2026-08-23-6tgu-s0-n100-r4,6tgu,2026-08-23-6tgu-s0-n100-r4-0052,0.941176,2.795918,
2026-08-23-6tgu-s0-n100-r4,6tgu,2026-08-23-6tgu-s0-n100-r4-0053,0.411765,2.841837,
2026-08-23-6tgu-s0-n100-r4,6tgu,2026-08-23-6tgu-s0-n100-r4-0054,0.588235,2.887755,
2026-08-23-6tgu-s0-n100-r4,6tgu,2026-08-23-6tgu-s0-n100-r4-0055,0.705882,2.933673,
2026-08-23-6tgu-s0-n100-r4,6tgu,2026-08-23-6tgu-s0-n100-r4-0056,0.588235,2.979592,
2026-08-23-6tgu-s0-n100-r4,6tgu,2026-08-23-6tgu-s0-n100-r4-0057,0.529412,3.02551,
2026-08-23-6tgu-s0-n100-r4,6tgu,2026-08-23-6tgu-s0-n100-r4-0058,0.588235,3.071429,
2026-08-23-6tgu-s0-n100-r4,6tgu,2026-08-23-6tgu-s0-n100-r4-0059,0.411765,3.117347,
2026-08-23-6tgu-s0-n100-r4,6tgu,2026-08-23-6tgu-s0-n100-r4-0060,0.705882,3.163265,
2026-08-23-6tgu-s0-n100-r4,6tgu,2026-08-23-6tgu-s0-n100-r4-0061,0.588235,3.209184,
2026-08-23-6tgu-s0-n100-r4,6tgu,2026-08-23-6tgu-s0-n100-r4-0062,0.705882,3.255102,
2026-08-23-6tgu-s0-n100-r4,6tgu,2026-08-23-6tgu-s0-n100-r4-0063,0.529412,3.30102,
2026-08-23-6tgu-s0-n100-r4,6tgu,2026-08-23-6tgu-s0-n100-r4-0064,0.647059,3.346939,
2026-08-23-6tgu-s0-n100-r4,6tgu,2026-08-23-6tgu-s0-n100-r4-0065,0.411765,3.392857,
2026-08-23-6tgu-s0-n100-r4,6tgu,2026-08-23-6tgu-s0-n100-r4-0066,0.411765,3.438776,
2026-08-23-6tgu-s0-n100-r4,6tgu,2026-08-23-6tgu-s0-n100-r4-0067,0.352941,3.484694,
2026-08-23-6tgu-s0-n100-r4,6tgu,2026-08-23-6tgu-s0-n100-r4-0068,0.588235,3.530612,
2026-08-23-6tgu-s0-n100-r4,6tgu,2026-08-23-6tgu-s0-n100-r4-0069,0.588235,3.576531,
2026-08-23-6tgu-s0-n100-r4,6tgu,2026-08-23-6tgu-s0-n100-r4-0070,0.647059,3.622449,
2026-08-23-6tgu-s0-n100-r4,6tgu,2026-08-23-6tgu-s0-n100-r4-0071,0.588235,3.668367,
2026-08-23-6tgu-s0-n100-r4,6tgu,2026-08-23-6tgu-s0-n100-r4-0072,0.647059,3.714286,
2026-08-23-6tgu-s0-n100-r4,6tgu,2026-08-23-6tgu-s0-n100-r4-0073,0.705882,3.760204,
2026-08-23-6tgu-s0-n100-r4,6tgu,2026-08-23-6tgu-s0-n100-r4-0074,0.588235,3.806122,
2026-08-23-6tgu-s0-n100-r4,6tgu,2026-08-23-6tgu-s0-n100-r4-0075,0.352941,3.852041,
2026-08-23-6tgu-s0-n100-r4,6tgu,2026-08-23-6tgu-s0-n100-r4-0076,0.647059,3.897959,
2026-08-23-6tgu-s0-n100-r4,6tgu,2026-08-23-6tgu-s0-n100-r4-0077,0.705882,3.943878,
2026-08-23-6tgu-s0-n100-r4,6tgu,2026-08-23-6tgu-s0-n100-r4-0078,0.470588,3.989796,
2026-08-23-6tgu-s0-n100-r4,6tgu,2026-08-23-6tgu-s0-n100-r4-0079,0.411765,4.035714,
2026-08-23-6tgu-s0-n100-r4,6tgu,2026-08-23-6tgu-s0-n100-r4-0080,0.529412,4.081633,
2026-08-23-6tgu-s0-n100-r4,6tgu,2026-08-23-6tgu-s0-n100-r4-0081,0.411765,4.127551,
2026-08-23-6tgu-s0-n100-r4,6tgu,2026-08-23-6tgu-s0-n100-r4-0082,0.647059,4.173469,
2026-08-23-6tgu-s0-n100-r4,6tgu,2026-08-23-6tgu-s0-n100-r4-0083,0.411765,4.219388,
2026-08-23-6tgu-s0-n100-r4,6tgu,2026-08-23-6tgu-s0-n100-r4-0084,0.588235,4.265306,
2026-08-23-6tgu-s0-n100-r4,6tgu,2026-08-23-6tgu-s0-n100-r4-0085,0.529412,4.311224,
2026-08-23-6tgu-s0-n100-r4,6tgu,2026-08-23-6tgu-s0-n100-r4-0086,0.588235,4.357143,
2026-08-23-6tgu-s0-n100-r4,6tgu,2026-08-23-6tgu-s0-n100-r4-0087,0.647059,4.403061,
2026-08-23-6tgu-s0-n100-r4,6tgu,2026-08-23-6tgu-s0-n100-r4-0088,0.529412,4.44898,
2026-08-23-6tgu-s0-n100-r4,6tgu,2026-08-23-6tgu-s0-n100-r4-0089,0.470588,4.494898,
2026-08-23-6tgu-s0-n100-r4,6tgu,2026-08-23-6tgu-s0-n100-r4-0090,0.470588,4.540816,
2026-08-23-6tgu-s0-n100-r4,6tgu,2026-08-23-6tgu-s0-n100-r4-0091,0.647059,4.586735,
2026-08-23-6tgu-s0-n100-r4,6tgu,2026-08-23-6tgu-s0-n100-r4-0092,0.470588,4.632653,
2026-08-23-6tgu-s0-n100-r4,6tgu,2026-08-23-6tgu-s0-n100-r4-0093,0.529412,4.678571,
2026-08-23-6tgu-s0-n100-r4,6tgu,2026-08-23-6tgu-s0-n100-r4-0094,0.470588,4.72449,
2026-08-23-6tgu-s0-n100-r4,6tgu,2026-08-23-6tgu-s0-n100-r4-0095,0.470588,4.770408,
2026-08-23-6tgu-s0-n100-r4,6tgu,2026-08-23-6tgu-s0-n100-r4-0096,0.411765,4.816327,
2026-08-23-6tgu-s0-n100-r4,6tgu,2026-08-23-6tgu-s0-n100-r4-0097,0.411765,4.862245,
2026-08-23-6tgu-s0-n100-r4,6tgu,2026-08-23-6tgu-s0-n100-r4-0098,0.470588,4.908163,
2026-08-23-6tgu-s0-n100-r4,6tgu,2026-08-23-6tgu-s0-n100-r4-0099,0.588235,4.954082,
2026-08-23-6tgu-s0-n100-r4,6tgu,2026-08-23-6tgu-s0-n100-r4-0100,0.411765,5.0,
2026-08-23-6tgu-s0-n100-r5,6tgu,2026-08-23-6tgu-s0-n100-r5-0001,1.0,0.0,
2026-08-23-6tgu-s0-n100-r5,6tgu,2026-08-23-6tgu-s0-n100-r5-0002,0.882353,0.5,
2026-08-23-6tgu-s0-n100-r5,6tgu,2026-08-23-6tgu-s0-n100-r5-0003,0.941176,0.545918,
2026-08-23-6tgu-s0-n100-r5,6tgu,2026-08-23-6tgu-s0-n100-r5-0004,0.882353,0.591837,
2026-08-23-6tgu-s0-n100-r5,6tgu,2026-08-23-6tgu-s0-n100-r5-0005,1.0,0.637755,
2026-08-23-6tgu-s0-n100-r5,6tgu,2026-08-23-6tgu-s0-n100-r5-0006,0.823529,0.683673,
2026-08-23-6tgu-s0-n100-r5,6tgu,2026-08-23-6tgu-s0-n100-r5-0007,0.941176,0.729592,
2026-08-23-6tgu-s0-n100-r5,6tgu,2026-08-23-6tgu-s0-n100-r5-0008,0.882353,0.77551,
2026-08-23-6tgu-s0-n100-r5,6tgu,2026-08-23-6tgu-s0-n100-r5-0009,1.0,0.821429,
2026-08-23-6tgu-s0-n100-r5,6tgu,2026-08-23-6tgu-s0-n100-r5-0010,0.823529,0.867347,
2026-08-23-6tgu-s0-n100-r5,6tgu,2026-08-23-6tgu-s0-n100-r5-0011,0.941176,0.913265,
2026-08-23-6tgu-s0-n100-r5,6tgu,2026-08-23-6tgu-s0-n100-r5-0012,0.823529,0.959184,
2026-08-23-6tgu-s0-n100-r5,6tgu,2026-08-23-6tgu-s0-n100-r5-0013,0.823529,1.005102,
2026-08-23-6tgu-s0-n100-r5,6tgu,2026-08-23-6tgu-s0-n100-r5-0014,0.764706,1.05102,
2026-08-23-6tgu-s0-n100-r5,6tgu,2026-08-23-6tgu-s0-n100-r5-0015,0.823529,1.096939,
2026-08-23-6tgu-s0-n100-r5,6tgu,2026-08-23-6tgu-s0-n100-r5-0016,0.882353,1.142857,
2026-08-23-6tgu-s0-n100-r5,6tgu,2026-08-23-6tgu-s0-n100-r5-0017,0.705882,1.188776,
2026-08-23-6tgu-s0-n100-r5,6tgu,2026-08-23-6tgu-s0-n100-r5-0018,0.941176,1.234694,
2026-08-23-6tgu-s0-n100-r5,6tgu,2026-08-23-6tgu-s0-n100-r5-0019,0.705882,1.280612,
2026-08-23-6tgu-s0-n100-r5,6tgu,2026-08-23-6tgu-s0-n100-r5-0020,0.764706,1.326531,
2026-08-23-6tgu-s0-n100-r5,6tgu,2026-08-23-6tgu-s0-n100-r5-0021,0.705882,1.372449,
2026-08-23-6tgu-s0-n100-r5,6tgu,2026-08-23-6tgu-s0-n100-r5-0022,0.882353,1.418367,
2026-08-23-6tgu-s0-n100-r5,6tgu,2026-08-23-6tgu-s0-n100-r5-0023,0.705882,1.464286,
2026-08-23-6tgu-s0-n100-r5,6tgu,2026-08-23-6tgu-s0-n100-r5-0024,0.823529,1.510204,
2026-08-23-6tgu-s0-n100-r5,6tgu,2026-08-23-6tgu-s0-n100-r5-0025,0.588235,1.556122,
2026-08-23-6tgu-s0-n100-r5,6tgu,2026-08-23-6tgu-s0-n100-r5-0026,0.882353,1.602041,
2026-08-23-6tgu-s0-n100-r5,6tgu,2026-08-23-6tgu-s0-n100-r5-0027,0.647059,1.647959,
2026-08-23-6tgu-s0-n100-r5,6tgu,2026-08-23-6tgu-s0-n100-r5-0028,0.823529,1.693878,
2026-08-23-6tgu-s0-n100-r5,6tgu,2026-08-23-6tgu-s0-n100-r5-0029,0.647059,1.739796,
2026-08-23-6tgu-s0-n100-r5,6tgu,2026-08-23-6tgu-s0-n100-r5-0030,0.764706,1.785714,
2026-08-23-6tgu-s0-n100-r5,6tgu,2026-08-23-6tgu-s0-n100-r5-0031,0.764706,1.831633,
2026-08-23-6tgu-s0-n100-r5,6tgu,2026-08-23-6tgu-s0-n100-r5-0032,0.705882,1.877551,
2026-08-23-6tgu-s0-n100-r5,6tgu,2026-08-23-6tgu-s0-n100-r5-0033,0.588235,1.923469,
2026-08-23-6tgu-s0-n100-r5,6tgu,2026-08-23-6tgu-s0-n100-r5-0034,0.823529,1.969388,
2026-08-23-6tgu-s0-n100-r5,6tgu,2026-08-23-6tgu-s0-n100-r5-0035,0.705882,2.015306,
2026-08-23-6tgu-s0-n100-r5,6tgu,2026-08-23-6tgu-s0-n100-r5-0036,0.705882,2.061224,
2026-08-23-6tgu-s0-n100-r5,6tgu,2026-08-23-6tgu-s0-n100-r5-0037,0.764706,2.107143,
2026-08-23-6tgu-s0-n100-r5,6tgu,2026-08-23-6tgu-s0-n100-r5-0038,0.647059,2.153061,
2026-08-23-6tgu-s0-n100-r5,6tgu,2026-08-23-6tgu-s0-n100-r5-0039,0.588235,2.19898,
2026-08-23-6tgu-s0-n100-r5,6tgu,2026-08-23-6tgu-s0-n100-r5-0040,0.764706,2.244898,
2026-08-23-6tgu-s0-n100-r5,6tgu,2026-08-23-6tgu-s0-n100-r5-0041,0.529412,2.290816,
2026-08-23-6tgu-s0-n100-r5,6tgu,2026-08-23-6tgu-s0-n100-r5-0042,0.705882,2.336735,
2026-08-23-6tgu-s0-n100-r5,6tgu,2026-08-23-6tgu-s0-n100-r5-0043,0.705882,2.382653,
2026-08-23-6tgu-s0-n100-r5,6tgu,2026-08-23-6tgu-s0-n100-r5-0044,0.588235,2.428571,
2026-08-23-6tgu-s0-n100-r5,6tgu,2026-08-23-6tgu-s0-n100-r5-0045,0.588235,2.47449,
2026-08-23-6tgu-s0-n100-r5,6tgu,2026-08-23-6tgu-s0-n100-r5-0046,0.705882,2.520408,
2026-08-23-6tgu-s0-n100-r5,6tgu,2026-08-23-6tgu-s0-n100-r5-0047,0.588235,2.566327,
2026-08-23-6tgu-s0-n100-r5,6tgu,2026-08-23-6tgu-s0-n100-r5-0048,0.647059,2.612245,
2026-08-23-6tgu-s0-n100-r5,6tgu,2026-08-23-6tgu-s0-n100-r5-0049,0.470588,2.658163,
2026-08-23-6tgu-s0-n100-r5,6tgu,2026-08-23-6tgu-s0-n100-r5-0050,0.647059,2.704082,
2026-08-23-6tgu-s0-n100-r5,6tgu,2026-08-23-6tgu-s0-n100-r5-0051,0.588235,2.75,
2026-08-23-6tgu-s0-n100-r5,6tgu,2026-08-23-6tgu-s0-n100-r5-0052,0.529412,2.795918,
2026-08-23-6tgu-s0-n100-r5,6tgu,2026-08-23-6tgu-s0-n100-r5-0053,0.705882,2.841837,
2026-08-23-6tgu-s0-n100-r5,6tgu,2026-08-23-6tgu-s0-n100-r5-0054,0.588235,2.887755,
2026-08-23-6tgu-s0-n100-r5,6tgu,2026-08-23-6tgu-s0-n100-r5-0055,0.588235,2.933673,
2026-08-23-6tgu-s0-n100-r5,6tgu,2026-08-23-6tgu-s0-n100-r5-0056,0.529412,2.979592,
2026-08-23-6tgu-s0-n100-r5,6tgu,2026-08-23-6tgu-s0-n100-r5-0057,0.529412,3.02551,
2026-08-23-6tgu-s0-n100-r5,6tgu,2026-08-23-6tgu-s0-n100-r5-0058,0.529412,3.071429,
2026-08-23-6tgu-s0-n100-r5,6tgu,2026-08-23-6tgu-s0-n100-r5-0059,0.647059,3.117347,
2026-08-23-6tgu-s0-n100-r5,6tgu,2026-08-23-6tgu-s0-n100-r5-0060,0.588235,3.163265,
2026-08-23-6tgu-s0-n100-r5,6tgu,2026-08-23-6tgu-s0-n100-r5-0061,0.705882,3.209184,
2026-08-23-6tgu-s0-n100-r5,6tgu,2026-08-23-6tgu-s0-n100-r5-0062,0.588235,3.255102,
2026-08-23-6tgu-s0-n100-r5,6tgu,2026-08-23-6tgu-s0-n100-r5-0063,0.588235,3.30102,
2026-08-23-6tgu-s0-n100-r5,6tgu,2026-08-23-6tgu-s0-n100-r5-0064,0.470588,3.346939,
2026-08-23-6tgu-s0-n100-r5,6tgu,2026-08-23-6tgu-s0-n100-r5-0065,0.647059,3.392857,
2026-08-23-6tgu-s0-n100-r5,6tgu,2026-08-23-6tgu-s0-n100-r5-0066,0.764706,3.438776,
2026-08-23-6tgu-s0-n100-r5,6tgu,2026-08-23-6tgu-s0-n100-r5-0067,0.529412,3.484694,
2026-08-23-6tgu-s0-n100-r5,6tgu,2026-08-23-6tgu-s0-n100-r5-0068,0.588235,3.530612,
2026-08-23-6tgu-s0-n100-r5,6tgu,2026-08-23-6tgu-s0-n100-r5-0069,0.529412,3.576531,
2026-08-23-6tgu-s0-n100-r5,6tgu,2026-08-23-6tgu-s0-n100-r5-0070,0.705882,3.622449,
2026-08-23-6tgu-s0-n100-r5,6tgu,2026-08-23-6tgu-s0-n100-r5-0071,0.764706,3.668367,
2026-08-23-6tgu-s0-n100-r5,6tgu,2026-08-23-6tgu-s0-n100-r5-0072,0.529412,3.714286,
2026-08-23-6tgu-s0-n100-r5,6tgu,2026-08-23-6tgu-s0-n100-r5-0073,0.470588,3.760204,
2026-08-23-6tgu-s0-n100-r5,6tgu,2026-08-23-6tgu-s0-n100-r5-0074,0.529412,3.806122,
2026-08-23-6tgu-s0-n100-r5,6tgu,2026-08-23-6tgu-s0-n100-r5-0075,0.470588,3.852041,
2026-08-23-6tgu-s0-n100-r5,6tgu,2026-08-23-6tgu-s0-n100-r5-0076,0.411765,3.897959,
2026-08-23-6tgu-s0-n100-r5,6tgu,2026-08-23-6tgu-s0-n100-r5-0077,0.470588,3.943878,
2026-08-23-6tgu-s0-n100-r5,6tgu,2026-08-23-6tgu-s0-n100-r5-0078,0.470588,3.989796,
2026-08-23-6tgu-s0-n100-r5,6tgu,2026-08-23-6tgu-s0-n100-r5-0079,0.529412,4.035714,
2026-08-23-6tgu-s0-n100-r5,6tgu,2026-08-23-6tgu-s0-n100-r5-0080,0.411765,4.081633,
2026-08-23-6tgu-s0-n100-r5,6tgu,2026-08-23-6tgu-s0-n100-r5-0081,0.411765,4.127551,
2026-08-23-6tgu-s0-n100-r5,6tgu,2026-08-23-6tgu-s0-n100-r5-0082,0.647059,4.173469,
2026-08-23-6tgu-s0-n100-r5,6tgu,2026-08-23-6tgu-s0-n100-r5-0083,0.529412,4.219388,
2026-08-23-6tgu-s0-n100-r5,6tgu,2026-08-23-6tgu-s0-n100-r5-0084,0.352941,4.265306,
2026-08-23-6tgu-s0-n100-r5,6tgu,2026-08-23-6tgu-s0-n100-r5-0085,0.647059,4.311224,
2026-08-23-6tgu-s0-n100-r5,6tgu,2026-08-23-6tgu-s0-n100-r5-0086,0.529412,4.357143,
2026-08-23-6tgu-s0-n100-r5,6tgu,2026-08-23-6tgu-s0-n100-r5-0087,0.352941,4.403061,
2026-08-23-6tgu-s0-n100-r5,6tgu,2026-08-23-6tgu-s0-n100-r5-0088,0.529412,4.44898,
2026-08-23-6tgu-s0-n100-r5,6tgu,2026-08-23-6tgu-s0-n100-r5-0089,0.529412,4.494898,
2026-08-23-6tgu-s0-n100-r5,6tgu,2026-08-23-6tgu-s0-n100-r5-0090,0.470588,4.540816,
2026-08-23-6tgu-s0-n100-r5,6tgu,2026-08-23-6tgu-s0-n100-r5-0091,0.647059,4.586735,
2026-08-23-6tgu-s0-n100-r5,6tgu,2026-08-23-6tgu-s0-n100-r5-0092,0.411765,4.632653,
2026-08-23-6tgu-s0-n100-r5,6tgu,2026-08-23-6tgu-s0-n100-r5-0093,0.470588,4.678571,
2026-08-23-6tgu-s0-n100-r5,6tgu,2026-08-23-6tgu-s0-n100-r5-0094,0.470588,4.72449,
2026-08-23-6tgu-s0-n100-r5,6tgu,2026-08-23-6tgu-s0-n100-r5-0095,0.470588,4.770408,
2026-08-23-6tgu-s0-n100-r5,6tgu,2026-08-23-6tgu-s0-n100-r5-0096,0.470588,4.816327,
2026-08-23-6tgu-s0-n100-r5,6tgu,2026-08-23-6tgu-s0-n100-r5-0097,0.470588,4.862245,
2026-08-23-6tgu-s0-n100-r5,6tgu,2026-08-23-6tgu-s0-n100-r5-0098,0.411765,4.908163,
2026-08-23-6tgu-s0-n100-r5,6tgu,2026-08-23-6tgu-s0-n100-r5-0099,0.529412,4.954082,
2026-08-23-6tgu-s0-n100-r5,6tgu,2026-08-23-6tgu-s0-n100-r5-0100,0.470588,5.0,
2026-08-23-6tgu-s0-n100-r6,6tgu,2026-08-23-6tgu-s0-n100-r6-0001,1.0,0.0,
2026-08-23-6tgu-s0-n100-r6,6tgu,2026-08-23-6tgu-s0-n100-r6-0002,0.882353,0.5,
2026-08-23-6tgu-s0-n100-r6,6tgu,2026-08-23-6tgu-s0-n100-r6-0003,0.941176,0.545918,
2026-08-23-6tgu-s0-n100-r6,6tgu,2026-08-23-6tgu-s0-n100-r6-0004,0.941176,0.591837,
2026-08-23-6tgu-s0-n100-r6,6tgu,2026-08-23-6tgu-s0-n100-r6-0005,0.882353,0.637755,
2026-08-23-6tgu-s0-n100-r6,6tgu,2026-08-23-6tgu-s0-n100-r6-0006,0.882353,0.683673,
2026-08-23-6tgu-s0-n100-r6,6tgu,2026-08-23-6tgu-s0-n100-r6-0007,0.941176,0.729592,
2026-08-23-6tgu-s0-n100-r6,6tgu,2026-08-23-6tgu-s0-n100-r6-0008,0.882353,0.77551,
2026-08-23-6tgu-s0-n100-r6,6tgu,2026-08-23-6tgu-s0-n100-r6-0009,0.823529,0.821429,
2026-08-23-6tgu-s0-n100-r6,6tgu,2026-08-23-6tgu-s0-n100-r6-0010,0.823529,0.867347,
2026-08-23-6tgu-s0-n100-r6,6tgu,2026-08-23-6tgu-s0-n100-r6-0011,1.0,0.913265,
2026-08-23-6tgu-s0-n100-r6,6tgu,2026-08-23-6tgu-s0-n100-r6-0012,0.823529,0.959184,
2026-08-23-6tgu-s0-n100-r6,6tgu,2026-08-23-6tgu-s0-n100-r6-0013,0.764706,1.005102,
2026-08-23-6tgu-s0-n100-r6,6tgu,2026-08-23-6tgu-s0-n100-r6-0014,0.882353,1.05102,
2026-08-23-6tgu-s0-n100-r6,6tgu,2026-08-23-6tgu-s0-n100-r6-0015,0.823529,1.096939,
2026-08-23-6tgu-s0-n100-r6,6tgu,2026-08-23-6tgu-s0-n100-r6-0016,0.764706,1.142857,
2026-08-23-6tgu-s0-n100-r6,6tgu,2026-08-23-6tgu-s0-n100-r6-0017,0.764706,1.188776,
2026-08-23-6tgu-s0-n100-r6,6tgu,2026-08-23-6tgu-s0-n100-r6-0018,0.705882,1.234694,
2026-08-23-6tgu-s0-n100-r6,6tgu,2026-08-23-6tgu-s0-n100-r6-0019,0.823529,1.280612,
2026-08-23-6tgu-s0-n100-r6,6tgu,2026-08-23-6tgu-s0-n100-r6-0020,0.941176,1.326531,
2026-08-23-6tgu-s0-n100-r6,6tgu,2026-08-23-6tgu-s0-n100-r6-0021,0.823529,1.372449,
2026-08-23-6tgu-s0-n100-r6,6tgu,2026-08-23-6tgu-s0-n100-r6-0022,0.764706,1.418367,
2026-08-23-6tgu-s0-n100-r6,6tgu,2026-08-23-6tgu-s0-n100-r6-0023,0.705882,1.464286,
2026-08-23-6tgu-s0-n100-r6,6tgu,2026-08-23-6tgu-s0-n100-r6-0024,0.647059,1.510204,
2026-08-23-6tgu-s0-n100-r6,6tgu,2026-08-23-6tgu-s0-n100-r6-0025,0.705882,1.556122,
2026-08-23-6tgu-s0-n100-r6,6tgu,2026-08-23-6tgu-s0-n100-r6-0026,0.823529,1.602041,
2026-08-23-6tgu-s0-n100-r6,6tgu,2026-08-23-6tgu-s0-n100-r6-0027,0.647059,1.647959,
2026-08-23-6tgu-s0-n100-r6,6tgu,2026-08-23-6tgu-s0-n100-r6-0028,0.705882,1.693878,
2026-08-23-6tgu-s0-n100-r6,6tgu,2026-08-23-6tgu-s0-n100-r6-0029,0.823529,1.739796,
2026-08-23-6tgu-s0-n100-r6,6tgu,2026-08-23-6tgu-s0-n100-r6-0030,0.823529,1.785714,
2026-08-23-6tgu-s0-n100-r6,6tgu,2026-08-23-6tgu-s0-n100-r6-0031,0.705882,1.831633,
2026-08-23-6tgu-s0-n100-r6,6tgu,2026-08-23-6tgu-s0-n100-r6-0032,0.647059,1.877551,
2026-08-23-6tgu-s0-n100-r6,6tgu,2026-08-23-6tgu-s0-n100-r6-0033,0.647059,1.923469,
2026-08-23-6tgu-s0-n100-r6,6tgu,2026-08-23-6tgu-s0-n100-r6-0034,0.764706,1.969388,
2026-08-23-6tgu-s0-n100-r6,6tgu,2026-08-23-6tgu-s0-n100-r6-0035,0.823529,2.015306,
2026-08-23-6tgu-s0-n100-r6,6tgu,2026-08-23-6tgu-s0-n100-r6-0036,0.647059,2.061224,
2026-08-23-6tgu-s0-n100-r6,6tgu,2026-08-23-6tgu-s0-n100-r6-0037,0.823529,2.107143,
2026-08-23-6tgu-s0-n100-r6,6tgu,2026-08-23-6tgu-s0-n100-r6-0038,0.764706,2.153061,
2026-08-23-6tgu-s0-n100-r6,6tgu,2026-08-23-6tgu-s0-n100-r6-0039,0.764706,2.19898,
2026-08-23-6tgu-s0-n100-r6,6tgu,2026-08-23-6tgu-s0-n100-r6-0040,0.764706,2.244898,
2026-08-23-6tgu-s0-n100-r6,6tgu,2026-08-23-6tgu-s0-n100-r6-0041,0.470588,2.290816,
2026-08-23-6tgu-s0-n100-r6,6tgu,2026-08-23-6tgu-s0-n100-r6-0042,0.705882,2.336735,
2026-08-23-6tgu-s0-n100-r6,6tgu,2026-08-23-6tgu-s0-n100-r6-0043,0.588235,2.382653,
2026-08-23-6tgu-s0-n100-r6,6tgu,2026-08-23-6tgu-s0-n100-r6-0044,0.764706,2.428571,
2026-08-23-6tgu-s0-n100-r6,6tgu,2026-08-23-6tgu-s0-n100-r6-0045,0.647059,2.47449,
2026-08-23-6tgu-s0-n100-r6,6tgu,2026-08-23-6tgu-s0-n100-r6-0046,0.647059,2.520408,
2026-08-23-6tgu-s0-n100-r6,6tgu,2026-08-23-6tgu-s0-n100-r6-0047,0.705882,2.566327,
2026-08-23-6tgu-s0-n100-r6,6tgu,2026-08-23-6tgu-s0-n100-r6-0048,0.588235,2.612245,
2026-08-23-6tgu-s0-n100-r6,6tgu,2026-08-23-6tgu-s0-n100-r6-0049,0.529412,2.658163,
2026-08-23-6tgu-s0-n100-r6,6tgu,2026-08-23-6tgu-s0-n100-r6-0050,0.529412,2.704082,
2026-08-23-6tgu-s0-n100-r6,6tgu,2026-08-23-6tgu-s0-n100-r6-0051,0.529412,2.75,
2026-08-23-6tgu-s0-n100-r6,6tgu,2026-08-23-6tgu-s0-n100-r6-0052,0.764706,2.795918,
2026-08-23-6tgu-s0-n100-r6,6tgu,2026-08-23-6tgu-s0-n100-r6-0053,0.411765,2.841837,
2026-08-23-6tgu-s0-n100-r6,6tgu,2026-08-23-6tgu-s0-n100-r6-0054,0.647059,2.887755,
2026-08-23-6tgu-s0-n100-r6,6tgu,2026-08-23-6tgu-s0-n100-r6-0055,0.647059,2.933673,
2026-08-23-6tgu-s0-n100-r6,6tgu,2026-08-23-6tgu-s0-n100-r6-0056,0.529412,2.979592,
2026-08-23-6tgu-s0-n100-r6,6tgu,2026-08-23-6tgu-s0-n100-r6-0057,0.470588,3.02551,
2026-08-23-6tgu-s0-n100-r6,6tgu,2026-08-23-6tgu-s0-n100-r6-0058,0.647059,3.071429,
2026-08-23-6tgu-s0-n100-r6,6tgu,2026-08-23-6tgu-s0-n100-r6-0059,0.529412,3.117347,
2026-08-23-6tgu-s0-n100-r6,6tgu,2026-08-23-6tgu-s0-n100-r6-0060,0.529412,3.163265,
2026-08-23-6tgu-s0-n100-r6,6tgu,2026-08-23-6tgu-s0-n100-r6-0061,0.470588,3.209184,
2026-08-23-6tgu-s0-n100-r6,6tgu,2026-08-23-6tgu-s0-n100-r6-0062,0.588235,3.255102,
2026-08-23-6tgu-s0-n100-r6,6tgu,2026-08-23-6tgu-s0-n100-r6-0063,0.529412,3.30102,
2026-08-23-6tgu-s0-n100-r6,6tgu,2026-08-23-6tgu-s0-n100-r6-0064,0.588235,3.346939,
2026-08-23-6tgu-s0-n100-r6,6tgu,2026-08-23-6tgu-s0-n100-r6-0065,0.470588,3.392857,
2026-08-23-6tgu-s0-n100-r6,6tgu,2026-08-23-6tgu-s0-n100-r6-0066,0.470588,3.438776,
2026-08-23-6tgu-s0-n100-r6,6tgu,2026-08-23-6tgu-s0-n100-r6-0067,0.764706,3.484694,
2026-08-23-6tgu-s0-n100-r6,6tgu,2026-08-23-6tgu-s0-n100-r6-0068,0.529412,3.530612,
2026-08-23-6tgu-s0-n100-r6,6tgu,2026-08-23-6tgu-s0-n100-r6-0069,0.529412,3.576531,
2026-08-23-6tgu-s0-n100-r6,6tgu,2026-08-23-6tgu-s0-n100-r6-0070,0.529412,3.622449,
2026-08-23-6tgu-s0-n100-r6,6tgu,2026-08-23-6tgu-s0-n100-r6-0071,0.470588,3.668367,
2026-08-23-6tgu-s0-n100-r6,6tgu,2026-08-23-6tgu-s0-n100-r6-0072,0.588235,3.714286,
2026-08-23-6tgu-s0-n100-r6,6tgu,2026-08-23-6tgu-s0-n100-r6-0073,0.470588,3.760204,
2026-08-23-6tgu-s0-n100-r6,6tgu,2026-08-23-6tgu-s0-n100-r6-0074,0.529412,3.806122,
2026-08-23-6tgu-s0-n100-r6,6tgu,2026-08-23-6tgu-s0-n100-r6-0075,0.411765,3.852041,
2026-08-23-6tgu-s0-n100-r6,6tgu,2026-08-23-6tgu-s0-n100-r6-0076,0.529412,3.897959,
2026-08-23-6tgu-s0-n100-r6,6tgu,2026-08-23-6tgu-s0-n100-r6-0077,0.411765,3.943878,
2026-08-23-6tgu-s0-n100-r6,6tgu,2026-08-23-6tgu-s0-n100-r6-0078,0.529412,3.989796,
2026-08-23-6tgu-s0-n100-r6,6tgu,2026-08-23-6tgu-s0-n100-r6-0079,0.470588,4.035714,
2026-08-23-6tgu-s0-n100-r6,6tgu,2026-08-23-6tgu-s0-n100-r6-0080,0.529412,4.081633,
2026-08-23-6tgu-s0-n100-r6,6tgu,2026-08-23-6tgu-s0-n100-r6-0081,0.411765,4.127551,
2026-08-23-6tgu-s0-n100-r6,6tgu,2026-08-23-6tgu-s0-n100-r6-0082,0.588235,4.173469,
2026-08-23-6tgu-s0-n100-r6,6tgu,2026-08-23-6tgu-s0-n100-r6-0083,0.352941,4.219388,
2026-08-23-6tgu-s0-n100-r6,6tgu,2026-08-23-6tgu-s0-n100-r6-0084,0.529412,4.265306,
2026-08-23-6tgu-s0-n100-r6,6tgu,2026-08-23-6tgu-s0-n100-r6-0085,0.588235,4.311224,
2026-08-23-6tgu-s0-n100-r6,6tgu,2026-08-23-6tgu-s0-n100-r6-0086,0.529412,4.357143,
2026-08-23-6tgu-s0-n100-r6,6tgu,2026-08-23-6tgu-s0-n100-r6-0087,0.529412,4.403061,
2026-08-23-6tgu-s0-n100-r6,6tgu,2026-08-23-6tgu-s0-n100-r6-0088,0.529412,4.44898,
2026-08-23-6tgu-s0-n100-r6,6tgu,2026-08-23-6tgu-s0-n100-r6-0089,0.411765,4.494898,
2026-08-23-6tgu-s0-n100-r6,6tgu,2026-08-23-6tgu-s0-n100-r6-0090,0.529412,4.540816,
2026-08-23-6tgu-s0-n100-r6,6tgu,2026-08-23-6tgu-s0-n100-r6-0091,0.470588,4.586735,
2026-08-23-6tgu-s0-n100-r6,6tgu,2026-08-23-6tgu-s0-n100-r6-0092,0.470588,4.632653,
2026-08-23-6tgu-s0-n100-r6,6tgu,2026-08-23-6tgu-s0-n100-r6-0093,0.529412,4.678571,
2026-08-23-6tgu-s0-n100-r6,6tgu,2026-08-23-6tgu-s0-n100-r6-0094,0.529412,4.72449,
2026-08-23-6tgu-s0-n100-r6,6tgu,2026-08-23-6tgu-s0-n100-r6-0095,0.529412,4.770408,
2026-08-23-6tgu-s0-n100-r6,6tgu,2026-08-23-6tgu-s0-n100-r6-0096,0.588235,4.816327,
2026-08-23-6tgu-s0-n100-r6,6tgu,2026-08-23-6tgu-s0-n100-r6-0097,0.588235,4.862245,
2026-08-23-6tgu-s0-n100-r6,6tgu,2026-08-23-6tgu-s0-n100-r6-0098,0.470588,4.908163,
2026-08-23-6tgu-s0-n100-r6,6tgu,2026-08-23-6tgu-s0-n100-r6-0099,0.529412,4.954082,
2026-08-23-6tgu-s0-n100-r6,6tgu,2026-08-23-6tgu-s0-n100-r6-0100,0.470588,5.0,
2026-08-23-6tgu-s0-n100-r7,6tgu,2026-08-23-6tgu-s0-n100-r7-0001,1.0,0.0,
2026-08-23-6tgu-s0-n100-r7,6tgu,2026-08-23-6tgu-s0-n100-r7-0002,0.882353,0.5,
2026-08-23-6tgu-s0-n100-r7,6tgu,2026-08-23-6tgu-s0-n100-r7-0003,0.882353,0.545918,
2026-08-23-6tgu-s0-n100-r7,6tgu,2026-08-23-6tgu-s0-n100-r7-0004,0.882353,0.591837,
2026-08-23-6tgu-s0-n100-r7,6tgu,2026-08-23-6tgu-s0-n100-r7-0005,0.941176,0.637755,
2026-08-23-6tgu-s0-n100-r7,6tgu,2026-08-23-6tgu-s0-n100-r7-0006,0.941176,0.683673,
2026-08-23-6tgu-s0-n100-r7,6tgu,2026-08-23-6tgu-s0-n100-r7-0007,0.882353,0.729592,
2026-08-23-6tgu-s0-n100-r7,6tgu,2026-08-23-6tgu-s0-n100-r7-0008,0.941176,0.77551,
2026-08-23-6tgu-s0-n100-r7,6tgu,2026-08-23-6tgu-s0-n100-r7-0009,0.823529,0.821429,
2026-08-23-6tgu-s0-n100-r7,6tgu,2026-08-23-6tgu-s0-n100-r7-0010,0.941176,0.867347,
2026-08-23-6tgu-s0-n100-r7,6tgu,2026-08-23-6tgu-s0-n100-r7-0011,0.882353,0.913265,
2026-08-23-6tgu-s0-n100-r7,6tgu,2026-08-23-6tgu-s0-n100-r7-0012,0.941176,0.959184,
2026-08-23-6tgu-s0-n100-r7,6tgu,2026-08-23-6tgu-s0-n100-r7-0013,1.0,1.005102,
2026-08-23-6tgu-s0-n100-r7,6tgu,2026-08-23-6tgu-s0-n100-r7-0014,0.882353,1.05102,
2026-08-23-6tgu-s0-n100-r7,6tgu,2026-08-23-6tgu-s0-n100-r7-0015,0.764706,1.096939,
2026-08-23-6tgu-s0-n100-r7,6tgu,2026-08-23-6tgu-s0-n100-r7-0016,0.764706,1.142857,
2026-08-23-6tgu-s0-n100-r7,6tgu,2026-08-23-6tgu-s0-n100-r7-0017,0.823529,1.188776,
2026-08-23-6tgu-s0-n100-r7,6tgu,2026-08-23-6tgu-s0-n100-r7-0018,0.882353,1.234694,
2026-08-23-6tgu-s0-n100-r7,6tgu,2026-08-23-6tgu-s0-n100-r7-0019,0.823529,1.280612,
2026-08-23-6tgu-s0-n100-r7,6tgu,2026-08-23-6tgu-s0-n100-r7-0020,0.764706,1.326531,
2026-08-23-6tgu-s0-n100-r7,6tgu,2026-08-23-6tgu-s0-n100-r7-0021,0.764706,1.372449,
2026-08-23-6tgu-s0-n100-r7,6tgu,2026-08-23-6tgu-s0-n100-r7-0022,0.823529,1.418367,
2026-08-23-6tgu-s0-n100-r7,6tgu,2026-08-23-6tgu-s0-n100-r7-0023,0.823529,1.464286,
2026-08-23-6tgu-s0-n100-r7,6tgu,2026-08-23-6tgu-s0-n100-r7-0024,0.882353,1.510204,
2026-08-23-6tgu-s0-n100-r7,6tgu,2026-08-23-6tgu-s0-n100-r7-0025,0.882353,1.556122,
2026-08-23-6tgu-s0-n100-r7,6tgu,2026-08-23-6tgu-s0-n100-r7-0026,0.823529,1.602041,
2026-08-23-6tgu-s0-n100-r7,6tgu,2026-08-23-6tgu-s0-n100-r7-0027,0.705882,1.647959,
2026-08-23-6tgu-s0-n100-r7,6tgu,2026-08-23-6tgu-s0-n100-r7-0028,0.823529,1.693878,
2026-08-23-6tgu-s0-n100-r7,6tgu,2026-08-23-6tgu-s0-n100-r7-0029,0.764706,1.739796,
2026-08-23-6tgu-s0-n100-r7,6tgu,2026-08-23-6tgu-s0-n100-r7-0030,0.647059,1.785714,
2026-08-23-6tgu-s0-n100-r7,6tgu,2026-08-23-6tgu-s0-n100-r7-0031,0.588235,1.831633,
2026-08-23-6tgu-s0-n100-r7,6tgu,2026-08-23-6tgu-s0-n100-r7-0032,0.647059,1.877551,
2026-08-23-6tgu-s0-n100-r7,6tgu,2026-08-23-6tgu-s0-n100-r7-0033,0.529412,1.923469,
2026-08-23-6tgu-s0-n100-r7,6tgu,2026-08-23-6tgu-s0-n100-r7-0034,0.764706,1.969388,
2026-08-23-6tgu-s0-n100-r7,6tgu,2026-08-23-6tgu-s0-n100-r7-0035,0.705882,2.015306,
2026-08-23-6tgu-s0-n100-r7,6tgu,2026-08-23-6tgu-s0-n100-r7-0036,0.764706,2.061224,
2026-08-23-6tgu-s0-n100-r7,6tgu,2026-08-23-6tgu-s0-n100-r7-0037,0.764706,2.107143,
2026-08-23-6tgu-s0-n100-r7,6tgu,2026-08-23-6tgu-s0-n100-r7-0038,0.764706,2.153061,
2026-08-23-6tgu-s0-n100-r7,6tgu,2026-08-23-6tgu-s0-n100-r7-0039,0.588235,2.19898,
2026-08-23-6tgu-s0-n100-r7,6tgu,2026-08-23-6tgu-s0-n100-r7-0040,0.647059,2.244898,
2026-08-23-6tgu-s0-n100-r7,6tgu,2026-08-23-6tgu-s0-n100-r7-0041,0.588235,2.290816,
2026-08-23-6tgu-s0-n100-r7,6tgu,2026-08-23-6tgu-s0-n100-r7-0042,0.823529,2.336735,
2026-08-23-6tgu-s0-n100-r7,6tgu,2026-08-23-6tgu-s0-n100-r7-0043,0.529412,2.382653,
2026-08-23-6tgu-s0-n100-r7,6tgu,2026-08-23-6tgu-s0-n100-r7-0044,0.647059,2.428571,
2026-08-23-6tgu-s0-n100-r7,6tgu,2026-08-23-6tgu-s0-n100-r7-0045,0.647059,2.47449,
2026-08-23-6tgu-s0-n100-r7,6tgu,2026-08-23-6tgu-s0-n100-r7-0046,0.647059,2.520408,
2026-08-23-6tgu-s0-n100-r7,6tgu,2026-08-23-6tgu-s0-n100-r7-0047,0.588235,2.566327,
2026-08-23-6tgu-s0-n100-r7,6tgu,2026-08-23-6tgu-s0-n100-r7-0048,0.529412,2.612245,
2026-08-23-6tgu-s0-n100-r7,6tgu,2026-08-23-6tgu-s0-n100-r7-0049,0.588235,2.658163,
2026-08-23-6tgu-s0-n100-r7,6tgu,2026-08-23-6tgu-s0-n100-r7-0050,0.588235,2.704082,
2026-08-23-6tgu-s0-n100-r7,6tgu,2026-08-23-6tgu-s0-n100-r7-0051,0.588235,2.75,
2026-08-23-6tgu-s0-n100-r7,6tgu,2026-08-23-6tgu-s0-n100-r7-0052,0.764706,2.795918,
2026-08-23-6tgu-s0-n100-r7,6tgu,2026-08-23-6tgu-s0-n100-r7-0053,0.352941,2.841837,
2026-08-23-6tgu-s0-n100-r7,6tgu,2026-08-23-6tgu-s0-n100-r7-0054,0.647059,2.887755,
2026-08-23-6tgu-s0-n100-r7,6tgu,2026-08-23-6tgu-s0-n100-r7-0055,0.588235,2.933673,
2026-08-23-6tgu-s0-n100-r7,6tgu,2026-08-23-6tgu-s0-n100-r7-0056,0.529412,2.979592,
2026-08-23-6tgu-s0-n100-r7,6tgu,2026-08-23-6tgu-s0-n100-r7-0057,0.588235,3.02551,
2026-08-23-6tgu-s0-n100-r7,6tgu,2026-08-23-6tgu-s0-n100-r7-0058,0.764706,3.071429,
2026-08-23-6tgu-s0-n100-r7,6tgu,2026-08-23-6tgu-s0-n100-r7-0059,0.470588,3.117347,
2026-08-23-6tgu-s0-n100-r7,6tgu,2026-08-23-6tgu-s0-n100-r7-0060,0.529412,3.163265,
2026-08-23-6tgu-s0-n100-r7,6tgu,2026-08-23-6tgu-s0-n100-r7-0061,0.529412,3.209184,
2026-08-23-6tgu-s0-n100-r7,6tgu,2026-08-23-6tgu-s0-n100-r7-0062,0.588235,3.255102,
2026-08-23-6tgu-s0-n100-r7,6tgu,2026-08-23-6tgu-s0-n100-r7-0063,0.588235,3.30102,
2026-08-23-6tgu-s0-n100-r7,6tgu,2026-08-23-6tgu-s0-n100-r7-0064,0.470588,3.346939,
2026-08-23-6tgu-s0-n100-r7,6tgu,2026-08-23-6tgu-s0-n100-r7-0065,0.411765,3.392857,
2026-08-23-6tgu-s0-n100-r7,6tgu,2026-08-23-6tgu-s0-n100-r7-0066,0.647059,3.438776,
2026-08-23-6tgu-s0-n100-r7,6tgu,2026-08-23-6tgu-s0-n100-r7-0067,0.529412,3.484694,
2026-08-23-6tgu-s0-n100-r7,6tgu,2026-08-23-6tgu-s0-n100-r7-0068,0.529412,3.530612,
2026-08-23-6tgu-s0-n100-r7,6tgu,2026-08-23-6tgu-s0-n100-r7-0069,0.529412,3.576531,
2026-08-23-6tgu-s0-n100-r7,6tgu,2026-08-23-6tgu-s0-n100-r7-0070,0.647059,3.622449,
2026-08-23-6tgu-s0-n100-r7,6tgu,2026-08-23-6tgu-s0-n100-r7-0071,0.470588,3.668367,
2026-08-23-6tgu-s0-n100-r7,6tgu,2026-08-23-6tgu-s0-n100-r7-0072,0.470588,3.714286,
2026-08-23-6tgu-s0-n100-r7,6tgu,2026-08-23-6tgu-s0-n100-r7-0073,0.470588,3.760204,
2026-08-23-6tgu-s0-n100-r7,6tgu,2026-08-23-6tgu-s0-n100-r7-0074,0.529412,3.806122,
2026-08-23-6tgu-s0-n100-r7,6tgu,2026-08-23-6tgu-s0-n100-r7-0075,0.529412,3.852041,
2026-08-23-6tgu-s0-n100-r7,6tgu,2026-08-23-6tgu-s0-n100-r7-0076,0.529412,3.897959,
2026-08-23-6tgu-s0-n100-r7,6tgu,2026-08-23-6tgu-s0-n100-r7-0077,0.588235,3.943878,
2026-08-23-6tgu-s0-n100-r7,6tgu,2026-08-23-6tgu-s0-n100-r7-0078,0.588235,3.989796,
2026-08-23-6tgu-s0-n100-r7,6tgu,2026-08-23-6tgu-s0-n100-r7-0079,0.411765,4.035714,
2026-08-23-6tgu-s0-n100-r7,6tgu,2026-08-23-6tgu-s0-n100-r7-0080,0.588235,4.081633,
2026-08-23-6tgu-s0-n100-r7,6tgu,2026-08-23-6tgu-s0-n100-r7-0081,0.588235,4.127551,
2026-08-23-6tgu-s0-n100-r7,6tgu,2026-08-23-6tgu-s0-n100-r7-0082,0.529412,4.173469,
2026-08-23-6tgu-s0-n100-r7,6tgu,2026-08-23-6tgu-s0-n100-r7-0083,0.352941,4.219388,
2026-08-23-6tgu-s0-n100-r7,6tgu,2026-08-23-6tgu-s0-n100-r7-0084,0.529412,4.265306,
2026-08-23-6tgu-s0-n100-r7,6tgu,2026-08-23-6tgu-s0-n100-r7-0085,0.588235,4.311224,
2026-08-23-6tgu-s0-n100-r7,6tgu,2026-08-23-6tgu-s0-n100-r7-0086,0.529412,4.357143,
2026-08-23-6tgu-s0-n100-r7,6tgu,2026-08-23-6tgu-s0-n100-r7-0087,0.529412,4.403061,
2026-08-23-6tgu-s0-n100-r7,6tgu,2026-08-23-6tgu-s0-n100-r7-0088,0.588235,4.44898,
2026-08-23-6tgu-s0-n100-r7,6tgu,2026-08-23-6tgu-s0-n100-r7-0089,0.529412,4.494898,
2026-08-23-6tgu-s0-n100-r7,6tgu,2026-08-23-6tgu-s0-n100-r7-0090,0.529412,4.540816,
2026-08-23-6tgu-s0-n100-r7,6tgu,2026-08-23-6tgu-s0-n100-r7-0091,0.529412,4.586735,
2026-08-23-6tgu-s0-n100-r7,6tgu,2026-08-23-6tgu-s0-n100-r7-0092,0.588235,4.632653,
2026-08-23-6tgu-s0-n100-r7,6tgu,2026-08-23-6tgu-s0-n100-r7-0093,0.529412,4.678571,
2026-08-23-6tgu-s0-n100-r7,6tgu,2026-08-23-6tgu-s0-n100-r7-0094,0.470588,4.72449,
2026-08-23-6tgu-s0-n100-r7,6tgu,2026-08-23-6tgu-s0-n100-r7-0095,0.588235,4.770408,
2026-08-23-6tgu-s0-n100-r7,6tgu,2026-08-23-6tgu-s0-n100-r7-0096,0.470588,4.816327,
2026-08-23-6tgu-s0-n100-r7,6tgu,2026-08-23-6tgu-s0-n100-r7-0097,0.411765,4.862245,
2026-08-23-6tgu-s0-n100-r7,6tgu,2026-08-23-6tgu-s0-n100-r7-0098,0.470588,4.908163,
2026-08-23-6tgu-s0-n100-r7,6tgu,2026-08-23-6tgu-s0-n100-r7-0099,0.470588,4.954082,
2026-08-23-6tgu-s0-n100-r7,6tgu,2026-08-23-6tgu-s0-n100-r7-0100,0.411765,5.0,
2026-08-23-6tgu-s0-n100-r8,6tgu,2026-08-23-6tgu-s0-n100-r8-0001,1.0,0.0,
2026-08-23-6tgu-s0-n100-r8,6tgu,2026-08-23-6tgu-s0-n100-r8-0002,0.941176,0.5,
2026-08-23-6tgu-s0-n100-r8,6tgu,2026-08-23-6tgu-s0-n100-r8-0003,0.882353,0.545918,
2026-08-23-6tgu-s0-n100-r8,6tgu,2026-08-23-6tgu-s0-n100-r8-0004,0.882353,0.591837,
2026-08-23-6tgu-s0-n100-r8,6tgu,2026-08-23-6tgu-s0-n100-r8-0005,0.882353,0.637755,
2026-08-23-6tgu-s0-n100-r8,6tgu,2026-08-23-6tgu-s0-n100-r8-0006,0.882353,0.683673,
2026-08-23-6tgu-s0-n100-r8,6tgu,2026-08-23-6tgu-s0-n100-r8-0007,0.941176,0.729592,
2026-08-23-6tgu-s0-n100-r8,6tgu,2026-08-23-6tgu-s0-n100-r8-0008,0.882353,0.77551,
2026-08-23-6tgu-s0-n100-r8,6tgu,2026-08-23-6tgu-s0-n100-r8-0009,0.941176,0.821429,
2026-08-23-6tgu-s0-n100-r8,6tgu,2026-08-23-6tgu-s0-n100-r8-0010,1.0,0.867347,
2026-08-23-6tgu-s0-n100-r8,6tgu,2026-08-23-6tgu-s0-n100-r8-0011,0.882353,0.913265,
2026-08-23-6tgu-s0-n100-r8,6tgu,2026-08-23-6tgu-s0-n100-r8-0012,0.764706,0.959184,
2026-08-23-6tgu-s0-n100-r8,6tgu,2026-08-23-6tgu-s0-n100-r8-0013,0.764706,1.005102,
2026-08-23-6tgu-s0-n100-r8,6tgu,2026-08-23-6tgu-s0-n100-r8-0014,0.823529,1.05102,
2026-08-23-6tgu-s0-n100-r8,6tgu,2026-08-23-6tgu-s0-n100-r8-0015,0.764706,1.096939,
2026-08-23-6tgu-s0-n100-r8,6tgu,2026-08-23-6tgu-s0-n100-r8-0016,0.764706,1.142857,
2026-08-23-6tgu-s0-n100-r8,6tgu,2026-08-23-6tgu-s0-n100-r8-0017,0.882353,1.188776,
2026-08-23-6tgu-s0-n100-r8,6tgu,2026-08-23-6tgu-s0-n100-r8-0018,0.705882,1.234694,
2026-08-23-6tgu-s0-n100-r8,6tgu,2026-08-23-6tgu-s0-n100-r8-0019,0.764706,1.280612,
2026-08-23-6tgu-s0-n100-r8,6tgu,2026-08-23-6tgu-s0-n100-r8-0020,0.823529,1.326531,
2026-08-23-6tgu-s0-n100-r8,6tgu,2026-08-23-6tgu-s0-n100-r8-0021,0.705882,1.372449,
2026-08-23-6tgu-s0-n100-r8,6tgu,2026-08-23-6tgu-s0-n100-r8-0022,0.764706,1.418367,
2026-08-23-6tgu-s0-n100-r8,6tgu,2026-08-23-6tgu-s0-n100-r8-0023,0.705882,1.464286,
2026-08-23-6tgu-s0-n100-r8,6tgu,2026-08-23-6tgu-s0-n100-r8-0024,0.764706,1.510204,
2026-08-23-6tgu-s0-n100-r8,6tgu,2026-08-23-6tgu-s0-n100-r8-0025,0.705882,1.556122,
2026-08-23-6tgu-s0-n100-r8,6tgu,2026-08-23-6tgu-s0-n100-r8-0026,0.882353,1.602041,
2026-08-23-6tgu-s0-n100-r8,6tgu,2026-08-23-6tgu-s0-n100-r8-0027,0.588235,1.647959,
2026-08-23-6tgu-s0-n100-r8,6tgu,2026-08-23-6tgu-s0-n100-r8-0028,0.705882,1.693878,
2026-08-23-6tgu-s0-n100-r8,6tgu,2026-08-23-6tgu-s0-n100-r8-0029,0.588235,1.739796,
2026-08-23-6tgu-s0-n100-r8,6tgu,2026-08-23-6tgu-s0-n100-r8-0030,0.705882,1.785714,
2026-08-23-6tgu-s0-n100-r8,6tgu,2026-08-23-6tgu-s0-n100-r8-0031,0.647059,1.831633,
2026-08-23-6tgu-s0-n100-r8,6tgu,2026-08-23-6tgu-s0-n100-r8-0032,0.764706,1.877551,
2026-08-23-6tgu-s0-n100-r8,6tgu,2026-08-23-6tgu-s0-n100-r8-0033,0.588235,1.923469,
2026-08-23-6tgu-s0-n100-r8,6tgu,2026-08-23-6tgu-s0-n100-r8-0034,0.647059,1.969388,
2026-08-23-6tgu-s0-n100-r8,6tgu,2026-08-23-6tgu-s0-n100-r8-0035,0.823529,2.015306,
2026-08-23-6tgu-s0-n100-r8,6tgu,2026-08-23-6tgu-s0-n100-r8-0036,0.705882,2.061224,
2026-08-23-6tgu-s0-n100-r8,6tgu,2026-08-23-6tgu-s0-n100-r8-0037,0.647059,2.107143,
2026-08-23-6tgu-s0-n100-r8,6tgu,2026-08-23-6tgu-s0-n100-r8-0038,0.705882,2.153061,
2026-08-23-6tgu-s0-n100-r8,6tgu,2026-08-23-6tgu-s0-n100-r8-0039,0.705882,2.19898,
2026-08-23-6tgu-s0-n100-r8,6tgu,2026-08-23-6tgu-s0-n100-r8-0040,0.647059,2.244898,
2026-08-23-6tgu-s0-n100-r8,6tgu,2026-08-23-6tgu-s0-n100-r8-0041,0.647059,2.290816,
2026-08-23-6tgu-s0-n100-r8,6tgu,2026-08-23-6tgu-s0-n100-r8-0042,0.529412,2.336735,
2026-08-23-6tgu-s0-n100-r8,6tgu,2026-08-23-6tgu-s0-n100-r8-0043,0.588235,2.382653,
2026-08-23-6tgu-s0-n100-r8,6tgu,2026-08-23-6tgu-s0-n100-r8-0044,0.764706,2.428571,
2026-08-23-6tgu-s0-n100-r8,6tgu,2026-08-23-6tgu-s0-n100-r8-0045,0.588235,2.47449,
2026-08-23-6tgu-s0-n100-r8,6tgu,2026-08-23-6tgu-s0-n100-r8-0046,0.764706,2.520408,
2026-08-23-6tgu-s0-n100-r8,6tgu,2026-08-23-6tgu-s0-n100-r8-0047,0.588235,2.566327,
2026-08-23-6tgu-s0-n100-r8,6tgu,2026-08-23-6tgu-s0-n100-r8-0048,0.588235,2.612245,
2026-08-23-6tgu-s0-n100-r8,6tgu,2026-08-23-6tgu-s0-n100-r8-0049,0.352941,2.658163,
2026-08-23-6tgu-s0-n100-r8,6tgu,2026-08-23-6tgu-s0-n100-r8-0050,0.647059,2.704082,
2026-08-23-6tgu-s0-n100-r8,6tgu,2026-08-23-6tgu-s0-n100-r8-0051,0.705882,2.75,
2026-08-23-6tgu-s0-n100-r8,6tgu,2026-08-23-6tgu-s0-n100-r8-0052,0.705882,2.795918,
2026-08-23-6tgu-s0-n100-r8,6tgu,2026-08-23-6tgu-s0-n100-r8-0053,0.647059,2.841837,
2026-08-23-6tgu-s0-n100-r8,6tgu,2026-08-23-6tgu-s0-n100-r8-0054,0.764706,2.887755,
2026-08-23-6tgu-s0-n100-r8,6tgu,2026-08-23-6tgu-s0-n100-r8-0055,0.588235,2.933673,
2026-08-23-6tgu-s0-n100-r8,6tgu,2026-08-23-6tgu-s0-n100-r8-0056,0.647059,2.979592,
2026-08-23-6tgu-s0-n100-r8,6tgu,2026-08-23-6tgu-s0-n100-r8-0057,0.411765,3.02551,
2026-08-23-6tgu-s0-n100-r8,6tgu,2026-08-23-6tgu-s0-n100-r8-0058,0.588235,3.071429,
2026-08-23-6tgu-s0-n100-r8,6tgu,2026-08-23-6tgu-s0-n100-r8-0059,0.588235,3.117347,
2026-08-23-6tgu-s0-n100-r8,6tgu,2026-08-23-6tgu-s0-n100-r8-0060,0.588235,3.163265,
2026-08-23-6tgu-s0-n100-r8,6tgu,2026-08-23-6tgu-s0-n100-r8-0061,0.529412,3.209184,
2026-08-23-6tgu-s0-n100-r8,6tgu,2026-08-23-6tgu-s0-n100-r8-0062,0.588235,3.255102,
2026-08-23-6tgu-s0-n100-r8,6tgu,2026-08-23-6tgu-s0-n100-r8-0063,0.529412,3.30102,
2026-08-23-6tgu-s0-n100-r8,6tgu,2026-08-23-6tgu-s0-n100-r8-0064,0.470588,3.346939,
2026-08-23-6tgu-s0-n100-r8,6tgu,2026-08-23-6tgu-s0-n100-r8-0065,0.529412,3.392857,
2026-08-23-6tgu-s0-n100-r8,6tgu,2026-08-23-6tgu-s0-n100-r8-0066,0.588235,3.438776,
2026-08-23-6tgu-s0-n100-r8,6tgu,2026-08-23-6tgu-s0-n100-r8-0067,0.411765,3.484694,
2026-08-23-6tgu-s0-n100-r8,6tgu,2026-08-23-6tgu-s0-n100-r8-0068,0.588235,3.530612,
2026-08-23-6tgu-s0-n100-r8,6tgu,2026-08-23-6tgu-s0-n100-r8-0069,0.470588,3.576531,
2026-08-23-6tgu-s0-n100-r8,6tgu,2026-08-23-6tgu-s0-n100-r8-0070,0.470588,3.622449,
2026-08-23-6tgu-s0-n100-r8,6tgu,2026-08-23-6tgu-s0-n100-r8-0071,0.411765,3.668367,
2026-08-23-6tgu-s0-n100-r8,6tgu,2026-08-23-6tgu-s0-n100-r8-0072,0.588235,3.714286,
2026-08-23-6tgu-s0-n100-r8,6tgu,2026-08-23-6tgu-s0-n100-r8-0073,0.647059,3.760204,
2026-08-23-6tgu-s0-n100-r8,6tgu,2026-08-23-6tgu-s0-n100-r8-0074,0.529412,3.806122,
2026-08-23-6tgu-s0-n100-r8,6tgu,2026-08-23-6tgu-s0-n100-r8-0075,0.529412,3.852041,
2026-08-23-6tgu-s0-n100-r8,6tgu,2026-08-23-6tgu-s0-n100-r8-0076,0.647059,3.897959,
2026-08-23-6tgu-s0-n100-r8,6tgu,2026-08-23-6tgu-s0-n100-r8-0077,0.411765,3.943878,
2026-08-23-6tgu-s0-n100-r8,6tgu,2026-08-23-6tgu-s0-n100-r8-0078,0.470588,3.989796,
2026-08-23-6tgu-s0-n100-r8,6tgu,2026-08-23-6tgu-s0-n100-r8-0079,0.647059,4.035714,
2026-08-23-6tgu-s0-n100-r8,6tgu,2026-08-23-6tgu-s0-n100-r8-0080,0.529412,4.081633,
2026-08-23-6tgu-s0-n100-r8,6tgu,2026-08-23-6tgu-s0-n100-r8-0081,0.470588,4.127551,
2026-08-23-6tgu-s0-n100-r8,6tgu,2026-08-23-6tgu-s0-n100-r8-0082,0.529412,4.173469,
2026-08-23-6tgu-s0-n100-r8,6tgu,2026-08-23-6tgu-s0-n100-r8-0083,0.529412,4.219388,
2026-08-23-6tgu-s0-n100-r8,6tgu,2026-08-23-6tgu-s0-n100-r8-0084,0.470588,4.265306,
2026-08-23-6tgu-s0-n100-r8,6tgu,2026-08-23-6tgu-s0-n100-r8-0085,0.529412,4.311224,
2026-08-23-6tgu-s0-n100-r8,6tgu,2026-08-23-6tgu-s0-n100-r8-0086,0.529412,4.357143,
2026-08-23-6tgu-s0-n100-r8,6tgu,2026-08-23-6tgu-s0-n100-r8-0087,0.529412,4.403061,
2026-08-23-6tgu-s0-n100-r8,6tgu,2026-08-23-6tgu-s0-n100-r8-0088,0.588235,4.44898,
2026-08-23-6tgu-s0-n100-r8,6tgu,2026-08-23-6tgu-s0-n100-r8-0089,0.529412,4.494898,
2026-08-23-6tgu-s0-n100-r8,6tgu,2026-08-23-6tgu-s0-n100-r8-0090,0.529412,4.540816,
2026-08-23-6tgu-s0-n100-r8,6tgu,2026-08-23-6tgu-s0-n100-r8-0091,0.529412,4.586735,
2026-08-23-6tgu-s0-n100-r8,6tgu,2026-08-23-6tgu-s0-n100-r8-0092,0.470588,4.632653,
2026-08-23-6tgu-s0-n100-r8,6tgu,2026-08-23-6tgu-s0-n100-r8-0093,0.529412,4.678571,
2026-08-23-6tgu-s0-n100-r8,6tgu,2026-08-23-6tgu-s0-n100-r8-0094,0.470588,4.72449,
2026-08-23-6tgu-s0-n100-r8,6tgu,2026-08-23-6tgu-s0-n100-r8-0095,0.529412,4.770408,
2026-08-23-6tgu-s0-n100-r8,6tgu,2026-08-23-6tgu-s0-n100-r8-0096,0.588235,4.816327,
2026-08-23-6tgu-s0-n100-r8,6tgu,2026-08-23-6tgu-s0-n100-r8-0097,0.470588,4.862245,
2026-08-23-6tgu-s0-n100-r8,6tgu,2026-08-23-6tgu-s0-n100-r8-0098,0.529412,4.908163,
2026-08-23-6tgu-s0-n100-r8,6tgu,2026-08-23-6tgu-s0-n100-r8-0099,0.470588,4.954082,
2026-08-23-6tgu-s0-n100-r8,6tgu,2026-08-23-6tgu-s0-n100-r8-0100,0.529412,5.0,
2026-08-23-6tgu-s0-n100-r9,6tgu,2026-08-23-6tgu-s0-n100-r9-0001,1.0,0.0,
2026-08-23-6tgu-s0-n100-r9,6tgu,2026-08-23-6tgu-s0-n100-r9-0002,0.941176,0.5,
2026-08-23-6tgu-s0-n100-r9,6tgu,2026-08-23-6tgu-s0-n100-r9-0003,0.882353,0.545918,
2026-08-23-6tgu-s0-n100-r9,6tgu,2026-08-23-6tgu-s0-n100-r9-0004,0.941176,0.591837,
2026-08-23-6tgu-s0-n100-r9,6tgu,2026-08-23-6tgu-s0-n100-r9-0005,0.882353,0.637755,
2026-08-23-6tgu-s0-n100-r9,6tgu,2026-08-23-6tgu-s0-n100-r9-0006,0.882353,0.683673,
2026-08-23-6tgu-s0-n100-r9,6tgu,2026-08-23-6tgu-s0-n100-r9-0007,1.0,0.729592,
2026-08-23-6tgu-s0-n100-r9,6tgu,2026-08-23-6tgu-s0-n100-r9-0008,0.823529,0.77551,
2026-08-23-6tgu-s0-n100-r9,6tgu,2026-08-23-6tgu-s0-n100-r9-0009,1.0,0.821429,
2026-08-23-6tgu-s0-n100-r9,6tgu,2026-08-23-6tgu-s0-n100-r9-0010,0.823529,0.867347,
2026-08-23-6tgu-s0-n100-r9,6tgu,2026-08-23-6tgu-s0-n100-r9-0011,0.941176,0.913265,
2026-08-23-6tgu-s0-n100-r9,6tgu,2026-08-23-6tgu-s0-n100-r9-0012,0.823529,0.959184,
2026-08-23-6tgu-s0-n100-r9,6tgu,2026-08-23-6tgu-s0-n100-r9-0013,0.882353,1.005102,
2026-08-23-6tgu-s0-n100-r9,6tgu,2026-08-23-6tgu-s0-n100-r9-0014,0.764706,1.05102,
2026-08-23-6tgu-s0-n100-r9,6tgu,2026-08-23-6tgu-s0-n100-r9-0015,0.764706,1.096939,
2026-08-23-6tgu-s0-n100-r9,6tgu,2026-08-23-6tgu-s0-n100-r9-0016,0.941176,1.142857,
2026-08-23-6tgu-s0-n100-r9,6tgu,2026-08-23-6tgu-s0-n100-r9-0017,0.764706,1.188776,
2026-08-23-6tgu-s0-n100-r9,6tgu,2026-08-23-6tgu-s0-n100-r9-0018,0.823529,1.234694,
2026-08-23-6tgu-s0-n100-r9,6tgu,2026-08-23-6tgu-s0-n100-r9-0019,0.764706,1.280612,
2026-08-23-6tgu-s0-n100-r9,6tgu,2026-08-23-6tgu-s0-n100-r9-0020,0.764706,1.326531,
2026-08-23-6tgu-s0-n100-r9,6tgu,2026-08-23-6tgu-s0-n100-r9-0021,0.705882,1.372449,
2026-08-23-6tgu-s0-n100-r9,6tgu,2026-08-23-6tgu-s0-n100-r9-0022,0.823529,1.418367,
2026-08-23-6tgu-s0-n100-r9,6tgu,2026-08-23-6tgu-s0-n100-r9-0023,0.647059,1.464286,
2026-08-23-6tgu-s0-n100-r9,6tgu,2026-08-23-6tgu-s0-n100-r9-0024,0.764706,1.510204,
2026-08-23-6tgu-s0-n100-r9,6tgu,2026-08-23-6tgu-s0-n100-r9-0025,0.529412,1.556122,
2026-08-23-6tgu-s0-n100-r9,6tgu,2026-08-23-6tgu-s0-n100-r9-0026,0.764706,1.602041,
2026-08-23-6tgu-s0-n100-r9,6tgu,2026-08-23-6tgu-s0-n100-r9-0027,0.705882,1.647959,
2026-08-23-6tgu-s0-n100-r9,6tgu,2026-08-23-6tgu-s0-n100-r9-0028,0.647059,1.693878,
2026-08-23-6tgu-s0-n100-r9,6tgu,2026-08-23-6tgu-s0-n100-r9-0029,0.705882,1.739796,
2026-08-23-6tgu-s0-n100-r9,6tgu,2026-08-23-6tgu-s0-n100-r9-0030,0.764706,1.785714,
2026-08-23-6tgu-s0-n100-r9,6tgu,2026-08-23-6tgu-s0-n100-r9-0031,0.588235,1.831633,
2026-08-23-6tgu-s0-n100-r9,6tgu,2026-08-23-6tgu-s0-n100-r9-0032,0.705882,1.877551,
2026-08-23-6tgu-s0-n100-r9,6tgu,2026-08-23-6tgu-s0-n100-r9-0033,0.588235,1.923469,
2026-08-23-6tgu-s0-n100-r9,6tgu,2026-08-23-6tgu-s0-n100-r9-0034,0.705882,1.969388,
2026-08-23-6tgu-s0-n100-r9,6tgu,2026-08-23-6tgu-s0-n100-r9-0035,0.411765,2.015306,
2026-08-23-6tgu-s0-n100-r9,6tgu,2026-08-23-6tgu-s0-n100-r9-0036,0.705882,2.061224,
2026-08-23-6tgu-s0-n100-r9,6tgu,2026-08-23-6tgu-s0-n100-r9-0037,0.705882,2.107143,
2026-08-23-6tgu-s0-n100-r9,6tgu,2026-08-23-6tgu-s0-n100-r9-0038,0.823529,2.153061,
2026-08-23-6tgu-s0-n100-r9,6tgu,2026-08-23-6tgu-s0-n100-r9-0039,0.470588,2.19898,
2026-08-23-6tgu-s0-n100-r9,6tgu,2026-08-23-6tgu-s0-n100-r9-0040,0.941176,2.244898,
2026-08-23-6tgu-s0-n100-r9,6tgu,2026-08-23-6tgu-s0-n100-r9-0041,0.588235,2.290816,
2026-08-23-6tgu-s0-n100-r9,6tgu,2026-08-23-6tgu-s0-n100-r9-0042,0.823529,2.336735,
2026-08-23-6tgu-s0-n100-r9,6tgu,2026-08-23-6tgu-s0-n100-r9-0043,0.647059,2.382653,
2026-08-23-6tgu-s0-n100-r9,6tgu,2026-08-23-6tgu-s0-n100-r9-0044,0.588235,2.428571,
2026-08-23-6tgu-s0-n100-r9,6tgu,2026-08-23-6tgu-s0-n100-r9-0045,0.647059,2.47449,
2026-08-23-6tgu-s0-n100-r9,6tgu,2026-08-23-6tgu-s0-n100-r9-0046,0.705882,2.520408,
2026-08-23-6tgu-s0-n100-r9,6tgu,2026-08-23-6tgu-s0-n100-r9-0047,0.705882,2.566327,
2026-08-23-6tgu-s0-n100-r9,6tgu,2026-08-23-6tgu-s0-n100-r9-0048,0.529412,2.612245,
2026-08-23-6tgu-s0-n100-r9,6tgu,2026-08-23-6tgu-s0-n100-r9-0049,0.588235,2.658163,
2026-08-23-6tgu-s0-n100-r9,6tgu,2026-08-23-6tgu-s0-n100-r9-0050,0.705882,2.704082,
2026-08-23-6tgu-s0-n100-r9,6tgu,2026-08-23-6tgu-s0-n100-r9-0051,0.529412,2.75,
2026-08-23-6tgu-s0-n100-r9,6tgu,2026-08-23-6tgu-s0-n100-r9-0052,0.588235,2.795918,
2026-08-23-6tgu-s0-n100-r9,6tgu,2026-08-23-6tgu-s0-n100-r9-0053,0.411765,2.841837,
2026-08-23-6tgu-s0-n100-r9,6tgu,2026-08-23-6tgu-s0-n100-r9-0054,0.588235,2.887755,
2026-08-23-6tgu-s0-n100-r9,6tgu,2026-08-23-6tgu-s0-n100-r9-0055,0.529412,2.933673,
2026-08-23-6tgu-s0-n100-r9,6tgu,2026-08-23-6tgu-s0-n100-r9-0056,0.647059,2.979592,
2026-08-23-6tgu-s0-n100-r9,6tgu,2026-08-23-6tgu-s0-n100-r9-0057,0.588235,3.02551,
2026-08-23-6tgu-s0-n100-r9,6tgu,2026-08-23-6tgu-s0-n100-r9-0058,0.764706,3.071429,
2026-08-23-6tgu-s0-n100-r9,6tgu,2026-08-23-6tgu-s0-n100-r9-0059,0.529412,3.117347,
2026-08-23-6tgu-s0-n100-r9,6tgu,2026-08-23-6tgu-s0-n100-r9-0060,0.705882,3.163265,
2026-08-23-6tgu-s0-n100-r9,6tgu,2026-08-23-6tgu-s0-n100-r9-0061,0.588235,3.209184,
2026-08-23-6tgu-s0-n100-r9,6tgu,2026-08-23-6tgu-s0-n100-r9-0062,0.764706,3.255102,
2026-08-23-6tgu-s0-n100-r9,6tgu,2026-08-23-6tgu-s0-n100-r9-0063,0.529412,3.30102,
2026-08-23-6tgu-s0-n100-r9,6tgu,2026-08-23-6tgu-s0-n100-r9-0064,0.588235,3.346939,
2026-08-23-6tgu-s0-n100-r9,6tgu,2026-08-23-6tgu-s0-n100-r9-0065,0.588235,3.392857,
2026-08-23-6tgu-s0-n100-r9,6tgu,2026-08-23-6tgu-s0-n100-r9-0066,0.470588,3.438776,
2026-08-23-6tgu-s0-n100-r9,6tgu,2026-08-23-6tgu-s0-n100-r9-0067,0.470588,3.484694,
2026-08-23-6tgu-s0-n100-r9,6tgu,2026-08-23-6tgu-s0-n100-r9-0068,0.470588,3.530612,
2026-08-23-6tgu-s0-n100-r9,6tgu,2026-08-23-6tgu-s0-n100-r9-0069,0.470588,3.576531,
2026-08-23-6tgu-s0-n100-r9,6tgu,2026-08-23-6tgu-s0-n100-r9-0070,0.764706,3.622449,
2026-08-23-6tgu-s0-n100-r9,6tgu,2026-08-23-6tgu-s0-n100-r9-0071,0.470588,3.668367,
2026-08-23-6tgu-s0-n100-r9,6tgu,2026-08-23-6tgu-s0-n100-r9-0072,0.647059,3.714286,
2026-08-23-6tgu-s0-n100-r9,6tgu,2026-08-23-6tgu-s0-n100-r9-0073,0.529412,3.760204,
2026-08-23-6tgu-s0-n100-r9,6tgu,2026-08-23-6tgu-s0-n100-r9-0074,0.411765,3.806122,
2026-08-23-6tgu-s0-n100-r9,6tgu,2026-08-23-6tgu-s0-n100-r9-0075,0.470588,3.852041,
2026-08-23-6tgu-s0-n100-r9,6tgu,2026-08-23-6tgu-s0-n100-r9-0076,0.588235,3.897959,
2026-08-23-6tgu-s0-n100-r9,6tgu,2026-08-23-6tgu-s0-n100-r9-0077,0.588235,3.943878,
2026-08-23-6tgu-s0-n100-r9,6tgu,2026-08-23-6tgu-s0-n100-r9-0078,0.411765,3.989796,
2026-08-23-6tgu-s0-n100-r9,6tgu,2026-08-23-6tgu-s0-n100-r9-0079,0.764706,4.035714,
2026-08-23-6tgu-s0-n100-r9,6tgu,2026-08-23-6tgu-s0-n100-r9-0080,0.529412,4.081633,
2026-08-23-6tgu-s0-n100-r9,6tgu,2026-08-23-6tgu-s0-n100-r9-0081,0.529412,4.127551,
2026-08-23-6tgu-s0-n100-r9,6tgu,2026-08-23-6tgu-s0-n100-r9-0082,0.588235,4.173469,
2026-08-23-6tgu-s0-n100-r9,6tgu,2026-08-23-6tgu-s0-n100-r9-0083,0.647059,4.219388,
2026-08-23-6tgu-s0-n100-r9,6tgu,2026-08-23-6tgu-s0-n100-r9-0084,0.588235,4.265306,
2026-08-23-6tgu-s0-n100-r9,6tgu,2026-08-23-6tgu-s0-n100-r9-0085,0.411765,4.311224,
2026-08-23-6tgu-s0-n100-r9,6tgu,2026-08-23-6tgu-s0-n100-r9-0086,0.470588,4.357143,
2026-08-23-6tgu-s0-n100-r9,6tgu,2026-08-23-6tgu-s0-n100-r9-0087,0.529412,4.403061,
2026-08-23-6tgu-s0-n100-r9,6tgu,2026-08-23-6tgu-s0-n100-r9-0088,0.470588,4.44898,
2026-08-23-6tgu-s0-n100-r9,6tgu,2026-08-23-6tgu-s0-n100-r9-0089,0.470588,4.494898,
2026-08-23-6tgu-s0-n100-r9,6tgu,2026-08-23-6tgu-s0-n100-r9-0090,0.352941,4.540816,
2026-08-23-6tgu-s0-n100-r9,6tgu,2026-08-23-6tgu-s0-n100-r9-0091,0.529412,4.586735,
2026-08-23-6tgu-s0-n100-r9,6tgu,2026-08-23-6tgu-s0-n100-r9-0092,0.529412,4.632653,
2026-08-23-6tgu-s0-n100-r9,6tgu,2026-08-23-6tgu-s0-n100-r9-0093,0.470588,4.678571,
2026-08-23-6tgu-s0-n100-r9,6tgu,2026-08-23-6tgu-s0-n100-r9-0094,0.411765,4.72449,
2026-08-23-6tgu-s0-n100-r9,6tgu,2026-08-23-6tgu-s0-n100-r9-0095,0.411765,4.770408,
2026-08-23-6tgu-s0-n100-r9,6tgu,2026-08-23-6tgu-s0-n100-r9-0096,0.647059,4.816327,
2026-08-23-6tgu-s0-n100-r9,6tgu,2026-08-23-6tgu-s0-n100-r9-0097,0.588235,4.862245,
2026-08-23-6tgu-s0-n100-r9,6tgu,2026-08-23-6tgu-s0-n100-r9-0098,0.470588,4.908163,
2026-08-23-6tgu-s0-n100-r9,6tgu,2026-08-23-6tgu-s0-n100-r9-0099,0.470588,4.954082,
2026-08-23-6tgu-s0-n100-r9,6tgu,2026-08-23-6tgu-s0-n100-r9-0100,0.529412,5.0,
2026-09-16-3war-s0-n100,3war,2026-09-16-3war-s0-n100-0001,1.0,0.0,native
2026-09-16-3war-s0-n100,3war,2026-09-16-3war-s0-n100-0002,1.0,0.5,conformer
2026-09-16-3war-s0-n100,3war,2026-09-16-3war-s0-n100-0003,0.818182,0.545918,rigid
2026-09-16-3war-s0-n100,3war,2026-09-16-3war-s0-n100-0004,0.909091,0.591837,conformer
2026-09-16-3war-s0-n100,3war,2026-09-16-3war-s0-n100-0005,1.0,0.637755,rigid
2026-09-16-3war-s0-n100,3war,2026-09-16-3war-s0-n100-0006,1.0,0.683673,conformer
2026-09-16-3war-s0-n100,3war,2026-09-16-3war-s0-n100-0007,1.0,0.729592,rigid
2026-09-16-3war-s0-n100,3war,2026-09-16-3war-s0-n100-0008,0.909091,0.77551,conformer
2026-09-16-3war-s0-n100,3war,2026-09-16-3war-s0-n100-0009,1.0,0.821429,rigid
2026-09-16-3war-s0-n100,3war,2026-09-16-3war-s0-n100-0010,0.909091,0.867347,conformer
2026-09-16-3war-s0-n100,3war,2026-09-16-3war-s0-n100-0011,0.727273,0.913265,rigid
2026-09-16-3war-s0-n100,3war,2026-09-16-3war-s0-n100-0012,1.0,0.959184,conformer
2026-09-16-3war-s0-n100,3war,2026-09-16-3war-s0-n100-0013,1.0,1.005102,rigid
2026-09-16-3war-s0-n100,3war,2026-09-16-3war-s0-n100-0014,1.0,1.05102,conformer
2026-09-16-3war-s0-n100,3war,2026-09-16-3war-s0-n100-0015,0.727273,1.096939,rigid
2026-09-16-3war-s0-n100,3war,2026-09-16-3war-s0-n100-0016,0.909091,1.142857,conformer
2026-09-16-3war-s0-n100,3war,2026-09-16-3war-s0-n100-0017,0.818182,1.188776,rigid
2026-09-16-3war-s0-n100,3war,2026-09-16-3war-s0-n100-0018,0.727273,1.234694,conformer
2026-09-16-3war-s0-n100,3war,2026-09-16-3war-s0-n100-0019,0.636364,1.280612,rigid
2026-09-16-3war-s0-n100,3war,2026-09-16-3war-s0-n100-0020,0.727273,1.326531,conformer
2026-09-16-3war-s0-n100,3war,2026-09-16-3war-s0-n100-0021,0.818182,1.372449,rigid
2026-09-16-3war-s0-n100,3war,2026-09-16-3war-s0-n100-0022,0.727273,1.418367,conformer
2026-09-16-3war-s0-n100,3war,2026-09-16-3war-s0-n100-0023,0.818182,1.464286,rigid
2026-09-16-3war-s0-n100,3war,2026-09-16-3war-s0-n100-0024,0.909091,1.510204,conformer
2026-09-16-3war-s0-n100,3war,2026-09-16-3war-s0-n100-0025,0.727273,1.556122,rigid
2026-09-16-3war-s0-n100,3war,2026-09-16-3war-s0-n100-0026,0.636364,1.602041,conformer
2026-09-16-3war-s0-n100,3war,2026-09-16-3war-s0-n100-0027,0.727273,1.647959,rigid
2026-09-16-3war-s0-n100,3war,2026-09-16-3war-s0-n100-0028,0.545455,1.693878,conformer
2026-09-16-3war-s0-n100,3war,2026-09-16-3war-s0-n100-0029,0.818182,1.739796,rigid
2026-09-16-3war-s0-n100,3war,2026-09-16-3war-s0-n100-0030,0.545455,1.785714,conformer
2026-09-16-3war-s0-n100,3war,2026-09-16-3war-s0-n100-0031,0.636364,1.831633,rigid
2026-09-16-3war-s0-n100,3war,2026-09-16-3war-s0-n100-0032,0.545455,1.877551,conformer
2026-09-16-3war-s0-n100,3war,2026-09-16-3war-s0-n100-0033,0.545455,1.923469,rigid
2026-09-16-3war-s0-n100,3war,2026-09-16-3war-s0-n100-0034,0.545455,1.969388,conformer
2026-09-16-3war-s0-n100,3war,2026-09-16-3war-s0-n100-0035,0.818182,2.015306,rigid
2026-09-16-3war-s0-n100,3war,2026-09-16-3war-s0-n100-0036,0.727273,2.061224,conformer
2026-09-16-3war-s0-n100,3war,2026-09-16-3war-s0-n100-0037,0.545455,2.107143,rigid
2026-09-16-3war-s0-n100,3war,2026-09-16-3war-s0-n100-0038,0.636364,2.153061,conformer
2026-09-16-3war-s0-n100,3war,2026-09-16-3war-s0-n100-0039,0.545455,2.19898,rigid
2026-09-16-3war-s0-n100,3war,2026-09-16-3war-s0-n100-0040,0.818182,2.244898,conformer
2026-09-16-3war-s0-n100,3war,2026-09-16-3war-s0-n100-0041,0.636364,2.290816,rigid
2026-09-16-3war-s0-n100,3war,2026-09-16-3war-s0-n100-0042,0.727273,2.336735,conformer
2026-09-16-3war-s0-n100,3war,2026-09-16-3war-s0-n100-0043,0.545455,2.382653,rigid
2026-09-16-3war-s0-n100,3war,2026-09-16-3war-s0-n100-0044,0.454545,2.428571,conformer
2026-09-16-3war-s0-n100,3war,2026-09-16-3war-s0-n100-0045,0.545455,2.47449,rigid
2026-09-16-3war-s0-n100,3war,2026-09-16-3war-s0-n100-0046,0.636364,2.520408,conformer
2026-09-16-3war-s0-n100,3war,2026-09-16-3war-s0-n100-0047,0.636364,2.566327,rigid
2026-09-16-3war-s0-n100,3war,2026-09-16-3war-s0-n100-0048,0.454545,2.612245,conformer
2026-09-16-3war-s0-n100,3war,2026-09-16-3war-s0-n100-0049,0.363636,2.658163,rigid
2026-09-16-3war-s0-n100,3war,2026-09-16-3war-s0-n100-0050,0.818182,2.704082,conformer
2026-09-16-3war-s0-n100,3war,2026-09-16-3war-s0-n100-0051,0.454545,2.75,rigid
2026-09-16-3war-s0-n100,3war,2026-09-16-3war-s0-n100-0052,0.363636,2.795918,conformer
2026-09-16-3war-s0-n100,3war,2026-09-16-3war-s0-n100-0053,0.454545,2.841837,rigid
2026-09-16-3war-s0-n100,3war,2026-09-16-3war-s0-n100-0054,0.545455,2.887755,conformer
2026-09-16-3war-s0-n100,3war,2026-09-16-3war-s0-n100-0055,0.454545,2.933673,rigid
2026-09-16-3war-s0-n100,3war,2026-09-16-3war-s0-n100-0056,0.545455,2.979592,conformer
2026-09-16-3war-s0-n100,3war,2026-09-16-3war-s0-n100-0057,0.454545,3.02551,rigid
2026-09-16-3war-s0-n100,3war,2026-09-16-3war-s0-n100-0058,0.727273,3.071429,conformer
2026-09-16-3war-s0-n100,3war,2026-09-16-3war-s0-n100-0059,0.454545,3.117347,rigid
2026-09-16-3war-s0-n100,3war,2026-09-16-3war-s0-n100-0060,0.636364,3.163265,conformer
2026-09-16-3war-s0-n100,3war,2026-09-16-3war-s0-n100-0061,0.545455,3.209184,rigid
2026-09-16-3war-s0-n100,3war,2026-09-16-3war-s0-n100-0062,0.636364,3.255102,conformer
2026-09-16-3war-s0-n100,3war,2026-09-16-3war-s0-n100-0063,0.363636,3.30102,rigid
2026-09-16-3war-s0-n100,3war,2026-09-16-3war-s0-n100-0064,0.545455,3.346939,conformer
2026-09-16-3war-s0-n100,3war,2026-09-16-3war-s0-n100-0065,0.454545,3.392857,rigid
2026-09-16-3war-s0-n100,3war,2026-09-16-3war-s0-n100-0066,0.363636,3.438776,conformer
2026-09-16-3war-s0-n100,3war,2026-09-16-3war-s0-n100-0067,0.545455,3.484694,rigid
2026-09-16-3war-s0-n100,3war,2026-09-16-3war-s0-n100-0068,0.545455,3.530612,conformer
2026-09-16-3war-s0-n100,3war,2026-09-16-3war-s0-n100-0069,0.363636,3.576531,rigid
2026-09-16-3war-s0-n100,3war,2026-09-16-3war-s0-n100-0070,0.363636,3.622449,conformer
2026-09-16-3war-s0-n100,3war,2026-09-16-3war-s0-n100-0071,0.363636,3.668367,rigid
2026-09-16-3war-s0-n100,3war,2026-09-16-3war-s0-n100-0072,0.363636,3.714286,conformer
2026-09-16-3war-s0-n100,3war,2026-09-16-3war-s0-n100-0073,0.363636,3.760204,rigid
2026-09-16-3war-s0-n100,3war,2026-09-16-3war-s0-n100-0074,0.363636,3.806122,conformer
2026-09-16-3war-s0-n100,3war,2026-09-16-3war-s0-n100-0075,0.181818,3.852041,rigid
2026-09-16-3war-s0-n100,3war,2026-09-16-3war-s0-n100-0076,0.272727,3.897959,conformer
2026-09-16-3war-s0-n100,3war,2026-09-16-3war-s0-n100-0077,0.363636,3.943878,rigid
2026-09-16-3war-s0-n100,3war,2026-09-16-3war-s0-n100-0078,0.272727,3.989796,conformer
2026-09-16-3war-s0-n100,3war,2026-09-16-3war-s0-n100-0079,0.454545,4.035714,rigid
2026-09-16-3war-s0-n100,3war,2026-09-16-3war-s0-n100-0080,0.272727,4.081633,conformer
2026-09-16-3war-s0-n100,3war,2026-09-16-3war-s0-n100-0081,0.454545,4.127551,rigid
2026-09-16-3war-s0-n100,3war,2026-09-16-3war-s0-n100-0082,0.545455,4.173469,conformer
2026-09-16-3war-s0-n100,3war,2026-09-16-3war-s0-n100-0083,0.363636,4.219388,rigid
2026-09-16-3war-s0-n100,3war,2026-09-16-3war-s0-n100-0084,0.545455,4.265306,conformer
2026-09-16-3war-s0-n100,3war,2026-09-16-3war-s0-n100-0085,0.363636,4.311224,rigid
2026-09-16-3war-s0-n100,3war,2026-09-16-3war-s0-n100-0086,0.363636,4.357143,conformer
2026-09-16-3war-s0-n100,3war,2026-09-16-3war-s0-n100-0087,0.272727,4.403061,rigid
2026-09-16-3war-s0-n100,3war,2026-09-16-3war-s0-n100-0088,0.545455,4.44898,conformer
2026-09-16-3war-s0-n100,3war,2026-09-16-3war-s0-n100-0089,0.545455,4.494898,rigid
2026-09-16-3war-s0-n100,3war,2026-09-16-3war-s0-n100-0090,0.454545,4.540816,conformer
2026-09-16-3war-s0-n100,3war,2026-09-16-3war-s0-n100-0091,0.454545,4.586735,rigid
2026-09-16-3war-s0-n100,3war,2026-09-16-3war-s0-n100-0092,0.363636,4.632653,conformer
2026-09-16-3war-s0-n100,3war,2026-09-16-3war-s0-n100-0093,0.454545,4.678571,rigid
2026-09-16-3war-s0-n100,3war,2026-09-16-3war-s0-n100-0094,0.363636,4.72449,conformer
2026-09-16-3war-s0-n100,3war,2026-09-16-3war-s0-n100-0095,0.363636,4.770408,rigid
2026-09-17-6fnk-s0-n100,6fnk,2026-09-17-6fnk-s0-n100-0001,1.0,0.0,native
2026-09-17-6fnk-s0-n100,6fnk,2026-09-17-6fnk-s0-n100-0002,0.857143,0.5,conformer
2026-09-17-6fnk-s0-n100,6fnk,2026-09-17-6fnk-s0-n100-0003,1.0,0.545918,rigid
2026-09-17-6fnk-s0-n100,6fnk,2026-09-17-6fnk-s0-n100-0004,0.785714,0.591837,conformer
2026-09-17-6fnk-s0-n100,6fnk,2026-09-17-6fnk-s0-n100-0005,0.857143,0.637755,rigid
2026-09-17-6fnk-s0-n100,6fnk,2026-09-17-6fnk-s0-n100-0006,0.785714,0.683673,conformer
2026-09-17-6fnk-s0-n100,6fnk,2026-09-17-6fnk-s0-n100-0007,0.642857,0.729592,rigid
2026-09-17-6fnk-s0-n100,6fnk,2026-09-17-6fnk-s0-n100-0008,0.571429,0.77551,conformer
2026-09-17-6fnk-s0-n100,6fnk,2026-09-17-6fnk-s0-n100-0009,0.785714,0.821429,rigid
2026-09-17-6fnk-s0-n100,6fnk,2026-09-17-6fnk-s0-n100-0010,0.785714,0.867347,conformer
2026-09-17-6fnk-s0-n100,6fnk,2026-09-17-6fnk-s0-n100-0011,0.785714,0.913265,rigid
2026-09-17-6fnk-s0-n100,6fnk,2026-09-17-6fnk-s0-n100-0012,0.714286,0.959184,conformer
2026-09-17-6fnk-s0-n100,6fnk,2026-09-17-6fnk-s0-n100-0013,0.714286,1.005102,rigid
2026-09-17-6fnk-s0-n100,6fnk,2026-09-17-6fnk-s0-n100-0014,0.714286,1.05102,conformer
2026-09-17-6fnk-s0-n100,6fnk,2026-09-17-6fnk-s0-n100-0015,0.785714,1.096939,rigid
2026-09-17-6fnk-s0-n100,6fnk,2026-09-17-6fnk-s0-n100-0016,0.571429,1.142857,conformer
2026-09-17-6fnk-s0-n100,6fnk,2026-09-17-6fnk-s0-n100-0017,0.5,1.188776,rigid
2026-09-17-6fnk-s0-n100,6fnk,2026-09-17-6fnk-s0-n100-0018,0.571429,1.234694,conformer
2026-09-17-6fnk-s0-n100,6fnk,2026-09-17-6fnk-s0-n100-0019,0.642857,1.280612,rigid
2026-09-17-6fnk-s0-n100,6fnk,2026-09-17-6fnk-s0-n100-0020,0.5,1.326531,conformer
2026-09-17-6fnk-s0-n100,6fnk,2026-09-17-6fnk-s0-n100-0021,0.642857,1.372449,rigid
2026-09-17-6fnk-s0-n100,6fnk,2026-09-17-6fnk-s0-n100-0022,0.571429,1.418367,conformer
2026-09-17-6fnk-s0-n100,6fnk,2026-09-17-6fnk-s0-n100-0023,0.571429,1.464286,rigid
2026-09-17-6fnk-s0-n100,6fnk,2026-09-17-6fnk-s0-n100-0024,0.785714,1.510204,conformer
2026-09-17-6fnk-s0-n100,6fnk,2026-09-17-6fnk-s0-n100-0025,0.428571,1.556122,rigid
2026-09-17-6fnk-s0-n100,6fnk,2026-09-17-6fnk-s0-n100-0026,0.571429,1.602041,conformer
2026-09-17-6fnk-s0-n100,6fnk,2026-09-17-6fnk-s0-n100-0027,0.5,1.647959,rigid
2026-09-17-6fnk-s0-n100,6fnk,2026-09-17-6fnk-s0-n100-0028,0.357143,1.693878,conformer
2026-09-17-6fnk-s0-n100,6fnk,2026-09-17-6fnk-s0-n100-0029,0.357143,1.739796,rigid
2026-09-17-6fnk-s0-n100,6fnk,2026-09-17-6fnk-s0-n100-0030,0.428571,1.785714,conformer
2026-09-17-6fnk-s0-n100,6fnk,2026-09-17-6fnk-s0-n100-0031,0.5,1.831633,rigid
2026-09-17-6fnk-s0-n100,6fnk,2026-09-17-6fnk-s0-n100-0032,0.571429,1.877551,conformer
2026-09-17-6fnk-s0-n100,6fnk,2026-09-17-6fnk-s0-n100-0033,0.357143,1.923469,rigid
2026-09-17-6fnk-s0-n100,6fnk,2026-09-17-6fnk-s0-n100-0034,0.571429,1.969388,conformer
2026-09-17-6fnk-s0-n100,6fnk,2026-09-17-6fnk-s0-n100-0035,0.5,2.015306,rigid
2026-09-17-6fnk-s0-n100,6fnk,2026-09-17-6fnk-s0-n100-0036,0.571429,2.061224,conformer
2026-09-17-6fnk-s0-n100,6fnk,2026-09-17-6fnk-s0-n100-0037,0.571429,2.107143,rigid
2026-09-17-6fnk-s0-n100,6fnk,2026-09-17-6fnk-s0-n100-0038,0.571429,2.153061,conformer
2026-09-17-6fnk-s0-n100,6fnk,2026-09-17-6fnk-s0-n100-0039,0.357143,2.19898,rigid
2026-09-17-6fnk-s0-n100,6fnk,2026-09-17-6fnk-s0-n100-0040,0.642857,2.244898,conformer
2026-09-17-6fnk-s0-n100,6fnk,2026-09-17-6fnk-s0-n100-0041,0.428571,2.290816,rigid
2026-09-17-6fnk-s0-n100,6fnk,2026-09-17-6fnk-s0-n100-0042,0.5,2.336735,conformer
2026-09-17-6fnk-s0-n100,6fnk,2026-09-17-6fnk-s0-n100-0043,0.428571,2.382653,rigid
2026-09-17-6fnk-s0-n100,6fnk,2026-09-17-6fnk-s0-n100-0044,0.428571,2.428571,conformer
2026-09-17-6fnk-s0-n100,6fnk,2026-09-17-6fnk-s0-n100-0045,0.357143,2.47449,rigid
2026-09-17-6fnk-s0-n100,6fnk,2026-09-17-6fnk-s0-n100-0046,0.5,2.520408,conformer
2026-09-17-6fnk-s0-n100,6fnk,2026-09-17-6fnk-s0-n100-0047,0.5,2.566327,rigid
2026-09-17-6fnk-s0-n100,6fnk,2026-09-17-6fnk-s0-n100-0048,0.428571,2.612245,conformer
2026-09-17-6fnk-s0-n100,6fnk,2026-09-17-6fnk-s0-n100-0049,0.428571,2.658163,rigid
2026-09-17-6fnk-s0-n100,6fnk,2026-09-17-6fnk-s0-n100-0050,0.428571,2.704082,conformer
2026-09-17-6fnk-s0-n100,6fnk,2026-09-17-6fnk-s0-n100-0051,0.571429,2.75,rigid
2026-09-17-6fnk-s0-n100,6fnk,2026-09-17-6fnk-s0-n100-0052,0.428571,2.795918,conformer
2026-09-17-6fnk-s0-n100,6fnk,2026-09-17-6fnk-s0-n100-0053,0.357143,2.841837,rigid
2026-09-17-6fnk-s0-n100,6fnk,2026-09-17-6fnk-s0-n100-0054,0.5,2.887755,conformer
2026-09-17-6fnk-s0-n100,6fnk,2026-09-17-6fnk-s0-n100-0055,0.428571,2.933673,rigid
2026-09-17-6fnk-s0-n100,6fnk,2026-09-17-6fnk-s0-n100-0056,0.571429,2.979592,conformer
2026-09-17-6fnk-s0-n100,6fnk,2026-09-17-6fnk-s0-n100-0057,0.5,3.02551,rigid
2026-09-17-6fnk-s0-n100,6fnk,2026-09-17-6fnk-s0-n100-0058,0.428571,3.071429,conformer
2026-09-17-6fnk-s0-n100,6fnk,2026-09-17-6fnk-s0-n100-0059,0.5,3.117347,rigid
2026-09-17-6fnk-s0-n100,6fnk,2026-09-17-6fnk-s0-n100-0060,0.357143,3.163265,conformer
2026-09-17-6fnk-s0-n100,6fnk,2026-09-17-6fnk-s0-n100-0061,0.357143,3.209184,rigid
2026-09-17-6fnk-s0-n100,6fnk,2026-09-17-6fnk-s0-n100-0062,0.428571,3.255102,conformer
2026-09-17-6fnk-s0-n100,6fnk,2026-09-17-6fnk-s0-n100-0063,0.285714,3.30102,rigid
2026-09-17-6fnk-s0-n100,6fnk,2026-09-17-6fnk-s0-n100-0064,0.428571,3.346939,conformer
2026-09-17-6fnk-s0-n100,6fnk,2026-09-17-6fnk-s0-n100-0065,0.428571,3.392857,rigid
2026-09-17-6fnk-s0-n100,6fnk,2026-09-17-6fnk-s0-n100-0066,0.428571,3.438776,conformer
2026-09-17-6fnk-s0-n100,6fnk,2026-09-17-6fnk-s0-n100-0067,0.428571,3.484694,rigid
2026-09-17-6fnk-s0-n100,6fnk,2026-09-17-6fnk-s0-n100-0068,0.5,3.530612,conformer
2026-09-17-6fnk-s0-n100,6fnk,2026-09-17-6fnk-s0-n100-0069,0.5,3.576531,rigid
2026-09-17-6fnk-s0-n100,6fnk,2026-09-17-6fnk-s0-n100-0070,0.428571,3.622449,conformer
2026-09-17-6fnk-s0-n100,6fnk,2026-09-17-6fnk-s0-n100-0071,0.357143,3.668367,rigid
2026-09-17-6fnk-s0-n100,6fnk,2026-09-17-6fnk-s0-n100-0072,0.5,3.714286,conformer
2026-09-17-6fnk-s0-n100,6fnk,2026-09-17-6fnk-s0-n100-0073,0.357143,3.760204,rigid
2026-09-17-6fnk-s0-n100,6fnk,2026-09-17-6fnk-s0-n100-0074,0.285714,3.806122,conformer
2026-09-17-6fnk-s0-n100,6fnk,2026-09-17-6fnk-s0-n100-0075,0.285714,3.852041,rigid
2026-09-17-6fnk-s0-n100,6fnk,2026-09-17-6fnk-s0-n100-0076,0.357143,3.897959,conformer
2026-09-17-6fnk-s0-n100,6fnk,2026-09-17-6fnk-s0-n100-0077,0.428571,3.943878,rigid
2026-09-17-6fnk-s0-n100,6fnk,2026-09-17-6fnk-s0-n100-0078,0.5,3.989796,conformer
2026-09-17-6fnk-s0-n100,6fnk,2026-09-17-6fnk-s0-n100-0079,0.357143,4.035714,rigid
2026-09-17-6fnk-s0-n100,6fnk,2026-09-17-6fnk-s0-n100-0080,0.428571,4.081633,conformer
2026-09-17-6fnk-s0-n100,6fnk,2026-09-17-6fnk-s0-n100-0081,0.428571,4.127551,rigid
2026-09-17-6fnk-s0-n100,6fnk,2026-09-17-6fnk-s0-n100-0082,0.428571,4.173469,conformer
2026-09-17-6fnk-s0-n100,6fnk,2026-09-17-6fnk-s0-n100-0083,0.428571,4.219388,rigid
2026-09-17-6fnk-s0-n100,6fnk,2026-09-17-6fnk-s0-n100-0084,0.357143,4.265306,conformer
2026-09-17-6fnk-s0-n100,6fnk,2026-09-17-6fnk-s0-n100-0085,0.5,4.311224,rigid
2026-09-17-6fnk-s0-n100,6fnk,2026-09-17-6fnk-s0-n100-0086,0.285714,4.357143,conformer
2026-09-17-6fnk-s0-n100,6fnk,2026-09-17-6fnk-s0-n100-0087,0.428571,4.403061,rigid
2026-09-17-6fnk-s0-n100,6fnk,2026-09-17-6fnk-s0-n100-0088,0.571429,4.44898,conformer
2026-09-17-6fnk-s0-n100,6fnk,2026-09-17-6fnk-s0-n100-0089,0.5,4.494898,rigid
2026-09-17-6fnk-s0-n100,6fnk,2026-09-17-6fnk-s0-n100-0090,0.357143,4.540816,conformer
2026-09-17-6fnk-s0-n100,6fnk,2026-09-17-6fnk-s0-n100-0091,0.5,4.586735,rigid
2026-09-17-6fnk-s0-n100,6fnk,2026-09-17-6fnk-s0-n100-0092,0.5,4.632653,conformer
2026-09-17-6fnk-s0-n100,6fnk,2026-09-17-6fnk-s0-n100-0093,0.357143,4.678571,rigid
2026-09-17-6fnk-s0-n100,6fnk,2026-09-17-6fnk-s0-n100-0094,0.357143,4.72449,conformer
2026-09-17-6fnk-s0-n100,6fnk,2026-09-17-6fnk-s0-n100-0095,0.357143,4.770408,rigid
2026-09-17-6fnk-s0-n100,6fnk,2026-09-17-6fnk-s0-n100-0096,0.214286,4.816327,conformer
2026-09-17-6fnk-s0-n100,6fnk,2026-09-17-6fnk-s0-n100-0097,0.571429,4.862245,rigid
2026-09-17-6fnk-s0-n100,6fnk,2026-09-17-6fnk-s0-n100-0098,0.285714,4.908163,conformer
2026-09-17-6fnk-s0-n100,6fnk,2026-09-17-6fnk-s0-n100-0099,0.285714,4.954082,rigid
2026-09-17-6fnk-s0-n100,6fnk,2026-09-17-6fnk-s0-n100-0100,0.357143,5.0,conformer
2026-09-18-3war-s0-n100-r1,3war,2026-09-18-3war-s0-n100-r1-0001,1.0,0.0,native
2026-09-18-3war-s0-n100-r1,3war,2026-09-18-3war-s0-n100-r1-0002,0.818182,0.5,conformer
2026-09-18-3war-s0-n100-r1,3war,2026-09-18-3war-s0-n100-r1-0003,1.0,0.545918,rigid
2026-09-18-3war-s0-n100-r1,3war,2026-09-18-3war-s0-n100-r1-0004,0.909091,0.591837,conformer
2026-09-18-3war-s0-n100-r1,3war,2026-09-18-3war-s0-n100-r1-0005,0.909091,0.637755,rigid
2026-09-18-3war-s0-n100-r1,3war,2026-09-18-3war-s0-n100-r1-0006,1.0,0.683673,conformer
2026-09-18-3war-s0-n100-r1,3war,2026-09-18-3war-s0-n100-r1-0007,1.0,0.729592,rigid
2026-09-18-3war-s0-n100-r1,3war,2026-09-18-3war-s0-n100-r1-0008,0.818182,0.77551,conformer
2026-09-18-3war-s0-n100-r1,3war,2026-09-18-3war-s0-n100-r1-0009,0.909091,0.821429,rigid
2026-09-18-3war-s0-n100-r1,3war,2026-09-18-3war-s0-n100-r1-0010,0.909091,0.867347,conformer
2026-09-18-3war-s0-n100-r1,3war,2026-09-18-3war-s0-n100-r1-0011,0.636364,0.913265,rigid
2026-09-18-3war-s0-n100-r1,3war,2026-09-18-3war-s0-n100-r1-0012,1.0,0.959184,conformer
2026-09-18-3war-s0-n100-r1,3war,2026-09-18-3war-s0-n100-r1-0013,0.727273,1.005102,rigid
2026-09-18-3war-s0-n100-r1,3war,2026-09-18-3war-s0-n100-r1-0014,0.727273,1.05102,conformer
2026-09-18-3war-s0-n100-r1,3war,2026-09-18-3war-s0-n100-r1-0015,0.909091,1.096939,rigid
2026-09-18-3war-s0-n100-r1,3war,2026-09-18-3war-s0-n100-r1-0016,0.909091,1.142857,conformer
2026-09-18-3war-s0-n100-r1,3war,2026-09-18-3war-s0-n100-r1-0017,0.636364,1.188776,rigid
2026-09-18-3war-s0-n100-r1,3war,2026-09-18-3war-s0-n100-r1-0018,0.909091,1.234694,conformer
2026-09-18-3war-s0-n100-r1,3war,2026-09-18-3war-s0-n100-r1-0019,0.545455,1.280612,rigid
2026-09-18-3war-s0-n100-r1,3war,2026-09-18-3war-s0-n100-r1-0020,0.727273,1.326531,conformer
2026-09-18-3war-s0-n100-r1,3war,2026-09-18-3war-s0-n100-r1-0021,0.636364,1.372449,rigid
2026-09-18-3war-s0-n100-r1,3war,2026-09-18-3war-s0-n100-r1-0022,0.636364,1.418367,conformer
2026-09-18-3war-s0-n100-r1,3war,2026-09-18-3war-s0-n100-r1-0023,0.454545,1.464286,rigid
2026-09-18-3war-s0-n100-r1,3war,2026-09-18-3war-s0-n100-r1-0024,0.636364,1.510204,conformer
2026-09-18-3war-s0-n100-r1,3war,2026-09-18-3war-s0-n100-r1-0025,0.636364,1.556122,rigid
2026-09-18-3war-s0-n100-r1,3war,2026-09-18-3war-s0-n100-r1-0026,0.636364,1.602041,conformer
2026-09-18-3war-s0-n100-r1,3war,2026-09-18-3war-s0-n100-r1-0027,0.545455,1.647959,rigid
2026-09-18-3war-s0-n100-r1,3war,2026-09-18-3war-s0-n100-r1-0028,0.909091,1.693878,conformer
2026-09-18-3war-s0-n100-r1,3war,2026-09-18-3war-s0-n100-r1-0029,0.727273,1.739796,rigid
2026-09-18-3war-s0-n100-r1,3war,2026-09-18-3war-s0-n100-r1-0030,0.636364,1.785714,conformer
2026-09-18-3war-s0-n100-r1,3war,2026-09-18-3war-s0-n100-r1-0031,0.545455,1.831633,rigid
2026-09-18-3war-s0-n100-r1,3war,2026-09-18-3war-s0-n100-r1-0032,0.818182,1.877551,conformer
2026-09-18-3war-s0-n100-r1,3war,2026-09-18-3war-s0-n100-r1-0033,0.545455,1.923469,rigid
2026-09-18-3war-s0-n100-r1,3war,2026-09-18-3war-s0-n100-r1-0034,0.636364,1.969388,conformer
2026-09-18-3war-s0-n100-r1,3war,2026-09-18-3war-s0-n100-r1-0035,0.636364,2.015306,rigid
2026-09-18-3war-s0-n100-r1,3war,2026-09-18-3war-s0-n100-r1-0036,0.454545,2.061224,conformer
2026-09-18-3war-s0-n100-r1,3war,2026-09-18-3war-s0-n100-r1-0037,0.636364,2.107143,rigid
2026-09-18-3war-s0-n100-r1,3war,2026-09-18-3war-s0-n100-r1-0038,0.454545,2.153061,conformer
2026-09-18-3war-s0-n100-r1,3war,2026-09-18-3war-s0-n100-r1-0039,0.545455,2.19898,rigid
2026-09-18-3war-s0-n100-r1,3war,2026-09-18-3war-s0-n100-r1-0040,0.636364,2.244898,conformer
2026-09-18-3war-s0-n100-r1,3war,2026-09-18-3war-s0-n100-r1-0041,0.545455,2.290816,rigid
2026-09-18-3war-s0-n100-r1,3war,2026-09-18-3war-s0-n100-r1-0042,0.727273,2.336735,conformer
2026-09-18-3war-s0-n100-r1,3war,2026-09-18-3war-s0-n100-r1-0043,0.727273,2.382653,rigid
2026-09-18-3war-s0-n100-r1,3war,2026-09-18-3war-s0-n100-r1-0044,0.363636,2.428571,conformer
2026-09-18-3war-s0-n100-r1,3war,2026-09-18-3war-s0-n100-r1-0045,0.727273,2.47449,rigid
2026-09-18-3war-s0-n100-r1,3war,2026-09-18-3war-s0-n100-r1-0046,0.727273,2.520408,conformer
2026-09-18-3war-s0-n100-r1,3war,2026-09-18-3war-s0-n100-r1-0047,0.636364,2.566327,rigid
2026-09-18-3war-s0-n100-r1,3war,2026-09-18-3war-s0-n100-r1-0048,0.636364,2.612245,conformer
2026-09-18-3war-s0-n100-r1,3war,2026-09-18-3war-s0-n100-r1-0049,0.636364,2.658163,rigid
2026-09-18-3war-s0-n100-r1,3war,2026-09-18-3war-s0-n100-r1-0050,0.454545,2.704082,conformer
2026-09-18-3war-s0-n100-r1,3war,2026-09-18-3war-s0-n100-r1-0051,0.545455,2.75,rigid
2026-09-18-3war-s0-n100-r1,3war,2026-09-18-3war-s0-n100-r1-0052,0.545455,2.795918,conformer
2026-09-18-3war-s0-n100-r1,3war,2026-09-18-3war-s0-n100-r1-0053,0.363636,2.841837,rigid
2026-09-18-3war-s0-n100-r1,3war,2026-09-18-3war-s0-n100-r1-0054,0.636364,2.887755,conformer
2026-09-18-3war-s0-n100-r1,3war,2026-09-18-3war-s0-n100-r1-0055,0.454545,2.933673,rigid
2026-09-18-3war-s0-n100-r1,3war,2026-09-18-3war-s0-n100-r1-0056,0.545455,2.979592,conformer
2026-09-18-3war-s0-n100-r1,3war,2026-09-18-3war-s0-n100-r1-0057,0.454545,3.02551,rigid
2026-09-18-3war-s0-n100-r1,3war,2026-09-18-3war-s0-n100-r1-0058,0.545455,3.071429,conformer
2026-09-18-3war-s0-n100-r1,3war,2026-09-18-3war-s0-n100-r1-0059,0.636364,3.117347,rigid
2026-09-18-3war-s0-n100-r1,3war,2026-09-18-3war-s0-n100-r1-0060,0.636364,3.163265,conformer
2026-09-18-3war-s0-n100-r1,3war,2026-09-18-3war-s0-n100-r1-0061,0.454545,3.209184,rigid
2026-09-18-3war-s0-n100-r1,3war,2026-09-18-3war-s0-n100-r1-0062,0.545455,3.255102,conformer
2026-09-18-3war-s0-n100-r1,3war,2026-09-18-3war-s0-n100-r1-0063,0.545455,3.30102,rigid
2026-09-18-3war-s0-n100-r1,3war,2026-09-18-3war-s0-n100-r1-0064,0.454545,3.346939,conformer
2026-09-18-3war-s0-n100-r1,3war,2026-09-18-3war-s0-n100-r1-0065,0.454545,3.392857,rigid
2026-09-18-3war-s0-n100-r1,3war,2026-09-18-3war-s0-n100-r1-0066,0.454545,3.438776,conformer
2026-09-18-3war-s0-n100-r1,3war,2026-09-18-3war-s0-n100-r1-0067,0.363636,3.484694,rigid
2026-09-18-3war-s0-n100-r1,3war,2026-09-18-3war-s0-n100-r1-0068,0.454545,3.530612,conformer
2026-09-18-3war-s0-n100-r1,3war,2026-09-18-3war-s0-n100-r1-0069,0.363636,3.576531,rigid
2026-09-18-3war-s0-n100-r1,3war,2026-09-18-3war-s0-n100-r1-0070,0.636364,3.622449,conformer
2026-09-18-3war-s0-n100-r1,3war,2026-09-18-3war-s0-n100-r1-0071,0.363636,3.668367,rigid
2026-09-18-3war-s0-n100-r1,3war,2026-09-18-3war-s0-n100-r1-0072,0.454545,3.714286,conformer
2026-09-18-3war-s0-n100-r1,3war,2026-09-18-3war-s0-n100-r1-0073,0.454545,3.760204,rigid
2026-09-18-3war-s0-n100-r1,3war,2026-09-18-3war-s0-n100-r1-0074,0.363636,3.806122,conformer
2026-09-18-3war-s0-n100-r1,3war,2026-09-18-3war-s0-n100-r1-0075,0.363636,3.852041,rigid
2026-09-18-3war-s0-n100-r1,3war,2026-09-18-3war-s0-n100-r1-0076,0.454545,3.897959,conformer
2026-09-18-3war-s0-n100-r1,3war,2026-09-18-3war-s0-n100-r1-0077,0.545455,3.943878,rigid
2026-09-18-3war-s0-n100-r1,3war,2026-09-18-3war-s0-n100-r1-0078,0.454545,3.989796,conformer
2026-09-18-3war-s0-n100-r1,3war,2026-09-18-3war-s0-n100-r1-0079,0.363636,4.035714,rigid
2026-09-18-3war-s0-n100-r1,3war,2026-09-18-3war-s0-n100-r1-0080,0.272727,4.081633,conformer
2026-09-18-3war-s0-n100-r1,3war,2026-09-18-3war-s0-n100-r1-0081,0.272727,4.127551,rigid
2026-09-18-3war-s0-n100-r1,3war,2026-09-18-3war-s0-n100-r1-0082,0.363636,4.173469,conformer
2026-09-18-3war-s0-n100-r1,3war,2026-09-18-3war-s0-n100-r1-0083,0.545455,4.219388,rigid
2026-09-18-3war-s0-n100-r1,3war,2026-09-18-3war-s0-n100-r1-0084,0.454545,4.265306,conformer
2026-09-18-3war-s0-n100-r1,3war,2026-09-18-3war-s0-n100-r1-0085,0.636364,4.311224,rigid
2026-09-18-3war-s0-n100-r1,3war,2026-09-18-3war-s0-n100-r1-0086,0.363636,4.357143,conformer
2026-09-18-3war-s0-n100-r1,3war,2026-09-18-3war-s0-n100-r1-0087,0.363636,4.403061,rigid
2026-09-18-3war-s0-n100-r1,3war,2026-09-18-3war-s0-n100-r1-0088,0.272727,4.44898,conformer
2026-09-18-3war-s0-n100-r1,3war,2026-09-18-3war-s0-n100-r1-0089,0.363636,4.494898,rigid
2026-09-18-3war-s0-n100-r1,3war,2026-09-18-3war-s0-n100-r1-0090,0.545455,4.540816,conformer
2026-09-18-3war-s0-n100-r1,3war,2026-09-18-3war-s0-n100-r1-0091,0.545455,4.586735,rigid
2026-09-18-3war-s0-n100-r1,3war,2026-09-18-3war-s0-n100-r1-0092,0.272727,4.632653,conformer
2026-09-18-3war-s0-n100-r1,3war,2026-09-18-3war-s0-n100-r1-0093,0.454545,4.678571,rigid
2026-09-18-3war-s0-n100-r1,3war,2026-09-18-3war-s0-n100-r1-0094,0.363636,4.72449,conformer
2026-09-18-3war-s0-n100-r1,3war,2026-09-18-3war-s0-n100-r1-0095,0.363636,4.770408,rigid
2026-09-18-3war-s0-n100-r1,3war,2026-09-18-3war-s0-n100-r1-0096,0.454545,4.862245,rigid
2026-09-18-3war-s0-n100-r2,3war,2026-09-18-3war-s0-n100-r2-0001,1.0,0.0,native
2026-09-18-3war-s0-n100-r2,3war,2026-09-18-3war-s0-n100-r2-0002,0.909091,0.5,conformer
2026-09-18-3war-s0-n100-r2,3war,2026-09-18-3war-s0-n100-r2-0003,0.909091,0.545918,rigid
2026-09-18-3war-s0-n100-r2,3war,2026-09-18-3war-s0-n100-r2-0004,1.0,0.591837,conformer
2026-09-18-3war-s0-n100-r2,3war,2026-09-18-3war-s0-n100-r2-0005,1.0,0.637755,rigid
2026-09-18-3war-s0-n100-r2,3war,2026-09-18-3war-s0-n100-r2-0006,0.727273,0.683673,conformer
2026-09-18-3war-s0-n100-r2,3war,2026-09-18-3war-s0-n100-r2-0007,1.0,0.729592,rigid
2026-09-18-3war-s0-n100-r2,3war,2026-09-18-3war-s0-n100-r2-0008,1.0,0.77551,conformer
2026-09-18-3war-s0-n100-r2,3war,2026-09-18-3war-s0-n100-r2-0009,1.0,0.821429,rigid
2026-09-18-3war-s0-n100-r2,3war,2026-09-18-3war-s0-n100-r2-0010,1.0,0.867347,conformer
2026-09-18-3war-s0-n100-r2,3war,2026-09-18-3war-s0-n100-r2-0011,0.727273,0.913265,rigid
2026-09-18-3war-s0-n100-r2,3war,2026-09-18-3war-s0-n100-r2-0012,0.636364,0.959184,conformer
2026-09-18-3war-s0-n100-r2,3war,2026-09-18-3war-s0-n100-r2-0013,0.818182,1.005102,rigid
2026-09-18-3war-s0-n100-r2,3war,2026-09-18-3war-s0-n100-r2-0014,1.0,1.05102,conformer
2026-09-18-3war-s0-n100-r2,3war,2026-09-18-3war-s0-n100-r2-0015,0.636364,1.096939,rigid
2026-09-18-3war-s0-n100-r2,3war,2026-09-18-3war-s0-n100-r2-0016,0.727273,1.142857,conformer
2026-09-18-3war-s0-n100-r2,3war,2026-09-18-3war-s0-n100-r2-0017,0.636364,1.188776,rigid
2026-09-18-3war-s0-n100-r2,3war,2026-09-18-3war-s0-n100-r2-0018,0.909091,1.234694,conformer
2026-09-18-3war-s0-n100-r2,3war,2026-09-18-3war-s0-n100-r2-0019,0.636364,1.280612,rigid
2026-09-18-3war-s0-n100-r2,3war,2026-09-18-3war-s0-n100-r2-0020,0.727273,1.326531,conformer
2026-09-18-3war-s0-n100-r2,3war,2026-09-18-3war-s0-n100-r2-0021,0.636364,1.372449,rigid
2026-09-18-3war-s0-n100-r2,3war,2026-09-18-3war-s0-n100-r2-0022,0.636364,1.418367,conformer
2026-09-18-3war-s0-n100-r2,3war,2026-09-18-3war-s0-n100-r2-0023,0.545455,1.464286,rigid
2026-09-18-3war-s0-n100-r2,3war,2026-09-18-3war-s0-n100-r2-0024,0.727273,1.510204,conformer
2026-09-18-3war-s0-n100-r2,3war,2026-09-18-3war-s0-n100-r2-0025,0.818182,1.556122,rigid
2026-09-18-3war-s0-n100-r2,3war,2026-09-18-3war-s0-n100-r2-0026,0.636364,1.602041,conformer
2026-09-18-3war-s0-n100-r2,3war,2026-09-18-3war-s0-n100-r2-0027,0.636364,1.647959,rigid
2026-09-18-3war-s0-n100-r2,3war,2026-09-18-3war-s0-n100-r2-0028,0.727273,1.693878,conformer
2026-09-18-3war-s0-n100-r2,3war,2026-09-18-3war-s0-n100-r2-0029,0.454545,1.739796,rigid
2026-09-18-3war-s0-n100-r2,3war,2026-09-18-3war-s0-n100-r2-0030,0.727273,1.785714,conformer
2026-09-18-3war-s0-n100-r2,3war,2026-09-18-3war-s0-n100-r2-0031,0.909091,1.831633,rigid
2026-09-18-3war-s0-n100-r2,3war,2026-09-18-3war-s0-n100-r2-0032,0.545455,1.877551,conformer
2026-09-18-3war-s0-n100-r2,3war,2026-09-18-3war-s0-n100-r2-0033,0.636364,1.923469,rigid
2026-09-18-3war-s0-n100-r2,3war,2026-09-18-3war-s0-n100-r2-0034,0.636364,1.969388,conformer
2026-09-18-3war-s0-n100-r2,3war,2026-09-18-3war-s0-n100-r2-0035,0.818182,2.015306,rigid
2026-09-18-3war-s0-n100-r2,3war,2026-09-18-3war-s0-n100-r2-0036,0.636364,2.061224,conformer
2026-09-18-3war-s0-n100-r2,3war,2026-09-18-3war-s0-n100-r2-0037,0.454545,2.107143,rigid
2026-09-18-3war-s0-n100-r2,3war,2026-09-18-3war-s0-n100-r2-0038,0.545455,2.153061,conformer
2026-09-18-3war-s0-n100-r2,3war,2026-09-18-3war-s0-n100-r2-0039,0.818182,2.19898,rigid
2026-09-18-3war-s0-n100-r2,3war,2026-09-18-3war-s0-n100-r2-0040,0.636364,2.244898,conformer
2026-09-18-3war-s0-n100-r2,3war,2026-09-18-3war-s0-n100-r2-0041,0.363636,2.290816,rigid
2026-09-18-3war-s0-n100-r2,3war,2026-09-18-3war-s0-n100-r2-0042,0.545455,2.336735,conformer
2026-09-18-3war-s0-n100-r2,3war,2026-09-18-3war-s0-n100-r2-0043,0.636364,2.382653,rigid
2026-09-18-3war-s0-n100-r2,3war,2026-09-18-3war-s0-n100-r2-0044,0.545455,2.428571,conformer
2026-09-18-3war-s0-n100-r2,3war,2026-09-18-3war-s0-n100-r2-0045,0.818182,2.47449,rigid
2026-09-18-3war-s0-n100-r2,3war,2026-09-18-3war-s0-n100-r2-0046,0.454545,2.520408,conformer
2026-09-18-3war-s0-n100-r2,3war,2026-09-18-3war-s0-n100-r2-0047,0.636364,2.566327,rigid
2026-09-18-3war-s0-n100-r2,3war,2026-09-18-3war-s0-n100-r2-0048,0.545455,2.612245,conformer
2026-09-18-3war-s0-n100-r2,3war,2026-09-18-3war-s0-n100-r2-0049,0.454545,2.658163,rigid
2026-09-18-3war-s0-n100-r2,3war,2026-09-18-3war-s0-n100-r2-0050,0.545455,2.704082,conformer
2026-09-18-3war-s0-n100-r2,3war,2026-09-18-3war-s0-n100-r2-0051,0.454545,2.75,rigid
2026-09-18-3war-s0-n100-r2,3war,2026-09-18-3war-s0-n100-r2-0052,0.363636,2.795918,conformer
2026-09-18-3war-s0-n100-r2,3war,2026-09-18-3war-s0-n100-r2-0053,0.454545,2.841837,rigid
2026-09-18-3war-s0-n100-r2,3war,2026-09-18-3war-s0-n100-r2-0054,0.454545,2.887755,conformer
2026-09-18-3war-s0-n100-r2,3war,2026-09-18-3war-s0-n100-r2-0055,0.454545,2.933673,rigid
2026-09-18-3war-s0-n100-r2,3war,2026-09-18-3war-s0-n100-r2-0056,0.545455,2.979592,conformer
2026-09-18-3war-s0-n100-r2,3war,2026-09-18-3war-s0-n100-r2-0057,0.545455,3.02551,rigid
2026-09-18-3war-s0-n100-r2,3war,2026-09-18-3war-s0-n100-r2-0058,0.454545,3.071429,conformer
2026-09-18-3war-s0-n100-r2,3war,2026-09-18-3war-s0-n100-r2-0059,0.454545,3.117347,rigid
2026-09-18-3war-s0-n100-r2,3war,2026-09-18-3war-s0-n100-r2-0060,0.363636,3.163265,conformer
2026-09-18-3war-s0-n100-r2,3war,2026-09-18-3war-s0-n100-r2-0061,0.545455,3.209184,rigid
2026-09-18-3war-s0-n100-r2,3war,2026-09-18-3war-s0-n100-r2-0062,0.363636,3.255102,conformer
2026-09-18-3war-s0-n100-r2,3war,2026-09-18-3war-s0-n100-r2-0063,0.636364,3.30102,rigid
2026-09-18-3war-s0-n100-r2,3war,2026-09-18-3war-s0-n100-r2-0064,0.545455,3.346939,conformer
2026-09-18-3war-s0-n100-r2,3war,2026-09-18-3war-s0-n100-r2-0065,0.272727,3.392857,rigid
2026-09-18-3war-s0-n100-r2,3war,2026-09-18-3war-s0-n100-r2-0066,0.454545,3.438776,conformer
2026-09-18-3war-s0-n100-r2,3war,2026-09-18-3war-s0-n100-r2-0067,0.272727,3.484694,rigid
2026-09-18-3war-s0-n100-r2,3war,2026-09-18-3war-s0-n100-r2-0068,0.363636,3.530612,conformer
2026-09-18-3war-s0-n100-r2,3war,2026-09-18-3war-s0-n100-r2-0069,0.454545,3.576531,rigid
2026-09-18-3war-s0-n100-r2,3war,2026-09-18-3war-s0-n100-r2-0070,0.636364,3.622449,conformer
2026-09-18-3war-s0-n100-r2,3war,2026-09-18-3war-s0-n100-r2-0071,0.636364,3.668367,rigid
2026-09-18-3war-s0-n100-r2,3war,2026-09-18-3war-s0-n100-r2-0072,0.363636,3.714286,conformer
2026-09-18-3war-s0-n100-r2,3war,2026-09-18-3war-s0-n100-r2-0073,0.454545,3.760204,rigid
2026-09-18-3war-s0-n100-r2,3war,2026-09-18-3war-s0-n100-r2-0074,0.363636,3.806122,conformer
2026-09-18-3war-s0-n100-r2,3war,2026-09-18-3war-s0-n100-r2-0075,0.636364,3.852041,rigid
2026-09-18-3war-s0-n100-r2,3war,2026-09-18-3war-s0-n100-r2-0076,0.363636,3.897959,conformer
2026-09-18-3war-s0-n100-r2,3war,2026-09-18-3war-s0-n100-r2-0077,0.545455,3.943878,rigid
2026-09-18-3war-s0-n100-r2,3war,2026-09-18-3war-s0-n100-r2-0078,0.363636,3.989796,conformer
2026-09-18-3war-s0-n100-r2,3war,2026-09-18-3war-s0-n100-r2-0079,0.545455,4.035714,rigid
2026-09-18-3war-s0-n100-r2,3war,2026-09-18-3war-s0-n100-r2-0080,0.363636,4.081633,conformer
2026-09-18-3war-s0-n100-r2,3war,2026-09-18-3war-s0-n100-r2-0081,0.363636,4.127551,rigid
2026-09-18-3war-s0-n100-r2,3war,2026-09-18-3war-s0-n100-r2-0082,0.454545,4.173469,conformer
2026-09-18-3war-s0-n100-r2,3war,2026-09-18-3war-s0-n100-r2-0083,0.363636,4.219388,rigid
2026-09-18-3war-s0-n100-r2,3war,2026-09-18-3war-s0-n100-r2-0084,0.181818,4.265306,conformer
2026-09-18-3war-s0-n100-r2,3war,2026-09-18-3war-s0-n100-r2-0085,0.454545,4.311224,rigid
2026-09-18-3war-s0-n100-r2,3war,2026-09-18-3war-s0-n100-r2-0086,0.181818,4.357143,conformer
2026-09-18-3war-s0-n100-r2,3war,2026-09-18-3war-s0-n100-r2-0087,0.363636,4.403061,rigid
2026-09-18-3war-s0-n100-r2,3war,2026-09-18-3war-s0-n100-r2-0088,0.636364,4.44898,conformer
2026-09-18-3war-s0-n100-r2,3war,2026-09-18-3war-s0-n100-r2-0089,0.454545,4.494898,rigid
2026-09-18-3war-s0-n100-r2,3war,2026-09-18-3war-s0-n100-r2-0090,0.272727,4.540816,conformer
2026-09-18-3war-s0-n100-r2,3war,2026-09-18-3war-s0-n100-r2-0091,0.363636,4.586735,rigid
2026-09-18-3war-s0-n100-r2,3war,2026-09-18-3war-s0-n100-r2-0092,0.363636,4.632653,conformer
2026-09-18-3war-s0-n100-r2,3war,2026-09-18-3war-s0-n100-r2-0093,0.363636,4.678571,rigid
2026-09-18-3war-s0-n100-r2,3war,2026-09-18-3war-s0-n100-r2-0094,0.454545,4.72449,conformer
2026-09-18-3war-s0-n100-r2,3war,2026-09-18-3war-s0-n100-r2-0095,0.363636,4.770408,rigid
2026-09-18-3war-s0-n100-r2,3war,2026-09-18-3war-s0-n100-r2-0096,0.363636,4.816327,conformer
2026-09-18-3war-s0-n100-r2,3war,2026-09-18-3war-s0-n100-r2-0097,0.363636,4.862245,rigid
2026-09-18-3war-s0-n100-r3,3war,2026-09-18-3war-s0-n100-r3-0001,1.0,0.0,native
2026-09-18-3war-s0-n100-r3,3war,2026-09-18-3war-s0-n100-r3-0002,1.0,0.5,conformer
2026-09-18-3war-s0-n100-r3,3war,2026-09-18-3war-s0-n100-r3-0003,1.0,0.545918,rigid
2026-09-18-3war-s0-n100-r3,3war,2026-09-18-3war-s0-n100-r3-0004,0.909091,0.591837,conformer
2026-09-18-3war-s0-n100-r3,3war,2026-09-18-3war-s0-n100-r3-0005,1.0,0.637755,rigid
2026-09-18-3war-s0-n100-r3,3war,2026-09-18-3war-s0-n100-r3-0006,0.818182,0.683673,conformer
2026-09-18-3war-s0-n100-r3,3war,2026-09-18-3war-s0-n100-r3-0007,1.0,0.729592,rigid
2026-09-18-3war-s0-n100-r3,3war,2026-09-18-3war-s0-n100-r3-0008,0.909091,0.77551,conformer
2026-09-18-3war-s0-n100-r3,3war,2026-09-18-3war-s0-n100-r3-0009,1.0,0.821429,rigid
2026-09-18-3war-s0-n100-r3,3war,2026-09-18-3war-s0-n100-r3-0010,0.818182,0.867347,conformer
2026-09-18-3war-s0-n100-r3,3war,2026-09-18-3war-s0-n100-r3-0011,0.909091,0.913265,rigid
2026-09-18-3war-s0-n100-r3,3war,2026-09-18-3war-s0-n100-r3-0012,0.636364,0.959184,conformer
2026-09-18-3war-s0-n100-r3,3war,2026-09-18-3war-s0-n100-r3-0013,0.909091,1.005102,rigid
2026-09-18-3war-s0-n100-r3,3war,2026-09-18-3war-s0-n100-r3-0014,0.727273,1.05102,conformer
2026-09-18-3war-s0-n100-r3,3war,2026-09-18-3war-s0-n100-r3-0015,0.818182,1.096939,rigid
2026-09-18-3war-s0-n100-r3,3war,2026-09-18-3war-s0-n100-r3-0016,0.636364,1.142857,conformer
2026-09-18-3war-s0-n100-r3,3war,2026-09-18-3war-s0-n100-r3-0017,0.818182,1.188776,rigid
2026-09-18-3war-s0-n100-r3,3war,2026-09-18-3war-s0-n100-r3-0018,0.636364,1.234694,conformer
2026-09-18-3war-s0-n100-r3,3war,2026-09-18-3war-s0-n100-r3-0019,1.0,1.280612,rigid
2026-09-18-3war-s0-n100-r3,3war,2026-09-18-3war-s0-n100-r3-0020,0.545455,1.326531,conformer
2026-09-18-3war-s0-n100-r3,3war,2026-09-18-3war-s0-n100-r3-0021,0.727273,1.372449,rigid
2026-09-18-3war-s0-n100-r3,3war,2026-09-18-3war-s0-n100-r3-0022,1.0,1.418367,conformer
2026-09-18-3war-s0-n100-r3,3war,2026-09-18-3war-s0-n100-r3-0023,0.818182,1.464286,rigid
2026-09-18-3war-s0-n100-r3,3war,2026-09-18-3war-s0-n100-r3-0024,0.545455,1.510204,conformer
2026-09-18-3war-s0-n100-r3,3war,2026-09-18-3war-s0-n100-r3-0025,0.636364,1.556122,rigid
2026-09-18-3war-s0-n100-r3,3war,2026-09-18-3war-s0-n100-r3-0026,0.636364,1.602041,conformer
2026-09-18-3war-s0-n100-r3,3war,2026-09-18-3war-s0-n100-r3-0027,0.727273,1.647959,rigid
2026-09-18-3war-s0-n100-r3,3war,2026-09-18-3war-s0-n100-r3-0028,0.636364,1.693878,conformer
2026-09-18-3war-s0-n100-r3,3war,2026-09-18-3war-s0-n100-r3-0029,0.909091,1.739796,rigid
2026-09-18-3war-s0-n100-r3,3war,2026-09-18-3war-s0-n100-r3-0030,0.636364,1.785714,conformer
2026-09-18-3war-s0-n100-r3,3war,2026-09-18-3war-s0-n100-r3-0031,0.636364,1.831633,rigid
2026-09-18-3war-s0-n100-r3,3war,2026-09-18-3war-s0-n100-r3-0032,0.636364,1.877551,conformer
2026-09-18-3war-s0-n100-r3,3war,2026-09-18-3war-s0-n100-r3-0033,0.636364,1.923469,rigid
2026-09-18-3war-s0-n100-r3,3war,2026-09-18-3war-s0-n100-r3-0034,0.545455,1.969388,conformer
2026-09-18-3war-s0-n100-r3,3war,2026-09-18-3war-s0-n100-r3-0035,0.727273,2.015306,rigid
2026-09-18-3war-s0-n100-r3,3war,2026-09-18-3war-s0-n100-r3-0036,0.636364,2.061224,conformer
2026-09-18-3war-s0-n100-r3,3war,2026-09-18-3war-s0-n100-r3-0037,0.454545,2.107143,rigid
2026-09-18-3war-s0-n100-r3,3war,2026-09-18-3war-s0-n100-r3-0038,0.636364,2.153061,conformer
2026-09-18-3war-s0-n100-r3,3war,2026-09-18-3war-s0-n100-r3-0039,0.545455,2.19898,rigid
2026-09-18-3war-s0-n100-r3,3war,2026-09-18-3war-s0-n100-r3-0040,0.727273,2.244898,conformer
2026-09-18-3war-s0-n100-r3,3war,2026-09-18-3war-s0-n100-r3-0041,0.818182,2.290816,rigid
2026-09-18-3war-s0-n100-r3,3war,2026-09-18-3war-s0-n100-r3-0042,0.454545,2.336735,conformer
2026-09-18-3war-s0-n100-r3,3war,2026-09-18-3war-s0-n100-r3-0043,0.545455,2.382653,rigid
2026-09-18-3war-s0-n100-r3,3war,2026-09-18-3war-s0-n100-r3-0044,0.818182,2.428571,conformer
2026-09-18-3war-s0-n100-r3,3war,2026-09-18-3war-s0-n100-r3-0045,0.545455,2.47449,rigid
2026-09-18-3war-s0-n100-r3,3war,2026-09-18-3war-s0-n100-r3-0046,0.454545,2.520408,conformer
2026-09-18-3war-s0-n100-r3,3war,2026-09-18-3war-s0-n100-r3-0047,0.363636,2.566327,rigid
2026-09-18-3war-s0-n100-r3,3war,2026-09-18-3war-s0-n100-r3-0048,0.545455,2.612245,conformer
2026-09-18-3war-s0-n100-r3,3war,2026-09-18-3war-s0-n100-r3-0049,0.545455,2.658163,rigid
2026-09-18-3war-s0-n100-r3,3war,2026-09-18-3war-s0-n100-r3-0050,0.545455,2.704082,conformer
2026-09-18-3war-s0-n100-r3,3war,2026-09-18-3war-s0-n100-r3-0051,0.363636,2.75,rigid
2026-09-18-3war-s0-n100-r3,3war,2026-09-18-3war-s0-n100-r3-0052,0.636364,2.795918,conformer
2026-09-18-3war-s0-n100-r3,3war,2026-09-18-3war-s0-n100-r3-0053,0.363636,2.841837,rigid
2026-09-18-3war-s0-n100-r3,3war,2026-09-18-3war-s0-n100-r3-0054,0.545455,2.887755,conformer
2026-09-18-3war-s0-n100-r3,3war,2026-09-18-3war-s0-n100-r3-0055,0.545455,2.933673,rigid
2026-09-18-3war-s0-n100-r3,3war,2026-09-18-3war-s0-n100-r3-0056,0.454545,2.979592,conformer
2026-09-18-3war-s0-n100-r3,3war,2026-09-18-3war-s0-n100-r3-0057,0.454545,3.02551,rigid
2026-09-18-3war-s0-n100-r3,3war,2026-09-18-3war-s0-n100-r3-0058,0.636364,3.071429,conformer
2026-09-18-3war-s0-n100-r3,3war,2026-09-18-3war-s0-n100-r3-0059,0.545455,3.117347,rigid
2026-09-18-3war-s0-n100-r3,3war,2026-09-18-3war-s0-n100-r3-0060,0.636364,3.163265,conformer
2026-09-18-3war-s0-n100-r3,3war,2026-09-18-3war-s0-n100-r3-0061,0.363636,3.209184,rigid
2026-09-18-3war-s0-n100-r3,3war,2026-09-18-3war-s0-n100-r3-0062,0.454545,3.255102,conformer
2026-09-18-3war-s0-n100-r3,3war,2026-09-18-3war-s0-n100-r3-0063,0.545455,3.30102,rigid
2026-09-18-3war-s0-n100-r3,3war,2026-09-18-3war-s0-n100-r3-0064,0.454545,3.346939,conformer
2026-09-18-3war-s0-n100-r3,3war,2026-09-18-3war-s0-n100-r3-0065,0.636364,3.392857,rigid
2026-09-18-3war-s0-n100-r3,3war,2026-09-18-3war-s0-n100-r3-0066,0.363636,3.438776,conformer
2026-09-18-3war-s0-n100-r3,3war,2026-09-18-3war-s0-n100-r3-0067,0.818182,3.484694,rigid
2026-09-18-3war-s0-n100-r3,3war,2026-09-18-3war-s0-n100-r3-0068,0.454545,3.530612,conformer
2026-09-18-3war-s0-n100-r3,3war,2026-09-18-3war-s0-n100-r3-0069,0.545455,3.576531,rigid
2026-09-18-3war-s0-n100-r3,3war,2026-09-18-3war-s0-n100-r3-0070,0.454545,3.622449,conformer
2026-09-18-3war-s0-n100-r3,3war,2026-09-18-3war-s0-n100-r3-0071,0.363636,3.668367,rigid
2026-09-18-3war-s0-n100-r3,3war,2026-09-18-3war-s0-n100-r3-0072,0.454545,3.714286,conformer
2026-09-18-3war-s0-n100-r3,3war,2026-09-18-3war-s0-n100-r3-0073,0.545455,3.760204,rigid
2026-09-18-3war-s0-n100-r3,3war,2026-09-18-3war-s0-n100-r3-0074,0.454545,3.806122,conformer
2026-09-18-3war-s0-n100-r3,3war,2026-09-18-3war-s0-n100-r3-0075,0.363636,3.852041,rigid
2026-09-18-3war-s0-n100-r3,3war,2026-09-18-3war-s0-n100-r3-0076,0.363636,3.897959,conformer
2026-09-18-3war-s0-n100-r3,3war,2026-09-18-3war-s0-n100-r3-0077,0.727273,3.943878,rigid
2026-09-18-3war-s0-n100-r3,3war,2026-09-18-3war-s0-n100-r3-0078,0.454545,3.989796,conformer
2026-09-18-3war-s0-n100-r3,3war,2026-09-18-3war-s0-n100-r3-0079,0.363636,4.035714,rigid
2026-09-18-3war-s0-n100-r3,3war,2026-09-18-3war-s0-n100-r3-0080,0.272727,4.081633,conformer
2026-09-18-3war-s0-n100-r3,3war,2026-09-18-3war-s0-n100-r3-0081,0.454545,4.127551,rigid
2026-09-18-3war-s0-n100-r3,3war,2026-09-18-3war-s0-n100-r3-0082,0.636364,4.173469,conformer
2026-09-18-3war-s0-n100-r3,3war,2026-09-18-3war-s0-n100-r3-0083,0.454545,4.219388,rigid
2026-09-18-3war-s0-n100-r3,3war,2026-09-18-3war-s0-n100-r3-0084,0.363636,4.265306,conformer
2026-09-18-3war-s0-n100-r3,3war,2026-09-18-3war-s0-n100-r3-0085,0.272727,4.311224,rigid
2026-09-18-3war-s0-n100-r3,3war,2026-09-18-3war-s0-n100-r3-0086,0.727273,4.357143,conformer
2026-09-18-3war-s0-n100-r3,3war,2026-09-18-3war-s0-n100-r3-0087,0.454545,4.403061,rigid
2026-09-18-3war-s0-n100-r3,3war,2026-09-18-3war-s0-n100-r3-0088,0.363636,4.44898,conformer
2026-09-18-3war-s0-n100-r3,3war,2026-09-18-3war-s0-n100-r3-0089,0.454545,4.494898,rigid
2026-09-18-3war-s0-n100-r3,3war,2026-09-18-3war-s0-n100-r3-0090,0.363636,4.540816,conformer
2026-09-18-3war-s0-n100-r3,3war,2026-09-18-3war-s0-n100-r3-0091,0.454545,4.586735,rigid
2026-09-18-3war-s0-n100-r3,3war,2026-09-18-3war-s0-n100-r3-0092,0.363636,4.632653,conformer
2026-09-18-3war-s0-n100-r3,3war,2026-09-18-3war-s0-n100-r3-0093,0.272727,4.678571,rigid
2026-09-18-3war-s0-n100-r3,3war,2026-09-18-3war-s0-n100-r3-0094,0.272727,4.72449,conformer
2026-09-18-3war-s0-n100-r3,3war,2026-09-18-3war-s0-n100-r3-0095,0.363636,4.770408,rigid
2026-09-18-3war-s0-n100-r3,3war,2026-09-18-3war-s0-n100-r3-0096,0.454545,4.816327,conformer
2026-09-18-3war-s0-n100-r4,3war,2026-09-18-3war-s0-n100-r4-0001,1.0,0.0,native
2026-09-18-3war-s0-n100-r4,3war,2026-09-18-3war-s0-n100-r4-0002,0.909091,0.5,conformer
2026-09-18-3war-s0-n100-r4,3war,2026-09-18-3war-s0-n100-r4-0003,0.818182,0.545918,rigid
2026-09-18-3war-s0-n100-r4,3war,2026-09-18-3war-s0-n100-r4-0004,0.909091,0.591837,conformer
2026-09-18-3war-s0-n100-r4,3war,2026-09-18-3war-s0-n100-r4-0005,1.0,0.637755,rigid
2026-09-18-3war-s0-n100-r4,3war,2026-09-18-3war-s0-n100-r4-0006,0.909091,0.683673,conformer
2026-09-18-3war-s0-n100-r4,3war,2026-09-18-3war-s0-n100-r4-0007,1.0,0.729592,rigid
2026-09-18-3war-s0-n100-r4,3war,2026-09-18-3war-s0-n100-r4-0008,0.909091,0.77551,conformer
2026-09-18-3war-s0-n100-r4,3war,2026-09-18-3war-s0-n100-r4-0009,1.0,0.821429,rigid
2026-09-18-3war-s0-n100-r4,3war,2026-09-18-3war-s0-n100-r4-0010,0.636364,0.867347,conformer
2026-09-18-3war-s0-n100-r4,3war,2026-09-18-3war-s0-n100-r4-0011,0.727273,0.913265,rigid
2026-09-18-3war-s0-n100-r4,3war,2026-09-18-3war-s0-n100-r4-0012,0.818182,0.959184,conformer
2026-09-18-3war-s0-n100-r4,3war,2026-09-18-3war-s0-n100-r4-0013,0.818182,1.005102,rigid
2026-09-18-3war-s0-n100-r4,3war,2026-09-18-3war-s0-n100-r4-0014,0.727273,1.05102,conformer
2026-09-18-3war-s0-n100-r4,3war,2026-09-18-3war-s0-n100-r4-0015,0.818182,1.096939,rigid
2026-09-18-3war-s0-n100-r4,3war,2026-09-18-3war-s0-n100-r4-0016,0.727273,1.142857,conformer
2026-09-18-3war-s0-n100-r4,3war,2026-09-18-3war-s0-n100-r4-0017,0.818182,1.188776,rigid
2026-09-18-3war-s0-n100-r4,3war,2026-09-18-3war-s0-n100-r4-0018,1.0,1.234694,conformer
2026-09-18-3war-s0-n100-r4,3war,2026-09-18-3war-s0-n100-r4-0019,0.636364,1.280612,rigid
2026-09-18-3war-s0-n100-r4,3war,2026-09-18-3war-s0-n100-r4-0020,0.818182,1.326531,conformer
2026-09-18-3war-s0-n100-r4,3war,2026-09-18-3war-s0-n100-r4-0021,0.636364,1.372449,rigid
2026-09-18-3war-s0-n100-r4,3war,2026-09-18-3war-s0-n100-r4-0022,0.818182,1.418367,conformer
2026-09-18-3war-s0-n100-r4,3war,2026-09-18-3war-s0-n100-r4-0023,0.818182,1.464286,rigid
2026-09-18-3war-s0-n100-r4,3war,2026-09-18-3war-s0-n100-r4-0024,0.636364,1.510204,conformer
2026-09-18-3war-s0-n100-r4,3war,2026-09-18-3war-s0-n100-r4-0025,0.454545,1.556122,rigid
2026-09-18-3war-s0-n100-r4,3war,2026-09-18-3war-s0-n100-r4-0026,0.545455,1.602041,conformer
2026-09-18-3war-s0-n100-r4,3war,2026-09-18-3war-s0-n100-r4-0027,0.454545,1.647959,rigid
2026-09-18-3war-s0-n100-r4,3war,2026-09-18-3war-s0-n100-r4-0028,0.636364,1.693878,conformer
2026-09-18-3war-s0-n100-r4,3war,2026-09-18-3war-s0-n100-r4-0029,0.636364,1.739796,rigid
2026-09-18-3war-s0-n100-r4,3war,2026-09-18-3war-s0-n100-r4-0030,0.818182,1.785714,conformer
2026-09-18-3war-s0-n100-r4,3war,2026-09-18-3war-s0-n100-r4-0031,0.727273,1.831633,rigid
2026-09-18-3war-s0-n100-r4,3war,2026-09-18-3war-s0-n100-r4-0032,0.636364,1.877551,conformer
2026-09-18-3war-s0-n100-r4,3war,2026-09-18-3war-s0-n100-r4-0033,0.727273,1.923469,rigid
2026-09-18-3war-s0-n100-r4,3war,2026-09-18-3war-s0-n100-r4-0034,0.727273,1.969388,conformer
2026-09-18-3war-s0-n100-r4,3war,2026-09-18-3war-s0-n100-r4-0035,0.636364,2.015306,rigid
2026-09-18-3war-s0-n100-r4,3war,2026-09-18-3war-s0-n100-r4-0036,0.545455,2.061224,conformer
2026-09-18-3war-s0-n100-r4,3war,2026-09-18-3war-s0-n100-r4-0037,0.909091,2.107143,rigid
2026-09-18-3war-s0-n100-r4,3war,2026-09-18-3war-s0-n100-r4-0038,0.636364,2.153061,conformer
2026-09-18-3war-s0-n100-r4,3war,2026-09-18-3war-s0-n100-r4-0039,0.545455,2.19898,rigid
2026-09-18-3war-s0-n100-r4,3war,2026-09-18-3war-s0-n100-r4-0040,0.454545,2.244898,conformer
2026-09-18-3war-s0-n100-r4,3war,2026-09-18-3war-s0-n100-r4-0041,0.545455,2.290816,rigid
2026-09-18-3war-s0-n100-r4,3war,2026-09-18-3war-s0-n100-r4-0042,0.545455,2.336735,conformer
2026-09-18-3war-s0-n100-r4,3war,2026-09-18-3war-s0-n100-r4-0043,0.545455,2.382653,rigid
2026-09-18-3war-s0-n100-r4,3war,2026-09-18-3war-s0-n100-r4-0044,0.636364,2.428571,conformer
2026-09-18-3war-s0-n100-r4,3war,2026-09-18-3war-s0-n100-r4-0045,0.727273,2.47449,rigid
2026-09-18-3war-s0-n100-r4,3war,2026-09-18-3war-s0-n100-r4-0046,0.272727,2.520408,conformer
2026-09-18-3war-s0-n100-r4,3war,2026-09-18-3war-s0-n100-r4-0047,0.545455,2.566327,rigid
2026-09-18-3war-s0-n100-r4,3war,2026-09-18-3war-s0-n100-r4-0048,0.545455,2.612245,conformer
2026-09-18-3war-s0-n100-r4,3war,2026-09-18-3war-s0-n100-r4-0049,0.545455,2.658163,rigid
2026-09-18-3war-s0-n100-r4,3war,2026-09-18-3war-s0-n100-r4-0050,0.545455,2.704082,conformer
2026-09-18-3war-s0-n100-r4,3war,2026-09-18-3war-s0-n100-r4-0051,0.454545,2.75,rigid
2026-09-18-3war-s0-n100-r4,3war,2026-09-18-3war-s0-n100-r4-0052,0.363636,2.795918,conformer
2026-09-18-3war-s0-n100-r4,3war,2026-09-18-3war-s0-n100-r4-0053,0.363636,2.841837,rigid
2026-09-18-3war-s0-n100-r4,3war,2026-09-18-3war-s0-n100-r4-0054,0.363636,2.887755,conformer
2026-09-18-3war-s0-n100-r4,3war,2026-09-18-3war-s0-n100-r4-0055,0.363636,2.933673,rigid
2026-09-18-3war-s0-n100-r4,3war,2026-09-18-3war-s0-n100-r4-0056,0.545455,2.979592,conformer
2026-09-18-3war-s0-n100-r4,3war,2026-09-18-3war-s0-n100-r4-0057,0.545455,3.02551,rigid
2026-09-18-3war-s0-n100-r4,3war,2026-09-18-3war-s0-n100-r4-0058,0.454545,3.071429,conformer
2026-09-18-3war-s0-n100-r4,3war,2026-09-18-3war-s0-n100-r4-0059,0.363636,3.117347,rigid
2026-09-18-3war-s0-n100-r4,3war,2026-09-18-3war-s0-n100-r4-0060,0.454545,3.163265,conformer
2026-09-18-3war-s0-n100-r4,3war,2026-09-18-3war-s0-n100-r4-0061,0.363636,3.209184,rigid
2026-09-18-3war-s0-n100-r4,3war,2026-09-18-3war-s0-n100-r4-0062,0.272727,3.255102,conformer
2026-09-18-3war-s0-n100-r4,3war,2026-09-18-3war-s0-n100-r4-0063,0.363636,3.30102,rigid
2026-09-18-3war-s0-n100-r4,3war,2026-09-18-3war-s0-n100-r4-0064,0.545455,3.346939,conformer
2026-09-18-3war-s0-n100-r4,3war,2026-09-18-3war-s0-n100-r4-0065,0.363636,3.392857,rigid
2026-09-18-3war-s0-n100-r4,3war,2026-09-18-3war-s0-n100-r4-0066,0.363636,3.438776,conformer
2026-09-18-3war-s0-n100-r4,3war,2026-09-18-3war-s0-n100-r4-0067,0.545455,3.484694,rigid
2026-09-18-3war-s0-n100-r4,3war,2026-09-18-3war-s0-n100-r4-0068,0.363636,3.530612,conformer
2026-09-18-3war-s0-n100-r4,3war,2026-09-18-3war-s0-n100-r4-0069,0.363636,3.576531,rigid
2026-09-18-3war-s0-n100-r4,3war,2026-09-18-3war-s0-n100-r4-0070,0.636364,3.622449,conformer
2026-09-18-3war-s0-n100-r4,3war,2026-09-18-3war-s0-n100-r4-0071,0.454545,3.668367,rigid
2026-09-18-3war-s0-n100-r4,3war,2026-09-18-3war-s0-n100-r4-0072,0.363636,3.714286,conformer
2026-09-18-3war-s0-n100-r4,3war,2026-09-18-3war-s0-n100-r4-0073,0.454545,3.760204,rigid
2026-09-18-3war-s0-n100-r4,3war,2026-09-18-3war-s0-n100-r4-0074,0.272727,3.806122,conformer
2026-09-18-3war-s0-n100-r4,3war,2026-09-18-3war-s0-n100-r4-0075,0.545455,3.852041,rigid
2026-09-18-3war-s0-n100-r4,3war,2026-09-18-3war-s0-n100-r4-0076,0.454545,3.897959,conformer
2026-09-18-3war-s0-n100-r4,3war,2026-09-18-3war-s0-n100-r4-0077,0.363636,3.943878,rigid
2026-09-18-3war-s0-n100-r4,3war,2026-09-18-3war-s0-n100-r4-0078,0.363636,3.989796,conformer
2026-09-18-3war-s0-n100-r4,3war,2026-09-18-3war-s0-n100-r4-0079,0.363636,4.035714,rigid
2026-09-18-3war-s0-n100-r4,3war,2026-09-18-3war-s0-n100-r4-0080,0.363636,4.081633,conformer
2026-09-18-3war-s0-n100-r4,3war,2026-09-18-3war-s0-n100-r4-0081,0.454545,4.127551,rigid
2026-09-18-3war-s0-n100-r4,3war,2026-09-18-3war-s0-n100-r4-0082,0.636364,4.173469,conformer
2026-09-18-3war-s0-n100-r4,3war,2026-09-18-3war-s0-n100-r4-0083,0.545455,4.219388,rigid
2026-09-18-3war-s0-n100-r4,3war,2026-09-18-3war-s0-n100-r4-0084,0.454545,4.265306,conformer
2026-09-18-3war-s0-n100-r4,3war,2026-09-18-3war-s0-n100-r4-0085,0.545455,4.311224,rigid
2026-09-18-3war-s0-n100-r4,3war,2026-09-18-3war-s0-n100-r4-0086,0.272727,4.357143,conformer
2026-09-18-3war-s0-n100-r4,3war,2026-09-18-3war-s0-n100-r4-0087,0.272727,4.403061,rigid
2026-09-18-3war-s0-n100-r4,3war,2026-09-18-3war-s0-n100-r4-0088,0.363636,4.44898,conformer
2026-09-18-3war-s0-n100-r4,3war,2026-09-18-3war-s0-n100-r4-0089,0.363636,4.494898,rigid
2026-09-18-3war-s0-n100-r4,3war,2026-09-18-3war-s0-n100-r4-0090,0.363636,4.540816,conformer
2026-09-18-3war-s0-n100-r4,3war,2026-09-18-3war-s0-n100-r4-0091,0.454545,4.586735,rigid
2026-09-18-3war-s0-n100-r4,3war,2026-09-18-3war-s0-n100-r4-0092,0.545455,4.632653,conformer
2026-09-18-3war-s0-n100-r4,3war,2026-09-18-3war-s0-n100-r4-0093,0.272727,4.678571,rigid
2026-09-18-3war-s0-n100-r4,3war,2026-09-18-3war-s0-n100-r4-0094,0.272727,4.72449,conformer
2026-09-18-3war-s0-n100-r4,3war,2026-09-18-3war-s0-n100-r4-0095,0.363636,4.770408,rigid
2026-09-18-3war-s0-n100-r4,3war,2026-09-18-3war-s0-n100-r4-0096,0.363636,4.816327,conformer
2026-09-18-3war-s0-n100-r4,3war,2026-09-18-3war-s0-n100-r4-0097,0.545455,4.862245,rigid
2026-09-18-3war-s0-n100-r5,3war,2026-09-18-3war-s0-n100-r5-0001,1.0,0.0,native
2026-09-18-3war-s0-n100-r5,3war,2026-09-18-3war-s0-n100-r5-0002,1.0,0.5,conformer
2026-09-18-3war-s0-n100-r5,3war,2026-09-18-3war-s0-n100-r5-0003,0.909091,0.545918,rigid
2026-09-18-3war-s0-n100-r5,3war,2026-09-18-3war-s0-n100-r5-0004,0.818182,0.591837,conformer
2026-09-18-3war-s0-n100-r5,3war,2026-09-18-3war-s0-n100-r5-0005,0.909091,0.637755,rigid
2026-09-18-3war-s0-n100-r5,3war,2026-09-18-3war-s0-n100-r5-0006,1.0,0.683673,conformer
2026-09-18-3war-s0-n100-r5,3war,2026-09-18-3war-s0-n100-r5-0007,0.818182,0.729592,rigid
2026-09-18-3war-s0-n100-r5,3war,2026-09-18-3war-s0-n100-r5-0008,0.818182,0.77551,conformer
2026-09-18-3war-s0-n100-r5,3war,2026-09-18-3war-s0-n100-r5-0009,1.0,0.821429,rigid
2026-09-18-3war-s0-n100-r5,3war,2026-09-18-3war-s0-n100-r5-0010,0.818182,0.867347,conformer
2026-09-18-3war-s0-n100-r5,3war,2026-09-18-3war-s0-n100-r5-0011,1.0,0.913265,rigid
2026-09-18-3war-s0-n100-r5,3war,2026-09-18-3war-s0-n100-r5-0012,0.727273,0.959184,conformer
2026-09-18-3war-s0-n100-r5,3war,2026-09-18-3war-s0-n100-r5-0013,0.909091,1.005102,rigid
2026-09-18-3war-s0-n100-r5,3war,2026-09-18-3war-s0-n100-r5-0014,0.818182,1.05102,conformer
2026-09-18-3war-s0-n100-r5,3war,2026-09-18-3war-s0-n100-r5-0015,0.727273,1.096939,rigid
2026-09-18-3war-s0-n100-r5,3war,2026-09-18-3war-s0-n100-r5-0016,0.727273,1.142857,conformer
2026-09-18-3war-s0-n100-r5,3war,2026-09-18-3war-s0-n100-r5-0017,0.909091,1.188776,rigid
2026-09-18-3war-s0-n100-r5,3war,2026-09-18-3war-s0-n100-r5-0018,0.818182,1.234694,conformer
2026-09-18-3war-s0-n100-r5,3war,2026-09-18-3war-s0-n100-r5-0019,0.818182,1.280612,rigid
2026-09-18-3war-s0-n100-r5,3war,2026-09-18-3war-s0-n100-r5-0020,0.636364,1.326531,conformer
2026-09-18-3war-s0-n100-r5,3war,2026-09-18-3war-s0-n100-r5-0021,0.636364,1.372449,rigid
2026-09-18-3war-s0-n100-r5,3war,2026-09-18-3war-s0-n100-r5-0022,0.545455,1.418367,conformer
2026-09-18-3war-s0-n100-r5,3war,2026-09-18-3war-s0-n100-r5-0023,0.818182,1.464286,rigid
2026-09-18-3war-s0-n100-r5,3war,2026-09-18-3war-s0-n100-r5-0024,0.727273,1.510204,conformer
2026-09-18-3war-s0-n100-r5,3war,2026-09-18-3war-s0-n100-r5-0025,0.545455,1.556122,rigid
2026-09-18-3war-s0-n100-r5,3war,2026-09-18-3war-s0-n100-r5-0026,0.909091,1.602041,conformer
2026-09-18-3war-s0-n100-r5,3war,2026-09-18-3war-s0-n100-r5-0027,0.727273,1.647959,rigid
2026-09-18-3war-s0-n100-r5,3war,2026-09-18-3war-s0-n100-r5-0028,0.636364,1.693878,conformer
2026-09-18-3war-s0-n100-r5,3war,2026-09-18-3war-s0-n100-r5-0029,0.909091,1.739796,rigid
2026-09-18-3war-s0-n100-r5,3war,2026-09-18-3war-s0-n100-r5-0030,0.545455,1.785714,conformer
2026-09-18-3war-s0-n100-r5,3war,2026-09-18-3war-s0-n100-r5-0031,0.727273,1.831633,rigid
2026-09-18-3war-s0-n100-r5,3war,2026-09-18-3war-s0-n100-r5-0032,0.818182,1.877551,conformer
2026-09-18-3war-s0-n100-r5,3war,2026-09-18-3war-s0-n100-r5-0033,0.454545,1.923469,rigid
2026-09-18-3war-s0-n100-r5,3war,2026-09-18-3war-s0-n100-r5-0034,0.818182,1.969388,conformer
2026-09-18-3war-s0-n100-r5,3war,2026-09-18-3war-s0-n100-r5-0035,0.545455,2.015306,rigid
2026-09-18-3war-s0-n100-r5,3war,2026-09-18-3war-s0-n100-r5-0036,0.545455,2.061224,conformer
2026-09-18-3war-s0-n100-r5,3war,2026-09-18-3war-s0-n100-r5-0037,0.727273,2.107143,rigid
2026-09-18-3war-s0-n100-r5,3war,2026-09-18-3war-s0-n100-r5-0038,0.363636,2.153061,conformer
2026-09-18-3war-s0-n100-r5,3war,2026-09-18-3war-s0-n100-r5-0039,0.454545,2.19898,rigid
2026-09-18-3war-s0-n100-r5,3war,2026-09-18-3war-s0-n100-r5-0040,0.636364,2.244898,conformer
2026-09-18-3war-s0-n100-r5,3war,2026-09-18-3war-s0-n100-r5-0041,0.636364,2.290816,rigid
2026-09-18-3war-s0-n100-r5,3war,2026-09-18-3war-s0-n100-r5-0042,0.363636,2.336735,conformer
2026-09-18-3war-s0-n100-r5,3war,2026-09-18-3war-s0-n100-r5-0043,0.909091,2.382653,rigid
2026-09-18-3war-s0-n100-r5,3war,2026-09-18-3war-s0-n100-r5-0044,0.545455,2.428571,conformer
2026-09-18-3war-s0-n100-r5,3war,2026-09-18-3war-s0-n100-r5-0045,0.454545,2.47449,rigid
2026-09-18-3war-s0-n100-r5,3war,2026-09-18-3war-s0-n100-r5-0046,0.454545,2.520408,conformer
2026-09-18-3war-s0-n100-r5,3war,2026-09-18-3war-s0-n100-r5-0047,0.454545,2.566327,rigid
2026-09-18-3war-s0-n100-r5,3war,2026-09-18-3war-s0-n100-r5-0048,0.636364,2.612245,conformer
2026-09-18-3war-s0-n100-r5,3war,2026-09-18-3war-s0-n100-r5-0049,0.363636,2.658163,rigid
2026-09-18-3war-s0-n100-r5,3war,2026-09-18-3war-s0-n100-r5-0050,0.363636,2.704082,conformer
2026-09-18-3war-s0-n100-r5,3war,2026-09-18-3war-s0-n100-r5-0051,0.545455,2.75,rigid
2026-09-18-3war-s0-n100-r5,3war,2026-09-18-3war-s0-n100-r5-0052,0.545455,2.795918,conformer
2026-09-18-3war-s0-n100-r5,3war,2026-09-18-3war-s0-n100-r5-0053,0.545455,2.841837,rigid
2026-09-18-3war-s0-n100-r5,3war,2026-09-18-3war-s0-n100-r5-0054,0.454545,2.887755,conformer
2026-09-18-3war-s0-n100-r5,3war,2026-09-18-3war-s0-n100-r5-0055,0.454545,2.933673,rigid
2026-09-18-3war-s0-n100-r5,3war,2026-09-18-3war-s0-n100-r5-0056,0.636364,2.979592,conformer
2026-09-18-3war-s0-n100-r5,3war,2026-09-18-3war-s0-n100-r5-0057,0.363636,3.02551,rigid
2026-09-18-3war-s0-n100-r5,3war,2026-09-18-3war-s0-n100-r5-0058,0.363636,3.071429,conformer
2026-09-18-3war-s0-n100-r5,3war,2026-09-18-3war-s0-n100-r5-0059,0.363636,3.117347,rigid
2026-09-18-3war-s0-n100-r5,3war,2026-09-18-3war-s0-n100-r5-0060,0.545455,3.163265,conformer
2026-09-18-3war-s0-n100-r5,3war,2026-09-18-3war-s0-n100-r5-0061,0.636364,3.209184,rigid
2026-09-18-3war-s0-n100-r5,3war,2026-09-18-3war-s0-n100-r5-0062,0.454545,3.255102,conformer
2026-09-18-3war-s0-n100-r5,3war,2026-09-18-3war-s0-n100-r5-0063,0.454545,3.30102,rigid
2026-09-18-3war-s0-n100-r5,3war,2026-09-18-3war-s0-n100-r5-0064,0.454545,3.346939,conformer
2026-09-18-3war-s0-n100-r5,3war,2026-09-18-3war-s0-n100-r5-0065,0.363636,3.392857,rigid
2026-09-18-3war-s0-n100-r5,3war,2026-09-18-3war-s0-n100-r5-0066,0.363636,3.438776,conformer
2026-09-18-3war-s0-n100-r5,3war,2026-09-18-3war-s0-n100-r5-0067,0.545455,3.484694,rigid
2026-09-18-3war-s0-n100-r5,3war,2026-09-18-3war-s0-n100-r5-0068,0.363636,3.530612,conformer
2026-09-18-3war-s0-n100-r5,3war,2026-09-18-3war-s0-n100-r5-0069,0.454545,3.576531,rigid
2026-09-18-3war-s0-n100-r5,3war,2026-09-18-3war-s0-n100-r5-0070,0.545455,3.622449,conformer
2026-09-18-3war-s0-n100-r5,3war,2026-09-18-3war-s0-n100-r5-0071,0.454545,3.668367,rigid
2026-09-18-3war-s0-n100-r5,3war,2026-09-18-3war-s0-n100-r5-0072,0.545455,3.714286,conformer
2026-09-18-3war-s0-n100-r5,3war,2026-09-18-3war-s0-n100-r5-0073,0.363636,3.760204,rigid
2026-09-18-3war-s0-n100-r5,3war,2026-09-18-3war-s0-n100-r5-0074,0.363636,3.806122,conformer
2026-09-18-3war-s0-n100-r5,3war,2026-09-18-3war-s0-n100-r5-0075,0.363636,3.852041,rigid
2026-09-18-3war-s0-n100-r5,3war,2026-09-18-3war-s0-n100-r5-0076,0.454545,3.897959,conformer
2026-09-18-3war-s0-n100-r5,3war,2026-09-18-3war-s0-n100-r5-0077,0.363636,3.943878,rigid
2026-09-18-3war-s0-n100-r5,3war,2026-09-18-3war-s0-n100-r5-0078,0.545455,3.989796,conformer
2026-09-18-3war-s0-n100-r5,3war,2026-09-18-3war-s0-n100-r5-0079,0.272727,4.035714,rigid
2026-09-18-3war-s0-n100-r5,3war,2026-09-18-3war-s0-n100-r5-0080,0.272727,4.081633,conformer
2026-09-18-3war-s0-n100-r5,3war,2026-09-18-3war-s0-n100-r5-0081,0.545455,4.127551,rigid
2026-09-18-3war-s0-n100-r5,3war,2026-09-18-3war-s0-n100-r5-0082,0.272727,4.173469,conformer
2026-09-18-3war-s0-n100-r5,3war,2026-09-18-3war-s0-n100-r5-0083,0.363636,4.219388,rigid
2026-09-18-3war-s0-n100-r5,3war,2026-09-18-3war-s0-n100-r5-0084,0.363636,4.265306,conformer
2026-09-18-3war-s0-n100-r5,3war,2026-09-18-3war-s0-n100-r5-0085,0.272727,4.311224,rigid
2026-09-18-3war-s0-n100-r5,3war,2026-09-18-3war-s0-n100-r5-0086,0.363636,4.357143,conformer
2026-09-18-3war-s0-n100-r5,3war,2026-09-18-3war-s0-n100-r5-0087,0.454545,4.403061,rigid
2026-09-18-3war-s0-n100-r5,3war,2026-09-18-3war-s0-n100-r5-0088,0.454545,4.44898,conformer
2026-09-18-3war-s0-n100-r5,3war,2026-09-18-3war-s0-n100-r5-0089,0.363636,4.494898,rigid
2026-09-18-3war-s0-n100-r5,3war,2026-09-18-3war-s0-n100-r5-0090,0.454545,4.540816,conformer
2026-09-18-3war-s0-n100-r5,3war,2026-09-18-3war-s0-n100-r5-0091,0.272727,4.586735,rigid
2026-09-18-3war-s0-n100-r5,3war,2026-09-18-3war-s0-n100-r5-0092,0.272727,4.632653,conformer
2026-09-18-3war-s0-n100-r5,3war,2026-09-18-3war-s0-n100-r5-0093,0.363636,4.678571,rigid
2026-09-18-3war-s0-n100-r5,3war,2026-09-18-3war-s0-n100-r5-0094,0.363636,4.72449,conformer
2026-09-18-3war-s0-n100-r5,3war,2026-09-18-3war-s0-n100-r5-0095,0.363636,4.770408,rigid
2026-09-18-3war-s0-n100-r5,3war,2026-09-18-3war-s0-n100-r5-0096,0.363636,4.816327,conformer
2026-09-18-3war-s0-n100-r6,3war,2026-09-18-3war-s0-n100-r6-0001,1.0,0.0,native
2026-09-18-3war-s0-n100-r6,3war,2026-09-18-3war-s0-n100-r6-0002,0.818182,0.5,conformer
2026-09-18-3war-s0-n100-r6,3war,2026-09-18-3war-s0-n100-r6-0003,1.0,0.545918,rigid
2026-09-18-3war-s0-n100-r6,3war,2026-09-18-3war-s0-n100-r6-0004,0.909091,0.591837,conformer
2026-09-18-3war-s0-n100-r6,3war,2026-09-18-3war-s0-n100-r6-0005,0.727273,0.637755,rigid
2026-09-18-3war-s0-n100-r6,3war,2026-09-18-3war-s0-n100-r6-0006,0.909091,0.683673,conformer
2026-09-18-3war-s0-n100-r6,3war,2026-09-18-3war-s0-n100-r6-0007,0.909091,0.729592,rigid
2026-09-18-3war-s0-n100-r6,3war,2026-09-18-3war-s0-n100-r6-0008,0.727273,0.77551,conformer
2026-09-18-3war-s0-n100-r6,3war,2026-09-18-3war-s0-n100-r6-0009,0.909091,0.821429,rigid
2026-09-18-3war-s0-n100-r6,3war,2026-09-18-3war-s0-n100-r6-0010,0.727273,0.867347,conformer
2026-09-18-3war-s0-n100-r6,3war,2026-09-18-3war-s0-n100-r6-0011,0.727273,0.913265,rigid
2026-09-18-3war-s0-n100-r6,3war,2026-09-18-3war-s0-n100-r6-0012,0.636364,0.959184,conformer
2026-09-18-3war-s0-n100-r6,3war,2026-09-18-3war-s0-n100-r6-0013,0.818182,1.005102,rigid
2026-09-18-3war-s0-n100-r6,3war,2026-09-18-3war-s0-n100-r6-0014,0.909091,1.05102,conformer
2026-09-18-3war-s0-n100-r6,3war,2026-09-18-3war-s0-n100-r6-0015,0.636364,1.096939,rigid
2026-09-18-3war-s0-n100-r6,3war,2026-09-18-3war-s0-n100-r6-0016,0.909091,1.142857,conformer
2026-09-18-3war-s0-n100-r6,3war,2026-09-18-3war-s0-n100-r6-0017,0.727273,1.188776,rigid
2026-09-18-3war-s0-n100-r6,3war,2026-09-18-3war-s0-n100-r6-0018,0.727273,1.234694,conformer
2026-09-18-3war-s0-n100-r6,3war,2026-09-18-3war-s0-n100-r6-0019,0.636364,1.280612,rigid
2026-09-18-3war-s0-n100-r6,3war,2026-09-18-3war-s0-n100-r6-0020,0.636364,1.326531,conformer
2026-09-18-3war-s0-n100-r6,3war,2026-09-18-3war-s0-n100-r6-0021,0.727273,1.372449,rigid
2026-09-18-3war-s0-n100-r6,3war,2026-09-18-3war-s0-n100-r6-0022,1.0,1.418367,conformer
2026-09-18-3war-s0-n100-r6,3war,2026-09-18-3war-s0-n100-r6-0023,0.818182,1.464286,rigid
2026-09-18-3war-s0-n100-r6,3war,2026-09-18-3war-s0-n100-r6-0024,0.818182,1.510204,conformer
2026-09-18-3war-s0-n100-r6,3war,2026-09-18-3war-s0-n100-r6-0025,0.818182,1.556122,rigid
2026-09-18-3war-s0-n100-r6,3war,2026-09-18-3war-s0-n100-r6-0026,0.727273,1.602041,conformer
2026-09-18-3war-s0-n100-r6,3war,2026-09-18-3war-s0-n100-r6-0027,0.727273,1.647959,rigid
2026-09-18-3war-s0-n100-r6,3war,2026-09-18-3war-s0-n100-r6-0028,0.545455,1.693878,conformer
2026-09-18-3war-s0-n100-r6,3war,2026-09-18-3war-s0-n100-r6-0029,0.818182,1.739796,rigid
2026-09-18-3war-s0-n100-r6,3war,2026-09-18-3war-s0-n100-r6-0030,0.636364,1.785714,conformer
2026-09-18-3war-s0-n100-r6,3war,2026-09-18-3war-s0-n100-r6-0031,0.727273,1.831633,rigid
2026-09-18-3war-s0-n100-r6,3war,2026-09-18-3war-s0-n100-r6-0032,0.636364,1.877551,conformer
2026-09-18-3war-s0-n100-r6,3war,2026-09-18-3war-s0-n100-r6-0033,0.636364,1.923469,rigid
2026-09-18-3war-s0-n100-r6,3war,2026-09-18-3war-s0-n100-r6-0034,0.545455,1.969388,conformer
2026-09-18-3war-s0-n100-r6,3war,2026-09-18-3war-s0-n100-r6-0035,0.818182,2.015306,rigid
2026-09-18-3war-s0-n100-r6,3war,2026-09-18-3war-s0-n100-r6-0036,0.454545,2.061224,conformer
2026-09-18-3war-s0-n100-r6,3war,2026-09-18-3war-s0-n100-r6-0037,0.454545,2.107143,rigid
2026-09-18-3war-s0-n100-r6,3war,2026-09-18-3war-s0-n100-r6-0038,0.727273,2.153061,conformer
2026-09-18-3war-s0-n100-r6,3war,2026-09-18-3war-s0-n100-r6-0039,0.454545,2.19898,rigid
2026-09-18-3war-s0-n100-r6,3war,2026-09-18-3war-s0-n100-r6-0040,0.454545,2.244898,conformer
2026-09-18-3war-s0-n100-r6,3war,2026-09-18-3war-s0-n100-r6-0041,0.545455,2.290816,rigid
2026-09-18-3war-s0-n100-r6,3war,2026-09-18-3war-s0-n100-r6-0042,0.545455,2.336735,conformer
2026-09-18-3war-s0-n100-r6,3war,2026-09-18-3war-s0-n100-r6-0043,0.454545,2.382653,rigid
2026-09-18-3war-s0-n100-r6,3war,2026-09-18-3war-s0-n100-r6-0044,0.636364,2.428571,conformer
2026-09-18-3war-s0-n100-r6,3war,2026-09-18-3war-s0-n100-r6-0045,0.545455,2.47449,rigid
2026-09-18-3war-s0-n100-r6,3war,2026-09-18-3war-s0-n100-r6-0046,0.545455,2.520408,conformer
2026-09-18-3war-s0-n100-r6,3war,2026-09-18-3war-s0-n100-r6-0047,0.727273,2.566327,rigid
2026-09-18-3war-s0-n100-r6,3war,2026-09-18-3war-s0-n100-r6-0048,0.454545,2.612245,conformer
2026-09-18-3war-s0-n100-r6,3war,2026-09-18-3war-s0-n100-r6-0049,0.909091,2.658163,rigid
2026-09-18-3war-s0-n100-r6,3war,2026-09-18-3war-s0-n100-r6-0050,0.454545,2.704082,conformer
2026-09-18-3war-s0-n100-r6,3war,2026-09-18-3war-s0-n100-r6-0051,0.363636,2.75,rigid
2026-09-18-3war-s0-n100-r6,3war,2026-09-18-3war-s0-n100-r6-0052,0.363636,2.795918,conformer
2026-09-18-3war-s0-n100-r6,3war,2026-09-18-3war-s0-n100-r6-0053,0.545455,2.841837,rigid
2026-09-18-3war-s0-n100-r6,3war,2026-09-18-3war-s0-n100-r6-0054,0.727273,2.887755,conformer
2026-09-18-3war-s0-n100-r6,3war,2026-09-18-3war-s0-n100-r6-0055,0.545455,2.933673,rigid
2026-09-18-3war-s0-n100-r6,3war,2026-09-18-3war-s0-n100-r6-0056,0.454545,2.979592,conformer
2026-09-18-3war-s0-n100-r6,3war,2026-09-18-3war-s0-n100-r6-0057,0.454545,3.02551,rigid
2026-09-18-3war-s0-n100-r6,3war,2026-09-18-3war-s0-n100-r6-0058,0.727273,3.071429,conformer
2026-09-18-3war-s0-n100-r6,3war,2026-09-18-3war-s0-n100-r6-0059,0.363636,3.117347,rigid
2026-09-18-3war-s0-n100-r6,3war,2026-09-18-3war-s0-n100-r6-0060,0.363636,3.163265,conformer
2026-09-18-3war-s0-n100-r6,3war,2026-09-18-3war-s0-n100-r6-0061,0.636364,3.209184,rigid
2026-09-18-3war-s0-n100-r6,3war,2026-09-18-3war-s0-n100-r6-0062,0.363636,3.255102,conformer
2026-09-18-3war-s0-n100-r6,3war,2026-09-18-3war-s0-n100-r6-0063,0.545455,3.30102,rigid
2026-09-18-3war-s0-n100-r6,3war,2026-09-18-3war-s0-n100-r6-0064,0.272727,3.346939,conformer
2026-09-18-3war-s0-n100-r6,3war,2026-09-18-3war-s0-n100-r6-0065,0.363636,3.392857,rigid
2026-09-18-3war-s0-n100-r6,3war,2026-09-18-3war-s0-n100-r6-0066,0.636364,3.438776,conformer
2026-09-18-3war-s0-n100-r6,3war,2026-09-18-3war-s0-n100-r6-0067,0.545455,3.484694,rigid
2026-09-18-3war-s0-n100-r6,3war,2026-09-18-3war-s0-n100-r6-0068,0.363636,3.530612,conformer
2026-09-18-3war-s0-n100-r6,3war,2026-09-18-3war-s0-n100-r6-0069,0.363636,3.576531,rigid
2026-09-18-3war-s0-n100-r6,3war,2026-09-18-3war-s0-n100-r6-0070,0.454545,3.622449,conformer
2026-09-18-3war-s0-n100-r6,3war,2026-09-18-3war-s0-n100-r6-0071,0.636364,3.668367,rigid
2026-09-18-3war-s0-n100-r6,3war,2026-09-18-3war-s0-n100-r6-0072,0.272727,3.714286,conformer
2026-09-18-3war-s0-n100-r6,3war,2026-09-18-3war-s0-n100-r6-0073,0.545455,3.760204,rigid
2026-09-18-3war-s0-n100-r6,3war,2026-09-18-3war-s0-n100-r6-0074,0.363636,3.806122,conformer
2026-09-18-3war-s0-n100-r6,3war,2026-09-18-3war-s0-n100-r6-0075,0.454545,3.852041,rigid
2026-09-18-3war-s0-n100-r6,3war,2026-09-18-3war-s0-n100-r6-0076,0.454545,3.897959,conformer
2026-09-18-3war-s0-n100-r6,3war,2026-09-18-3war-s0-n100-r6-0077,0.454545,3.943878,rigid
2026-09-18-3war-s0-n100-r6,3war,2026-09-18-3war-s0-n100-r6-0078,0.181818,3.989796,conformer
2026-09-18-3war-s0-n100-r6,3war,2026-09-18-3war-s0-n100-r6-0079,0.454545,4.035714,rigid
2026-09-18-3war-s0-n100-r6,3war,2026-09-18-3war-s0-n100-r6-0080,0.545455,4.081633,conformer
2026-09-18-3war-s0-n100-r6,3war,2026-09-18-3war-s0-n100-r6-0081,0.545455,4.127551,rigid
2026-09-18-3war-s0-n100-r6,3war,2026-09-18-3war-s0-n100-r6-0082,0.181818,4.173469,conformer
2026-09-18-3war-s0-n100-r6,3war,2026-09-18-3war-s0-n100-r6-0083,0.454545,4.219388,rigid
2026-09-18-3war-s0-n100-r6,3war,2026-09-18-3war-s0-n100-r6-0084,0.545455,4.265306,conformer
2026-09-18-3war-s0-n100-r6,3war,2026-09-18-3war-s0-n100-r6-0085,0.363636,4.311224,rigid
2026-09-18-3war-s0-n100-r6,3war,2026-09-18-3war-s0-n100-r6-0086,0.363636,4.357143,conformer
2026-09-18-3war-s0-n100-r6,3war,2026-09-18-3war-s0-n100-r6-0087,0.454545,4.403061,rigid
2026-09-18-3war-s0-n100-r6,3war,2026-09-18-3war-s0-n100-r6-0088,0.636364,4.44898,conformer
2026-09-18-3war-s0-n100-r6,3war,2026-09-18-3war-s0-n100-r6-0089,0.454545,4.494898,rigid
2026-09-18-3war-s0-n100-r6,3war,2026-09-18-3war-s0-n100-r6-0090,0.363636,4.540816,conformer
2026-09-18-3war-s0-n100-r6,3war,2026-09-18-3war-s0-n100-r6-0091,0.363636,4.586735,rigid
2026-09-18-3war-s0-n100-r6,3war,2026-09-18-3war-s0-n100-r6-0092,0.454545,4.632653,conformer
2026-09-18-3war-s0-n100-r6,3war,2026-09-18-3war-s0-n100-r6-0093,0.454545,4.678571,rigid
2026-09-18-3war-s0-n100-r6,3war,2026-09-18-3war-s0-n100-r6-0094,0.272727,4.72449,conformer
2026-09-18-3war-s0-n100-r6,3war,2026-09-18-3war-s0-n100-r6-0095,0.454545,4.770408,rigid
2026-09-18-3war-s0-n100-r6,3war,2026-09-18-3war-s0-n100-r6-0096,0.181818,4.816327,conformer
2026-09-18-3war-s0-n100-r7,3war,2026-09-18-3war-s0-n100-r7-0001,1.0,0.0,native
2026-09-18-3war-s0-n100-r7,3war,2026-09-18-3war-s0-n100-r7-0002,0.818182,0.5,conformer
2026-09-18-3war-s0-n100-r7,3war,2026-09-18-3war-s0-n100-r7-0003,0.818182,0.545918,rigid
2026-09-18-3war-s0-n100-r7,3war,2026-09-18-3war-s0-n100-r7-0004,0.909091,0.591837,conformer
2026-09-18-3war-s0-n100-r7,3war,2026-09-18-3war-s0-n100-r7-0005,1.0,0.637755,rigid
2026-09-18-3war-s0-n100-r7,3war,2026-09-18-3war-s0-n100-r7-0006,1.0,0.683673,conformer
2026-09-18-3war-s0-n100-r7,3war,2026-09-18-3war-s0-n100-r7-0007,0.909091,0.729592,rigid
2026-09-18-3war-s0-n100-r7,3war,2026-09-18-3war-s0-n100-r7-0008,1.0,0.77551,conformer
2026-09-18-3war-s0-n100-r7,3war,2026-09-18-3war-s0-n100-r7-0009,0.727273,0.821429,rigid
2026-09-18-3war-s0-n100-r7,3war,2026-09-18-3war-s0-n100-r7-0010,1.0,0.867347,conformer
2026-09-18-3war-s0-n100-r7,3war,2026-09-18-3war-s0-n100-r7-0011,0.818182,0.913265,rigid
2026-09-18-3war-s0-n100-r7,3war,2026-09-18-3war-s0-n100-r7-0012,1.0,0.959184,conformer
2026-09-18-3war-s0-n100-r7,3war,2026-09-18-3war-s0-n100-r7-0013,0.636364,1.005102,rigid
2026-09-18-3war-s0-n100-r7,3war,2026-09-18-3war-s0-n100-r7-0014,0.818182,1.05102,conformer
2026-09-18-3war-s0-n100-r7,3war,2026-09-18-3war-s0-n100-r7-0015,0.727273,1.096939,rigid
2026-09-18-3war-s0-n100-r7,3war,2026-09-18-3war-s0-n100-r7-0016,0.818182,1.142857,conformer
2026-09-18-3war-s0-n100-r7,3war,2026-09-18-3war-s0-n100-r7-0017,0.636364,1.188776,rigid
2026-09-18-3war-s0-n100-r7,3war,2026-09-18-3war-s0-n100-r7-0018,0.636364,1.234694,conformer
2026-09-18-3war-s0-n100-r7,3war,2026-09-18-3war-s0-n100-r7-0019,0.727273,1.280612,rigid
2026-09-18-3war-s0-n100-r7,3war,2026-09-18-3war-s0-n100-r7-0020,0.727273,1.326531,conformer
2026-09-18-3war-s0-n100-r7,3war,2026-09-18-3war-s0-n100-r7-0021,0.818182,1.372449,rigid
2026-09-18-3war-s0-n100-r7,3war,2026-09-18-3war-s0-n100-r7-0022,0.818182,1.418367,conformer
2026-09-18-3war-s0-n100-r7,3war,2026-09-18-3war-s0-n100-r7-0023,0.545455,1.464286,rigid
2026-09-18-3war-s0-n100-r7,3war,2026-09-18-3war-s0-n100-r7-0024,0.727273,1.510204,conformer
2026-09-18-3war-s0-n100-r7,3war,2026-09-18-3war-s0-n100-r7-0025,0.545455,1.556122,rigid
2026-09-18-3war-s0-n100-r7,3war,2026-09-18-3war-s0-n100-r7-0026,0.636364,1.602041,conformer
2026-09-18-3war-s0-n100-r7,3war,2026-09-18-3war-s0-n100-r7-0027,0.636364,1.647959,rigid
2026-09-18-3war-s0-n100-r7,3war,2026-09-18-3war-s0-n100-r7-0028,0.636364,1.693878,conformer
2026-09-18-3war-s0-n100-r7,3war,2026-09-18-3war-s0-n100-r7-0029,0.727273,1.739796,rigid
2026-09-18-3war-s0-n100-r7,3war,2026-09-18-3war-s0-n100-r7-0030,0.545455,1.785714,conformer
2026-09-18-3war-s0-n100-r7,3war,2026-09-18-3war-s0-n100-r7-0031,0.545455,1.831633,rigid
2026-09-18-3war-s0-n100-r7,3war,2026-09-18-3war-s0-n100-r7-0032,0.636364,1.877551,conformer
2026-09-18-3war-s0-n100-r7,3war,2026-09-18-3war-s0-n100-r7-0033,0.727273,1.923469,rigid
2026-09-18-3war-s0-n100-r7,3war,2026-09-18-3war-s0-n100-r7-0034,0.909091,1.969388,conformer
2026-09-18-3war-s0-n100-r7,3war,2026-09-18-3war-s0-n100-r7-0035,0.363636,2.015306,rigid
2026-09-18-3war-s0-n100-r7,3war,2026-09-18-3war-s0-n100-r7-0036,0.636364,2.061224,conformer
2026-09-18-3war-s0-n100-r7,3war,2026-09-18-3war-s0-n100-r7-0037,0.454545,2.107143,rigid
2026-09-18-3war-s0-n100-r7,3war,2026-09-18-3war-s0-n100-r7-0038,0.545455,2.153061,conformer
2026-09-18-3war-s0-n100-r7,3war,2026-09-18-3war-s0-n100-r7-0039,0.545455,2.19898,rigid
2026-09-18-3war-s0-n100-r7,3war,2026-09-18-3war-s0-n100-r7-0040,0.545455,2.244898,conformer
2026-09-18-3war-s0-n100-r7,3war,2026-09-18-3war-s0-n100-r7-0041,0.454545,2.290816,rigid
2026-09-18-3war-s0-n100-r7,3war,2026-09-18-3war-s0-n100-r7-0042,0.636364,2.336735,conformer
2026-09-18-3war-s0-n100-r7,3war,2026-09-18-3war-s0-n100-r7-0043,0.454545,2.382653,rigid
2026-09-18-3war-s0-n100-r7,3war,2026-09-18-3war-s0-n100-r7-0044,0.545455,2.428571,conformer
2026-09-18-3war-s0-n100-r7,3war,2026-09-18-3war-s0-n100-r7-0045,0.454545,2.47449,rigid
2026-09-18-3war-s0-n100-r7,3war,2026-09-18-3war-s0-n100-r7-0046,0.727273,2.520408,conformer
2026-09-18-3war-s0-n100-r7,3war,2026-09-18-3war-s0-n100-r7-0047,0.818182,2.566327,rigid
2026-09-18-3war-s0-n100-r7,3war,2026-09-18-3war-s0-n100-r7-0048,0.272727,2.612245,conformer
2026-09-18-3war-s0-n100-r7,3war,2026-09-18-3war-s0-n100-r7-0049,0.727273,2.658163,rigid
2026-09-18-3war-s0-n100-r7,3war,2026-09-18-3war-s0-n100-r7-0050,0.454545,2.704082,conformer
2026-09-18-3war-s0-n100-r7,3war,2026-09-18-3war-s0-n100-r7-0051,0.363636,2.75,rigid
2026-09-18-3war-s0-n100-r7,3war,2026-09-18-3war-s0-n100-r7-0052,0.636364,2.795918,conformer
2026-09-18-3war-s0-n100-r7,3war,2026-09-18-3war-s0-n100-r7-0053,0.636364,2.841837,rigid
2026-09-18-3war-s0-n100-r7,3war,2026-09-18-3war-s0-n100-r7-0054,0.909091,2.887755,conformer
2026-09-18-3war-s0-n100-r7,3war,2026-09-18-3war-s0-n100-r7-0055,0.363636,2.933673,rigid
2026-09-18-3war-s0-n100-r7,3war,2026-09-18-3war-s0-n100-r7-0056,0.363636,2.979592,conformer
2026-09-18-3war-s0-n100-r7,3war,2026-09-18-3war-s0-n100-r7-0057,0.363636,3.02551,rigid
2026-09-18-3war-s0-n100-r7,3war,2026-09-18-3war-s0-n100-r7-0058,0.545455,3.071429,conformer
2026-09-18-3war-s0-n100-r7,3war,2026-09-18-3war-s0-n100-r7-0059,0.545455,3.117347,rigid
2026-09-18-3war-s0-n100-r7,3war,2026-09-18-3war-s0-n100-r7-0060,0.545455,3.163265,conformer
2026-09-18-3war-s0-n100-r7,3war,2026-09-18-3war-s0-n100-r7-0061,0.454545,3.209184,rigid
2026-09-18-3war-s0-n100-r7,3war,2026-09-18-3war-s0-n100-r7-0062,0.363636,3.255102,conformer
2026-09-18-3war-s0-n100-r7,3war,2026-09-18-3war-s0-n100-r7-0063,0.454545,3.30102,rigid
2026-09-18-3war-s0-n100-r7,3war,2026-09-18-3war-s0-n100-r7-0064,0.454545,3.346939,conformer
2026-09-18-3war-s0-n100-r7,3war,2026-09-18-3war-s0-n100-r7-0065,0.454545,3.392857,rigid
2026-09-18-3war-s0-n100-r7,3war,2026-09-18-3war-s0-n100-r7-0066,0.636364,3.438776,conformer
2026-09-18-3war-s0-n100-r7,3war,2026-09-18-3war-s0-n100-r7-0067,0.272727,3.484694,rigid
2026-09-18-3war-s0-n100-r7,3war,2026-09-18-3war-s0-n100-r7-0068,0.363636,3.530612,conformer
2026-09-18-3war-s0-n100-r7,3war,2026-09-18-3war-s0-n100-r7-0069,0.272727,3.576531,rigid
2026-09-18-3war-s0-n100-r7,3war,2026-09-18-3war-s0-n100-r7-0070,0.272727,3.622449,conformer
2026-09-18-3war-s0-n100-r7,3war,2026-09-18-3war-s0-n100-r7-0071,0.272727,3.668367,rigid
2026-09-18-3war-s0-n100-r7,3war,2026-09-18-3war-s0-n100-r7-0072,0.272727,3.714286,conformer
2026-09-18-3war-s0-n100-r7,3war,2026-09-18-3war-s0-n100-r7-0073,0.636364,3.760204,rigid
2026-09-18-3war-s0-n100-r7,3war,2026-09-18-3war-s0-n100-r7-0074,0.272727,3.806122,conformer
2026-09-18-3war-s0-n100-r7,3war,2026-09-18-3war-s0-n100-r7-0075,0.363636,3.852041,rigid
2026-09-18-3war-s0-n100-r7,3war,2026-09-18-3war-s0-n100-r7-0076,0.181818,3.897959,conformer
2026-09-18-3war-s0-n100-r7,3war,2026-09-18-3war-s0-n100-r7-0077,0.363636,3.943878,rigid
2026-09-18-3war-s0-n100-r7,3war,2026-09-18-3war-s0-n100-r7-0078,0.363636,3.989796,conformer
2026-09-18-3war-s0-n100-r7,3war,2026-09-18-3war-s0-n100-r7-0079,0.363636,4.035714,rigid
2026-09-18-3war-s0-n100-r7,3war,2026-09-18-3war-s0-n100-r7-0080,0.454545,4.081633,conformer
2026-09-18-3war-s0-n100-r7,3war,2026-09-18-3war-s0-n100-r7-0081,0.272727,4.127551,rigid
2026-09-18-3war-s0-n100-r7,3war,2026-09-18-3war-s0-n100-r7-0082,0.272727,4.173469,conformer
2026-09-18-3war-s0-n100-r7,3war,2026-09-18-3war-s0-n100-r7-0083,0.545455,4.219388,rigid
2026-09-18-3war-s0-n100-r7,3war,2026-09-18-3war-s0-n100-r7-0084,0.454545,4.265306,conformer
2026-09-18-3war-s0-n100-r7,3war,2026-09-18-3war-s0-n100-r7-0085,0.363636,4.311224,rigid
2026-09-18-3war-s0-n100-r7,3war,2026-09-18-3war-s0-n100-r7-0086,0.454545,4.357143,conformer
2026-09-18-3war-s0-n100-r7,3war,2026-09-18-3war-s0-n100-r7-0087,0.363636,4.403061,rigid
2026-09-18-3war-s0-n100-r7,3war,2026-09-18-3war-s0-n100-r7-0088,0.545455,4.44898,conformer
2026-09-18-3war-s0-n100-r7,3war,2026-09-18-3war-s0-n100-r7-0089,0.454545,4.494898,rigid
2026-09-18-3war-s0-n100-r7,3war,2026-09-18-3war-s0-n100-r7-0090,0.272727,4.540816,conformer
2026-09-18-3war-s0-n100-r7,3war,2026-09-18-3war-s0-n100-r7-0091,0.454545,4.586735,rigid
2026-09-18-3war-s0-n100-r7,3war,2026-09-18-3war-s0-n100-r7-0092,0.363636,4.632653,conformer
2026-09-18-3war-s0-n100-r7,3war,2026-09-18-3war-s0-n100-r7-0093,0.545455,4.678571,rigid
2026-09-18-3war-s0-n100-r7,3war,2026-09-18-3war-s0-n100-r7-0094,0.363636,4.72449,conformer
2026-09-18-3war-s0-n100-r7,3war,2026-09-18-3war-s0-n100-r7-0095,0.363636,4.770408,rigid
2026-09-18-3war-s0-n100-r7,3war,2026-09-18-3war-s0-n100-r7-0096,0.454545,4.816327,conformer
2026-09-18-3war-s0-n100-r8,3war,2026-09-18-3war-s0-n100-r8-0001,1.0,0.0,native
2026-09-18-3war-s0-n100-r8,3war,2026-09-18-3war-s0-n100-r8-0002,1.0,0.5,conformer
2026-09-18-3war-s0-n100-r8,3war,2026-09-18-3war-s0-n100-r8-0003,1.0,0.545918,rigid
2026-09-18-3war-s0-n100-r8,3war,2026-09-18-3war-s0-n100-r8-0004,0.727273,0.591837,conformer
2026-09-18-3war-s0-n100-r8,3war,2026-09-18-3war-s0-n100-r8-0005,0.909091,0.637755,rigid
2026-09-18-3war-s0-n100-r8,3war,2026-09-18-3war-s0-n100-r8-0006,0.818182,0.683673,conformer
2026-09-18-3war-s0-n100-r8,3war,2026-09-18-3war-s0-n100-r8-0007,1.0,0.729592,rigid
2026-09-18-3war-s0-n100-r8,3war,2026-09-18-3war-s0-n100-r8-0008,0.909091,0.77551,conformer
2026-09-18-3war-s0-n100-r8,3war,2026-09-18-3war-s0-n100-r8-0009,0.909091,0.821429,rigid
2026-09-18-3war-s0-n100-r8,3war,2026-09-18-3war-s0-n100-r8-0010,0.818182,0.867347,conformer
2026-09-18-3war-s0-n100-r8,3war,2026-09-18-3war-s0-n100-r8-0011,0.818182,0.913265,rigid
2026-09-18-3war-s0-n100-r8,3war,2026-09-18-3war-s0-n100-r8-0012,0.636364,0.959184,conformer
2026-09-18-3war-s0-n100-r8,3war,2026-09-18-3war-s0-n100-r8-0013,0.727273,1.005102,rigid
2026-09-18-3war-s0-n100-r8,3war,2026-09-18-3war-s0-n100-r8-0014,0.636364,1.05102,conformer
2026-09-18-3war-s0-n100-r8,3war,2026-09-18-3war-s0-n100-r8-0015,0.909091,1.096939,rigid
2026-09-18-3war-s0-n100-r8,3war,2026-09-18-3war-s0-n100-r8-0016,0.636364,1.142857,conformer
2026-09-18-3war-s0-n100-r8,3war,2026-09-18-3war-s0-n100-r8-0017,0.818182,1.188776,rigid
2026-09-18-3war-s0-n100-r8,3war,2026-09-18-3war-s0-n100-r8-0018,0.818182,1.234694,conformer
2026-09-18-3war-s0-n100-r8,3war,2026-09-18-3war-s0-n100-r8-0019,0.636364,1.280612,rigid
2026-09-18-3war-s0-n100-r8,3war,2026-09-18-3war-s0-n100-r8-0020,0.636364,1.326531,conformer
2026-09-18-3war-s0-n100-r8,3war,2026-09-18-3war-s0-n100-r8-0021,0.636364,1.372449,rigid
2026-09-18-3war-s0-n100-r8,3war,2026-09-18-3war-s0-n100-r8-0022,0.545455,1.418367,conformer
2026-09-18-3war-s0-n100-r8,3war,2026-09-18-3war-s0-n100-r8-0023,0.818182,1.464286,rigid
2026-09-18-3war-s0-n100-r8,3war,2026-09-18-3war-s0-n100-r8-0024,0.636364,1.510204,conformer
2026-09-18-3war-s0-n100-r8,3war,2026-09-18-3war-s0-n100-r8-0025,0.636364,1.556122,rigid
2026-09-18-3war-s0-n100-r8,3war,2026-09-18-3war-s0-n100-r8-0026,0.636364,1.602041,conformer
2026-09-18-3war-s0-n100-r8,3war,2026-09-18-3war-s0-n100-r8-0027,0.545455,1.647959,rigid
2026-09-18-3war-s0-n100-r8,3war,2026-09-18-3war-s0-n100-r8-0028,0.636364,1.693878,conformer
2026-09-18-3war-s0-n100-r8,3war,2026-09-18-3war-s0-n100-r8-0029,0.818182,1.739796,rigid
2026-09-18-3war-s0-n100-r8,3war,2026-09-18-3war-s0-n100-r8-0030,0.363636,1.785714,conformer
2026-09-18-3war-s0-n100-r8,3war,2026-09-18-3war-s0-n100-r8-0031,0.545455,1.831633,rigid
2026-09-18-3war-s0-n100-r8,3war,2026-09-18-3war-s0-n100-r8-0032,0.818182,1.877551,conformer
2026-09-18-3war-s0-n100-r8,3war,2026-09-18-3war-s0-n100-r8-0033,0.727273,1.923469,rigid
2026-09-18-3war-s0-n100-r8,3war,2026-09-18-3war-s0-n100-r8-0034,0.545455,1.969388,conformer
2026-09-18-3war-s0-n100-r8,3war,2026-09-18-3war-s0-n100-r8-0035,0.454545,2.015306,rigid
2026-09-18-3war-s0-n100-r8,3war,2026-09-18-3war-s0-n100-r8-0036,0.727273,2.061224,conformer
2026-09-18-3war-s0-n100-r8,3war,2026-09-18-3war-s0-n100-r8-0037,0.727273,2.107143,rigid
2026-09-18-3war-s0-n100-r8,3war,2026-09-18-3war-s0-n100-r8-0038,0.636364,2.153061,conformer
2026-09-18-3war-s0-n100-r8,3war,2026-09-18-3war-s0-n100-r8-0039,0.545455,2.19898,rigid
2026-09-18-3war-s0-n100-r8,3war,2026-09-18-3war-s0-n100-r8-0040,0.909091,2.244898,conformer
2026-09-18-3war-s0-n100-r8,3war,2026-09-18-3war-s0-n100-r8-0041,0.636364,2.290816,rigid
2026-09-18-3war-s0-n100-r8,3war,2026-09-18-3war-s0-n100-r8-0042,0.636364,2.336735,conformer
2026-09-18-3war-s0-n100-r8,3war,2026-09-18-3war-s0-n100-r8-0043,0.818182,2.382653,rigid
2026-09-18-3war-s0-n100-r8,3war,2026-09-18-3war-s0-n100-r8-0044,0.636364,2.428571,conformer
2026-09-18-3war-s0-n100-r8,3war,2026-09-18-3war-s0-n100-r8-0045,0.545455,2.47449,rigid
2026-09-18-3war-s0-n100-r8,3war,2026-09-18-3war-s0-n100-r8-0046,0.727273,2.520408,conformer
2026-09-18-3war-s0-n100-r8,3war,2026-09-18-3war-s0-n100-r8-0047,0.363636,2.566327,rigid
2026-09-18-3war-s0-n100-r8,3war,2026-09-18-3war-s0-n100-r8-0048,0.272727,2.612245,conformer
2026-09-18-3war-s0-n100-r8,3war,2026-09-18-3war-s0-n100-r8-0049,0.363636,2.658163,rigid
2026-09-18-3war-s0-n100-r8,3war,2026-09-18-3war-s0-n100-r8-0050,0.636364,2.704082,conformer
2026-09-18-3war-s0-n100-r8,3war,2026-09-18-3war-s0-n100-r8-0051,0.545455,2.75,rigid
2026-09-18-3war-s0-n100-r8,3war,2026-09-18-3war-s0-n100-r8-0052,0.636364,2.795918,conformer
2026-09-18-3war-s0-n100-r8,3war,2026-09-18-3war-s0-n100-r8-0053,0.545455,2.841837,rigid
2026-09-18-3war-s0-n100-r8,3war,2026-09-18-3war-s0-n100-r8-0054,0.636364,2.887755,conformer
2026-09-18-3war-s0-n100-r8,3war,2026-09-18-3war-s0-n100-r8-0055,0.545455,2.933673,rigid
2026-09-18-3war-s0-n100-r8,3war,2026-09-18-3war-s0-n100-r8-0056,0.272727,2.979592,conformer
2026-09-18-3war-s0-n100-r8,3war,2026-09-18-3war-s0-n100-r8-0057,0.454545,3.02551,rigid
2026-09-18-3war-s0-n100-r8,3war,2026-09-18-3war-s0-n100-r8-0058,0.454545,3.071429,conformer
2026-09-18-3war-s0-n100-r8,3war,2026-09-18-3war-s0-n100-r8-0059,0.272727,3.117347,rigid
2026-09-18-3war-s0-n100-r8,3war,2026-09-18-3war-s0-n100-r8-0060,0.545455,3.163265,conformer
2026-09-18-3war-s0-n100-r8,3war,2026-09-18-3war-s0-n100-r8-0061,0.545455,3.209184,rigid
2026-09-18-3war-s0-n100-r8,3war,2026-09-18-3war-s0-n100-r8-0062,0.636364,3.255102,conformer
2026-09-18-3war-s0-n100-r8,3war,2026-09-18-3war-s0-n100-r8-0063,0.545455,3.30102,rigid
2026-09-18-3war-s0-n100-r8,3war,2026-09-18-3war-s0-n100-r8-0064,0.454545,3.346939,conformer
2026-09-18-3war-s0-n100-r8,3war,2026-09-18-3war-s0-n100-r8-0065,0.454545,3.392857,rigid
2026-09-18-3war-s0-n100-r8,3war,2026-09-18-3war-s0-n100-r8-0066,0.363636,3.438776,conformer
2026-09-18-3war-s0-n100-r8,3war,2026-09-18-3war-s0-n100-r8-0067,0.454545,3.484694,rigid
2026-09-18-3war-s0-n100-r8,3war,2026-09-18-3war-s0-n100-r8-0068,0.454545,3.530612,conformer
2026-09-18-3war-s0-n100-r8,3war,2026-09-18-3war-s0-n100-r8-0069,0.454545,3.576531,rigid
2026-09-18-3war-s0-n100-r8,3war,2026-09-18-3war-s0-n100-r8-0070,0.454545,3.622449,conformer
2026-09-18-3war-s0-n100-r8,3war,2026-09-18-3war-s0-n100-r8-0071,0.363636,3.668367,rigid
2026-09-18-3war-s0-n100-r8,3war,2026-09-18-3war-s0-n100-r8-0072,0.454545,3.714286,conformer
2026-09-18-3war-s0-n100-r8,3war,2026-09-18-3war-s0-n100-r8-0073,0.272727,3.760204,rigid
2026-09-18-3war-s0-n100-r8,3war,2026-09-18-3war-s0-n100-r8-0074,0.454545,3.806122,conformer
2026-09-18-3war-s0-n100-r8,3war,2026-09-18-3war-s0-n100-r8-0075,0.454545,3.852041,rigid
2026-09-18-3war-s0-n100-r8,3war,2026-09-18-3war-s0-n100-r8-0076,0.636364,3.897959,conformer
2026-09-18-3war-s0-n100-r8,3war,2026-09-18-3war-s0-n100-r8-0077,0.454545,3.943878,rigid
2026-09-18-3war-s0-n100-r8,3war,2026-09-18-3war-s0-n100-r8-0078,0.272727,3.989796,conformer
2026-09-18-3war-s0-n100-r8,3war,2026-09-18-3war-s0-n100-r8-0079,0.454545,4.035714,rigid
2026-09-18-3war-s0-n100-r8,3war,2026-09-18-3war-s0-n100-r8-0080,0.545455,4.081633,conformer
2026-09-18-3war-s0-n100-r8,3war,2026-09-18-3war-s0-n100-r8-0081,0.545455,4.127551,rigid
2026-09-18-3war-s0-n100-r8,3war,2026-09-18-3war-s0-n100-r8-0082,0.454545,4.173469,conformer
2026-09-18-3war-s0-n100-r8,3war,2026-09-18-3war-s0-n100-r8-0083,0.454545,4.219388,rigid
2026-09-18-3war-s0-n100-r8,3war,2026-09-18-3war-s0-n100-r8-0084,0.363636,4.265306,conformer
2026-09-18-3war-s0-n100-r8,3war,2026-09-18-3war-s0-n100-r8-0085,0.272727,4.311224,rigid
2026-09-18-3war-s0-n100-r8,3war,2026-09-18-3war-s0-n100-r8-0086,0.454545,4.357143,conformer
2026-09-18-3war-s0-n100-r8,3war,2026-09-18-3war-s0-n100-r8-0087,0.363636,4.403061,rigid
2026-09-18-3war-s0-n100-r8,3war,2026-09-18-3war-s0-n100-r8-0088,0.454545,4.44898,conformer
2026-09-18-3war-s0-n100-r8,3war,2026-09-18-3war-s0-n100-r8-0089,0.545455,4.494898,rigid
2026-09-18-3war-s0-n100-r8,3war,2026-09-18-3war-s0-n100-r8-0090,0.272727,4.540816,conformer
2026-09-18-3war-s0-n100-r8,3war,2026-09-18-3war-s0-n100-r8-0091,0.545455,4.586735,rigid
2026-09-18-3war-s0-n100-r8,3war,2026-09-18-3war-s0-n100-r8-0092,0.454545,4.632653,conformer
2026-09-18-3war-s0-n100-r8,3war,2026-09-18-3war-s0-n100-r8-0093,0.454545,4.678571,rigid
2026-09-18-3war-s0-n100-r8,3war,2026-09-18-3war-s0-n100-r8-0094,0.454545,4.72449,conformer
2026-09-18-3war-s0-n100-r8,3war,2026-09-18-3war-s0-n100-r8-0095,0.272727,4.770408,rigid
2026-09-18-3war-s0-n100-r8,3war,2026-09-18-3war-s0-n100-r8-0096,0.272727,4.816327,conformer
2026-09-18-3war-s0-n100-r8,3war,2026-09-18-3war-s0-n100-r8-0097,0.454545,4.862245,rigid
2026-09-18-3war-s0-n100-r9,3war,2026-09-18-3war-s0-n100-r9-0001,1.0,0.0,native
2026-09-18-3war-s0-n100-r9,3war,2026-09-18-3war-s0-n100-r9-0002,0.818182,0.5,conformer
2026-09-18-3war-s0-n100-r9,3war,2026-09-18-3war-s0-n100-r9-0003,0.818182,0.545918,rigid
2026-09-18-3war-s0-n100-r9,3war,2026-09-18-3war-s0-n100-r9-0004,0.909091,0.591837,conformer
2026-09-18-3war-s0-n100-r9,3war,2026-09-18-3war-s0-n100-r9-0005,0.818182,0.637755,rigid
2026-09-18-3war-s0-n100-r9,3war,2026-09-18-3war-s0-n100-r9-0006,0.818182,0.683673,conformer
2026-09-18-3war-s0-n100-r9,3war,2026-09-18-3war-s0-n100-r9-0007,1.0,0.729592,rigid
2026-09-18-3war-s0-n100-r9,3war,2026-09-18-3war-s0-n100-r9-0008,0.818182,0.77551,conformer
2026-09-18-3war-s0-n100-r9,3war,2026-09-18-3war-s0-n100-r9-0009,1.0,0.821429,rigid
2026-09-18-3war-s0-n100-r9,3war,2026-09-18-3war-s0-n100-r9-0010,0.727273,0.867347,conformer
2026-09-18-3war-s0-n100-r9,3war,2026-09-18-3war-s0-n100-r9-0011,1.0,0.913265,rigid
2026-09-18-3war-s0-n100-r9,3war,2026-09-18-3war-s0-n100-r9-0012,0.727273,0.959184,conformer
2026-09-18-3war-s0-n100-r9,3war,2026-09-18-3war-s0-n100-r9-0013,0.727273,1.005102,rigid
2026-09-18-3war-s0-n100-r9,3war,2026-09-18-3war-s0-n100-r9-0014,0.636364,1.05102,conformer
2026-09-18-3war-s0-n100-r9,3war,2026-09-18-3war-s0-n100-r9-0015,0.727273,1.096939,rigid
2026-09-18-3war-s0-n100-r9,3war,2026-09-18-3war-s0-n100-r9-0016,0.909091,1.142857,conformer
2026-09-18-3war-s0-n100-r9,3war,2026-09-18-3war-s0-n100-r9-0017,0.636364,1.188776,rigid
2026-09-18-3war-s0-n100-r9,3war,2026-09-18-3war-s0-n100-r9-0018,0.636364,1.234694,conformer
2026-09-18-3war-s0-n100-r9,3war,2026-09-18-3war-s0-n100-r9-0019,0.727273,1.280612,rigid
2026-09-18-3war-s0-n100-r9,3war,2026-09-18-3war-s0-n100-r9-0020,0.727273,1.326531,conformer
2026-09-18-3war-s0-n100-r9,3war,2026-09-18-3war-s0-n100-r9-0021,0.727273,1.372449,rigid
2026-09-18-3war-s0-n100-r9,3war,2026-09-18-3war-s0-n100-r9-0022,0.909091,1.418367,conformer
2026-09-18-3war-s0-n100-r9,3war,2026-09-18-3war-s0-n100-r9-0023,1.0,1.464286,rigid
2026-09-18-3war-s0-n100-r9,3war,2026-09-18-3war-s0-n100-r9-0024,0.909091,1.510204,conformer
2026-09-18-3war-s0-n100-r9,3war,2026-09-18-3war-s0-n100-r9-0025,0.818182,1.556122,rigid
2026-09-18-3war-s0-n100-r9,3war,2026-09-18-3war-s0-n100-r9-0026,0.636364,1.602041,conformer
2026-09-18-3war-s0-n100-r9,3war,2026-09-18-3war-s0-n100-r9-0027,0.727273,1.647959,rigid
2026-09-18-3war-s0-n100-r9,3war,2026-09-18-3war-s0-n100-r9-0028,0.545455,1.693878,conformer
2026-09-18-3war-s0-n100-r9,3war,2026-09-18-3war-s0-n100-r9-0029,0.454545,1.739796,rigid
2026-09-18-3war-s0-n100-r9,3war,2026-09-18-3war-s0-n100-r9-0030,0.545455,1.785714,conformer
2026-09-18-3war-s0-n100-r9,3war,2026-09-18-3war-s0-n100-r9-0031,0.545455,1.831633,rigid
2026-09-18-3war-s0-n100-r9,3war,2026-09-18-3war-s0-n100-r9-0032,0.818182,1.877551,conformer
2026-09-18-3war-s0-n100-r9,3war,2026-09-18-3war-s0-n100-r9-0033,0.818182,1.923469,rigid
2026-09-18-3war-s0-n100-r9,3war,2026-09-18-3war-s0-n100-r9-0034,0.454545,1.969388,conformer
2026-09-18-3war-s0-n100-r9,3war,2026-09-18-3war-s0-n100-r9-0035,0.818182,2.015306,rigid
2026-09-18-3war-s0-n100-r9,3war,2026-09-18-3war-s0-n100-r9-0036,0.454545,2.061224,conformer
2026-09-18-3war-s0-n100-r9,3war,2026-09-18-3war-s0-n100-r9-0037,0.545455,2.107143,rigid
2026-09-18-3war-s0-n100-r9,3war,2026-09-18-3war-s0-n100-r9-0038,0.727273,2.153061,conformer
2026-09-18-3war-s0-n100-r9,3war,2026-09-18-3war-s0-n100-r9-0039,0.727273,2.19898,rigid
2026-09-18-3war-s0-n100-r9,3war,2026-09-18-3war-s0-n100-r9-0040,0.545455,2.244898,conformer
2026-09-18-3war-s0-n100-r9,3war,2026-09-18-3war-s0-n100-r9-0041,0.545455,2.290816,rigid
2026-09-18-3war-s0-n100-r9,3war,2026-09-18-3war-s0-n100-r9-0042,0.363636,2.336735,conformer
2026-09-18-3war-s0-n100-r9,3war,2026-09-18-3war-s0-n100-r9-0043,0.454545,2.382653,rigid
2026-09-18-3war-s0-n100-r9,3war,2026-09-18-3war-s0-n100-r9-0044,0.636364,2.428571,conformer
2026-09-18-3war-s0-n100-r9,3war,2026-09-18-3war-s0-n100-r9-0045,0.454545,2.47449,rigid
2026-09-18-3war-s0-n100-r9,3war,2026-09-18-3war-s0-n100-r9-0046,0.545455,2.520408,conformer
2026-09-18-3war-s0-n100-r9,3war,2026-09-18-3war-s0-n100-r9-0047,0.727273,2.566327,rigid
2026-09-18-3war-s0-n100-r9,3war,2026-09-18-3war-s0-n100-r9-0048,0.545455,2.612245,conformer
2026-09-18-3war-s0-n100-r9,3war,2026-09-18-3war-s0-n100-r9-0049,0.636364,2.658163,rigid
2026-09-18-3war-s0-n100-r9,3war,2026-09-18-3war-s0-n100-r9-0050,0.545455,2.704082,conformer
2026-09-18-3war-s0-n100-r9,3war,2026-09-18-3war-s0-n100-r9-0051,0.545455,2.75,rigid
2026-09-18-3war-s0-n100-r9,3war,2026-09-18-3war-s0-n100-r9-0052,0.545455,2.795918,conformer
2026-09-18-3war-s0-n100-r9,3war,2026-09-18-3war-s0-n100-r9-0053,0.545455,2.841837,rigid
2026-09-18-3war-s0-n100-r9,3war,2026-09-18-3war-s0-n100-r9-0054,0.454545,2.887755,conformer
2026-09-18-3war-s0-n100-r9,3war,2026-09-18-3war-s0-n100-r9-0055,0.636364,2.933673,rigid
2026-09-18-3war-s0-n100-r9,3war,2026-09-18-3war-s0-n100-r9-0056,0.363636,2.979592,conformer
2026-09-18-3war-s0-n100-r9,3war,2026-09-18-3war-s0-n100-r9-0057,0.545455,3.02551,rigid
2026-09-18-3war-s0-n100-r9,3war,2026-09-18-3war-s0-n100-r9-0058,0.545455,3.071429,conformer
2026-09-18-3war-s0-n100-r9,3war,2026-09-18-3war-s0-n100-r9-0059,0.454545,3.117347,rigid
2026-09-18-3war-s0-n100-r9,3war,2026-09-18-3war-s0-n100-r9-0060,0.545455,3.163265,conformer
2026-09-18-3war-s0-n100-r9,3war,2026-09-18-3war-s0-n100-r9-0061,0.545455,3.209184,rigid
2026-09-18-3war-s0-n100-r9,3war,2026-09-18-3war-s0-n100-r9-0062,0.454545,3.255102,conformer
2026-09-18-3war-s0-n100-r9,3war,2026-09-18-3war-s0-n100-r9-0063,0.636364,3.30102,rigid
2026-09-18-3war-s0-n100-r9,3war,2026-09-18-3war-s0-n100-r9-0064,0.454545,3.346939,conformer
2026-09-18-3war-s0-n100-r9,3war,2026-09-18-3war-s0-n100-r9-0065,0.727273,3.392857,rigid
2026-09-18-3war-s0-n100-r9,3war,2026-09-18-3war-s0-n100-r9-0066,0.545455,3.438776,conformer
2026-09-18-3war-s0-n100-r9,3war,2026-09-18-3war-s0-n100-r9-0067,0.363636,3.484694,rigid
2026-09-18-3war-s0-n100-r9,3war,2026-09-18-3war-s0-n100-r9-0068,0.363636,3.530612,conformer
2026-09-18-3war-s0-n100-r9,3war,2026-09-18-3war-s0-n100-r9-0069,0.272727,3.576531,rigid
2026-09-18-3war-s0-n100-r9,3war,2026-09-18-3war-s0-n100-r9-0070,0.363636,3.622449,conformer
2026-09-18-3war-s0-n100-r9,3war,2026-09-18-3war-s0-n100-r9-0071,0.272727,3.668367,rigid
2026-09-18-3war-s0-n100-r9,3war,2026-09-18-3war-s0-n100-r9-0072,0.454545,3.714286,conformer
2026-09-18-3war-s0-n100-r9,3war,2026-09-18-3war-s0-n100-r9-0073,0.363636,3.760204,rigid
2026-09-18-3war-s0-n100-r9,3war,2026-09-18-3war-s0-n100-r9-0074,0.363636,3.806122,conformer
2026-09-18-3war-s0-n100-r9,3war,2026-09-18-3war-s0-n100-r9-0075,0.454545,3.852041,rigid
2026-09-18-3war-s0-n100-r9,3war,2026-09-18-3war-s0-n100-r9-0076,0.363636,3.897959,conformer
2026-09-18-3war-s0-n100-r9,3war,2026-09-18-3war-s0-n100-r9-0077,0.454545,3.943878,rigid
2026-09-18-3war-s0-n100-r9,3war,2026-09-18-3war-s0-n100-r9-0078,0.363636,3.989796,conformer
2026-09-18-3war-s0-n100-r9,3war,2026-09-18-3war-s0-n100-r9-0079,0.454545,4.035714,rigid
2026-09-18-3war-s0-n100-r9,3war,2026-09-18-3war-s0-n100-r9-0080,0.454545,4.081633,conformer
2026-09-18-3war-s0-n100-r9,3war,2026-09-18-3war-s0-n100-r9-0081,0.454545,4.127551,rigid
2026-09-18-3war-s0-n100-r9,3war,2026-09-18-3war-s0-n100-r9-0082,0.454545,4.173469,conformer
2026-09-18-3war-s0-n100-r9,3war,2026-09-18-3war-s0-n100-r9-0083,0.363636,4.219388,rigid
2026-09-18-3war-s0-n100-r9,3war,2026-09-18-3war-s0-n100-r9-0084,0.454545,4.265306,conformer
2026-09-18-3war-s0-n100-r9,3war,2026-09-18-3war-s0-n100-r9-0085,0.545455,4.311224,rigid
2026-09-18-3war-s0-n100-r9,3war,2026-09-18-3war-s0-n100-r9-0086,0.454545,4.357143,conformer
2026-09-18-3war-s0-n100-r9,3war,2026-09-18-3war-s0-n100-r9-0087,0.363636,4.403061,rigid
2026-09-18-3war-s0-n100-r9,3war,2026-09-18-3war-s0-n100-r9-0088,0.363636,4.44898,conformer
2026-09-18-3war-s0-n100-r9,3war,2026-09-18-3war-s0-n100-r9-0089,0.363636,4.494898,rigid
2026-09-18-3war-s0-n100-r9,3war,2026-09-18-3war-s0-n100-r9-0090,0.363636,4.540816,conformer
2026-09-18-3war-s0-n100-r9,3war,2026-09-18-3war-s0-n100-r9-0091,0.363636,4.586735,rigid
2026-09-18-3war-s0-n100-r9,3war,2026-09-18-3war-s0-n100-r9-0092,0.454545,4.632653,conformer
2026-09-18-3war-s0-n100-r9,3war,2026-09-18-3war-s0-n100-r9-0093,0.363636,4.678571,rigid
2026-09-18-3war-s0-n100-r9,3war,2026-09-18-3war-s0-n100-r9-0094,0.545455,4.72449,conformer
2026-09-18-3war-s0-n100-r9,3war,2026-09-18-3war-s0-n100-r9-0095,0.272727,4.770408,rigid
2026-09-18-3war-s0-n100-r9,3war,2026-09-18-3war-s0-n100-r9-0096,0.363636,4.816327,conformer
2026-09-18-6fnk-s0-n100-r1,6fnk,2026-09-18-6fnk-s0-n100-r1-0001,1.0,0.0,native
2026-09-18-6fnk-s0-n100-r1,6fnk,2026-09-18-6fnk-s0-n100-r1-0002,0.857143,0.5,conformer
2026-09-18-6fnk-s0-n100-r1,6fnk,2026-09-18-6fnk-s0-n100-r1-0003,0.928571,0.545918,rigid
2026-09-18-6fnk-s0-n100-r1,6fnk,2026-09-18-6fnk-s0-n100-r1-0004,0.857143,0.591837,conformer
2026-09-18-6fnk-s0-n100-r1,6fnk,2026-09-18-6fnk-s0-n100-r1-0005,0.857143,0.637755,rigid
2026-09-18-6fnk-s0-n100-r1,6fnk,2026-09-18-6fnk-s0-n100-r1-0006,0.857143,0.683673,conformer
2026-09-18-6fnk-s0-n100-r1,6fnk,2026-09-18-6fnk-s0-n100-r1-0007,0.642857,0.729592,rigid
2026-09-18-6fnk-s0-n100-r1,6fnk,2026-09-18-6fnk-s0-n100-r1-0008,0.785714,0.77551,conformer
2026-09-18-6fnk-s0-n100-r1,6fnk,2026-09-18-6fnk-s0-n100-r1-0009,0.785714,0.821429,rigid
2026-09-18-6fnk-s0-n100-r1,6fnk,2026-09-18-6fnk-s0-n100-r1-0010,0.714286,0.867347,conformer
2026-09-18-6fnk-s0-n100-r1,6fnk,2026-09-18-6fnk-s0-n100-r1-0011,0.714286,0.913265,rigid
2026-09-18-6fnk-s0-n100-r1,6fnk,2026-09-18-6fnk-s0-n100-r1-0012,0.785714,0.959184,conformer
2026-09-18-6fnk-s0-n100-r1,6fnk,2026-09-18-6fnk-s0-n100-r1-0013,0.571429,1.005102,rigid
2026-09-18-6fnk-s0-n100-r1,6fnk,2026-09-18-6fnk-s0-n100-r1-0014,0.714286,1.05102,conformer
2026-09-18-6fnk-s0-n100-r1,6fnk,2026-09-18-6fnk-s0-n100-r1-0015,0.571429,1.096939,rigid
2026-09-18-6fnk-s0-n100-r1,6fnk,2026-09-18-6fnk-s0-n100-r1-0016,0.714286,1.142857,conformer
2026-09-18-6fnk-s0-n100-r1,6fnk,2026-09-18-6fnk-s0-n100-r1-0017,0.714286,1.188776,rigid
2026-09-18-6fnk-s0-n100-r1,6fnk,2026-09-18-6fnk-s0-n100-r1-0018,0.928571,1.234694,conformer
2026-09-18-6fnk-s0-n100-r1,6fnk,2026-09-18-6fnk-s0-n100-r1-0019,0.642857,1.280612,rigid
2026-09-18-6fnk-s0-n100-r1,6fnk,2026-09-18-6fnk-s0-n100-r1-0020,0.714286,1.326531,conformer
2026-09-18-6fnk-s0-n100-r1,6fnk,2026-09-18-6fnk-s0-n100-r1-0021,0.5,1.372449,rigid
2026-09-18-6fnk-s0-n100-r1,6fnk,2026-09-18-6fnk-s0-n100-r1-0022,0.642857,1.418367,conformer
2026-09-18-6fnk-s0-n100-r1,6fnk,2026-09-18-6fnk-s0-n100-r1-0023,0.5,1.464286,rigid
2026-09-18-6fnk-s0-n100-r1,6fnk,2026-09-18-6fnk-s0-n100-r1-0024,0.714286,1.510204,conformer
2026-09-18-6fnk-s0-n100-r1,6fnk,2026-09-18-6fnk-s0-n100-r1-0025,0.642857,1.556122,rigid
2026-09-18-6fnk-s0-n100-r1,6fnk,2026-09-18-6fnk-s0-n100-r1-0026,0.714286,1.602041,conformer
2026-09-18-6fnk-s0-n100-r1,6fnk,2026-09-18-6fnk-s0-n100-r1-0027,0.642857,1.647959,rigid
2026-09-18-6fnk-s0-n100-r1,6fnk,2026-09-18-6fnk-s0-n100-r1-0028,0.642857,1.693878,conformer
2026-09-18-6fnk-s0-n100-r1,6fnk,2026-09-18-6fnk-s0-n100-r1-0029,0.5,1.739796,rigid
2026-09-18-6fnk-s0-n100-r1,6fnk,2026-09-18-6fnk-s0-n100-r1-0030,0.642857,1.785714,conformer
2026-09-18-6fnk-s0-n100-r1,6fnk,2026-09-18-6fnk-s0-n100-r1-0031,0.5,1.831633,rigid
2026-09-18-6fnk-s0-n100-r1,6fnk,2026-09-18-6fnk-s0-n100-r1-0032,0.571429,1.877551,conformer
2026-09-18-6fnk-s0-n100-r1,6fnk,2026-09-18-6fnk-s0-n100-r1-0033,0.571429,1.923469,rigid
2026-09-18-6fnk-s0-n100-r1,6fnk,2026-09-18-6fnk-s0-n100-r1-0034,0.5,1.969388,conformer
2026-09-18-6fnk-s0-n100-r1,6fnk,2026-09-18-6fnk-s0-n100-r1-0035,0.5,2.015306,rigid
2026-09-18-6fnk-s0-n100-r1,6fnk,2026-09-18-6fnk-s0-n100-r1-0036,0.357143,2.061224,conformer
2026-09-18-6fnk-s0-n100-r1,6fnk,2026-09-18-6fnk-s0-n100-r1-0037,0.428571,2.107143,rigid
2026-09-18-6fnk-s0-n100-r1,6fnk,2026-09-18-6fnk-s0-n100-r1-0038,0.571429,2.153061,conformer
2026-09-18-6fnk-s0-n100-r1,6fnk,2026-09-18-6fnk-s0-n100-r1-0039,0.571429,2.19898,rigid
2026-09-18-6fnk-s0-n100-r1,6fnk,2026-09-18-6fnk-s0-n100-r1-0040,0.5,2.244898,conformer
2026-09-18-6fnk-s0-n100-r1,6fnk,2026-09-18-6fnk-s0-n100-r1-0041,0.428571,2.290816,rigid
2026-09-18-6fnk-s0-n100-r1,6fnk,2026-09-18-6fnk-s0-n100-r1-0042,0.428571,2.336735,conformer
2026-09-18-6fnk-s0-n100-r1,6fnk,2026-09-18-6fnk-s0-n100-r1-0043,0.357143,2.382653,rigid
2026-09-18-6fnk-s0-n100-r1,6fnk,2026-09-18-6fnk-s0-n100-r1-0044,0.428571,2.428571,conformer
2026-09-18-6fnk-s0-n100-r1,6fnk,2026-09-18-6fnk-s0-n100-r1-0045,0.428571,2.47449,rigid
2026-09-18-6fnk-s0-n100-r1,6fnk,2026-09-18-6fnk-s0-n100-r1-0046,0.5,2.520408,conformer
2026-09-18-6fnk-s0-n100-r1,6fnk,2026-09-18-6fnk-s0-n100-r1-0047,0.428571,2.566327,rigid
2026-09-18-6fnk-s0-n100-r1,6fnk,2026-09-18-6fnk-s0-n100-r1-0048,0.642857,2.612245,conformer
2026-09-18-6fnk-s0-n100-r1,6fnk,2026-09-18-6fnk-s0-n100-r1-0049,0.428571,2.658163,rigid
2026-09-18-6fnk-s0-n100-r1,6fnk,2026-09-18-6fnk-s0-n100-r1-0050,0.571429,2.704082,conformer
2026-09-18-6fnk-s0-n100-r1,6fnk,2026-09-18-6fnk-s0-n100-r1-0051,0.5,2.75,rigid
2026-09-18-6fnk-s0-n100-r1,6fnk,2026-09-18-6fnk-s0-n100-r1-0052,0.357143,2.795918,conformer
2026-09-18-6fnk-s0-n100-r1,6fnk,2026-09-18-6fnk-s0-n100-r1-0053,0.5,2.841837,rigid
2026-09-18-6fnk-s0-n100-r1,6fnk,2026-09-18-6fnk-s0-n100-r1-0054,0.571429,2.887755,conformer
2026-09-18-6fnk-s0-n100-r1,6fnk,2026-09-18-6fnk-s0-n100-r1-0055,0.5,2.933673,rigid
2026-09-18-6fnk-s0-n100-r1,6fnk,2026-09-18-6fnk-s0-n100-r1-0056,0.5,2.979592,conformer
2026-09-18-6fnk-s0-n100-r1,6fnk,2026-09-18-6fnk-s0-n100-r1-0057,0.357143,3.02551,rigid
2026-09-18-6fnk-s0-n100-r1,6fnk,2026-09-18-6fnk-s0-n100-r1-0058,0.5,3.071429,conformer
2026-09-18-6fnk-s0-n100-r1,6fnk,2026-09-18-6fnk-s0-n100-r1-0059,0.5,3.117347,rigid
2026-09-18-6fnk-s0-n100-r1,6fnk,2026-09-18-6fnk-s0-n100-r1-0060,0.428571,3.163265,conformer
2026-09-18-6fnk-s0-n100-r1,6fnk,2026-09-18-6fnk-s0-n100-r1-0061,0.357143,3.209184,rigid
2026-09-18-6fnk-s0-n100-r1,6fnk,2026-09-18-6fnk-s0-n100-r1-0062,0.357143,3.255102,conformer
2026-09-18-6fnk-s0-n100-r1,6fnk,2026-09-18-6fnk-s0-n100-r1-0063,0.428571,3.30102,rigid
2026-09-18-6fnk-s0-n100-r1,6fnk,2026-09-18-6fnk-s0-n100-r1-0064,0.5,3.346939,conformer
2026-09-18-6fnk-s0-n100-r1,6fnk,2026-09-18-6fnk-s0-n100-r1-0065,0.428571,3.392857,rigid
2026-09-18-6fnk-s0-n100-r1,6fnk,2026-09-18-6fnk-s0-n100-r1-0066,0.5,3.438776,conformer
2026-09-18-6fnk-s0-n100-r1,6fnk,2026-09-18-6fnk-s0-n100-r1-0067,0.428571,3.484694,rigid
2026-09-18-6fnk-s0-n100-r1,6fnk,2026-09-18-6fnk-s0-n100-r1-0068,0.428571,3.530612,conformer
2026-09-18-6fnk-s0-n100-r1,6fnk,2026-09-18-6fnk-s0-n100-r1-0069,0.5,3.576531,rigid
2026-09-18-6fnk-s0-n100-r1,6fnk,2026-09-18-6fnk-s0-n100-r1-0070,0.428571,3.622449,conformer
2026-09-18-6fnk-s0-n100-r1,6fnk,2026-09-18-6fnk-s0-n100-r1-0071,0.5,3.668367,rigid
2026-09-18-6fnk-s0-n100-r1,6fnk,2026-09-18-6fnk-s0-n100-r1-0072,0.571429,3.714286,conformer
2026-09-18-6fnk-s0-n100-r1,6fnk,2026-09-18-6fnk-s0-n100-r1-0073,0.357143,3.760204,rigid
2026-09-18-6fnk-s0-n100-r1,6fnk,2026-09-18-6fnk-s0-n100-r1-0074,0.5,3.806122,conformer
2026-09-18-6fnk-s0-n100-r1,6fnk,2026-09-18-6fnk-s0-n100-r1-0075,0.285714,3.852041,rigid
2026-09-18-6fnk-s0-n100-r1,6fnk,2026-09-18-6fnk-s0-n100-r1-0076,0.357143,3.897959,conformer
2026-09-18-6fnk-s0-n100-r1,6fnk,2026-09-18-6fnk-s0-n100-r1-0077,0.428571,3.943878,rigid
2026-09-18-6fnk-s0-n100-r1,6fnk,2026-09-18-6fnk-s0-n100-r1-0078,0.428571,3.989796,conformer
2026-09-18-6fnk-s0-n100-r1,6fnk,2026-09-18-6fnk-s0-n100-r1-0079,0.571429,4.035714,rigid
2026-09-18-6fnk-s0-n100-r1,6fnk,2026-09-18-6fnk-s0-n100-r1-0080,0.571429,4.081633,conformer
2026-09-18-6fnk-s0-n100-r1,6fnk,2026-09-18-6fnk-s0-n100-r1-0081,0.428571,4.127551,rigid
2026-09-18-6fnk-s0-n100-r1,6fnk,2026-09-18-6fnk-s0-n100-r1-0082,0.357143,4.173469,conformer
2026-09-18-6fnk-s0-n100-r1,6fnk,2026-09-18-6fnk-s0-n100-r1-0083,0.357143,4.219388,rigid
2026-09-18-6fnk-s0-n100-r1,6fnk,2026-09-18-6fnk-s0-n100-r1-0084,0.428571,4.265306,conformer
2026-09-18-6fnk-s0-n100-r1,6fnk,2026-09-18-6fnk-s0-n100-r1-0085,0.571429,4.311224,rigid
2026-09-18-6fnk-s0-n100-r1,6fnk,2026-09-18-6fnk-s0-n100-r1-0086,0.357143,4.357143,conformer
2026-09-18-6fnk-s0-n100-r1,6fnk,2026-09-18-6fnk-s0-n100-r1-0087,0.357143,4.403061,rigid
2026-09-18-6fnk-s0-n100-r1,6fnk,2026-09-18-6fnk-s0-n100-r1-0088,0.5,4.44898,conformer
2026-09-18-6fnk-s0-n100-r1,6fnk,2026-09-18-6fnk-s0-n100-r1-0089,0.571429,4.494898,rigid
2026-09-18-6fnk-s0-n100-r1,6fnk,2026-09-18-6fnk-s0-n100-r1-0090,0.428571,4.540816,conformer
2026-09-18-6fnk-s0-n100-r1,6fnk,2026-09-18-6fnk-s0-n100-r1-0091,0.5,4.586735,rigid
2026-09-18-6fnk-s0-n100-r1,6fnk,2026-09-18-6fnk-s0-n100-r1-0092,0.5,4.632653,conformer
2026-09-18-6fnk-s0-n100-r1,6fnk,2026-09-18-6fnk-s0-n100-r1-0093,0.571429,4.678571,rigid
2026-09-18-6fnk-s0-n100-r1,6fnk,2026-09-18-6fnk-s0-n100-r1-0094,0.214286,4.72449,conformer
2026-09-18-6fnk-s0-n100-r1,6fnk,2026-09-18-6fnk-s0-n100-r1-0095,0.357143,4.770408,rigid
2026-09-18-6fnk-s0-n100-r1,6fnk,2026-09-18-6fnk-s0-n100-r1-0096,0.357143,4.816327,conformer
2026-09-18-6fnk-s0-n100-r1,6fnk,2026-09-18-6fnk-s0-n100-r1-0097,0.357143,4.862245,rigid
2026-09-18-6fnk-s0-n100-r1,6fnk,2026-09-18-6fnk-s0-n100-r1-0098,0.142857,4.908163,conformer
2026-09-18-6fnk-s0-n100-r1,6fnk,2026-09-18-6fnk-s0-n100-r1-0099,0.642857,4.954082,rigid
2026-09-18-6fnk-s0-n100-r1,6fnk,2026-09-18-6fnk-s0-n100-r1-0100,0.285714,5.0,conformer
2026-09-18-6fnk-s0-n100-r2,6fnk,2026-09-18-6fnk-s0-n100-r2-0001,1.0,0.0,native
2026-09-18-6fnk-s0-n100-r2,6fnk,2026-09-18-6fnk-s0-n100-r2-0002,0.785714,0.5,conformer
2026-09-18-6fnk-s0-n100-r2,6fnk,2026-09-18-6fnk-s0-n100-r2-0003,0.785714,0.545918,rigid
2026-09-18-6fnk-s0-n100-r2,6fnk,2026-09-18-6fnk-s0-n100-r2-0004,0.785714,0.591837,conformer
2026-09-18-6fnk-s0-n100-r2,6fnk,2026-09-18-6fnk-s0-n100-r2-0005,0.785714,0.637755,rigid
2026-09-18-6fnk-s0-n100-r2,6fnk,2026-09-18-6fnk-s0-n100-r2-0006,0.928571,0.683673,conformer
2026-09-18-6fnk-s0-n100-r2,6fnk,2026-09-18-6fnk-s0-n100-r2-0007,0.857143,0.729592,rigid
2026-09-18-6fnk-s0-n100-r2,6fnk,2026-09-18-6fnk-s0-n100-r2-0008,0.785714,0.77551,conformer
2026-09-18-6fnk-s0-n100-r2,6fnk,2026-09-18-6fnk-s0-n100-r2-0009,0.5,0.821429,rigid
2026-09-18-6fnk-s0-n100-r2,6fnk,2026-09-18-6fnk-s0-n100-r2-0010,0.714286,0.867347,conformer
2026-09-18-6fnk-s0-n100-r2,6fnk,2026-09-18-6fnk-s0-n100-r2-0011,0.714286,0.913265,rigid
2026-09-18-6fnk-s0-n100-r2,6fnk,2026-09-18-6fnk-s0-n100-r2-0012,0.5,0.959184,conformer
2026-09-18-6fnk-s0-n100-r2,6fnk,2026-09-18-6fnk-s0-n100-r2-0013,0.642857,1.005102,rigid
2026-09-18-6fnk-s0-n100-r2,6fnk,2026-09-18-6fnk-s0-n100-r2-0014,0.642857,1.05102,conformer
2026-09-18-6fnk-s0-n100-r2,6fnk,2026-09-18-6fnk-s0-n100-r2-0015,0.571429,1.096939,rigid
2026-09-18-6fnk-s0-n100-r2,6fnk,2026-09-18-6fnk-s0-n100-r2-0016,0.785714,1.142857,conformer
2026-09-18-6fnk-s0-n100-r2,6fnk,2026-09-18-6fnk-s0-n100-r2-0017,0.5,1.188776,rigid
2026-09-18-6fnk-s0-n100-r2,6fnk,2026-09-18-6fnk-s0-n100-r2-0018,1.0,1.234694,conformer
2026-09-18-6fnk-s0-n100-r2,6fnk,2026-09-18-6fnk-s0-n100-r2-0019,0.5,1.280612,rigid
2026-09-18-6fnk-s0-n100-r2,6fnk,2026-09-18-6fnk-s0-n100-r2-0020,0.785714,1.326531,conformer
2026-09-18-6fnk-s0-n100-r2,6fnk,2026-09-18-6fnk-s0-n100-r2-0021,0.785714,1.372449,rigid
2026-09-18-6fnk-s0-n100-r2,6fnk,2026-09-18-6fnk-s0-n100-r2-0022,0.642857,1.418367,conformer
2026-09-18-6fnk-s0-n100-r2,6fnk,2026-09-18-6fnk-s0-n100-r2-0023,0.714286,1.464286,rigid
2026-09-18-6fnk-s0-n100-r2,6fnk,2026-09-18-6fnk-s0-n100-r2-0024,0.714286,1.510204,conformer
2026-09-18-6fnk-s0-n100-r2,6fnk,2026-09-18-6fnk-s0-n100-r2-0025,0.571429,1.556122,rigid
2026-09-18-6fnk-s0-n100-r2,6fnk,2026-09-18-6fnk-s0-n100-r2-0026,0.714286,1.602041,conformer
2026-09-18-6fnk-s0-n100-r2,6fnk,2026-09-18-6fnk-s0-n100-r2-0027,0.428571,1.647959,rigid
2026-09-18-6fnk-s0-n100-r2,6fnk,2026-09-18-6fnk-s0-n100-r2-0028,0.714286,1.693878,conformer
2026-09-18-6fnk-s0-n100-r2,6fnk,2026-09-18-6fnk-s0-n100-r2-0029,0.571429,1.739796,rigid
2026-09-18-6fnk-s0-n100-r2,6fnk,2026-09-18-6fnk-s0-n100-r2-0030,0.571429,1.785714,conformer
2026-09-18-6fnk-s0-n100-r2,6fnk,2026-09-18-6fnk-s0-n100-r2-0031,0.642857,1.831633,rigid
2026-09-18-6fnk-s0-n100-r2,6fnk,2026-09-18-6fnk-s0-n100-r2-0032,0.642857,1.877551,conformer
2026-09-18-6fnk-s0-n100-r2,6fnk,2026-09-18-6fnk-s0-n100-r2-0033,0.428571,1.923469,rigid
2026-09-18-6fnk-s0-n100-r2,6fnk,2026-09-18-6fnk-s0-n100-r2-0034,0.428571,1.969388,conformer
2026-09-18-6fnk-s0-n100-r2,6fnk,2026-09-18-6fnk-s0-n100-r2-0035,0.5,2.015306,rigid
2026-09-18-6fnk-s0-n100-r2,6fnk,2026-09-18-6fnk-s0-n100-r2-0036,0.642857,2.061224,conformer
2026-09-18-6fnk-s0-n100-r2,6fnk,2026-09-18-6fnk-s0-n100-r2-0037,0.571429,2.107143,rigid
2026-09-18-6fnk-s0-n100-r2,6fnk,2026-09-18-6fnk-s0-n100-r2-0038,0.642857,2.153061,conformer
2026-09-18-6fnk-s0-n100-r2,6fnk,2026-09-18-6fnk-s0-n100-r2-0039,0.357143,2.19898,rigid
2026-09-18-6fnk-s0-n100-r2,6fnk,2026-09-18-6fnk-s0-n100-r2-0040,0.5,2.244898,conformer
2026-09-18-6fnk-s0-n100-r2,6fnk,2026-09-18-6fnk-s0-n100-r2-0041,0.571429,2.290816,rigid
2026-09-18-6fnk-s0-n100-r2,6fnk,2026-09-18-6fnk-s0-n100-r2-0042,0.714286,2.336735,conformer
2026-09-18-6fnk-s0-n100-r2,6fnk,2026-09-18-6fnk-s0-n100-r2-0043,0.714286,2.382653,rigid
2026-09-18-6fnk-s0-n100-r2,6fnk,2026-09-18-6fnk-s0-n100-r2-0044,0.5,2.428571,conformer
2026-09-18-6fnk-s0-n100-r2,6fnk,2026-09-18-6fnk-s0-n100-r2-0045,0.571429,2.47449,rigid
2026-09-18-6fnk-s0-n100-r2,6fnk,2026-09-18-6fnk-s0-n100-r2-0046,0.571429,2.520408,conformer
2026-09-18-6fnk-s0-n100-r2,6fnk,2026-09-18-6fnk-s0-n100-r2-0047,0.5,2.566327,rigid
2026-09-18-6fnk-s0-n100-r2,6fnk,2026-09-18-6fnk-s0-n100-r2-0048,0.571429,2.612245,conformer
2026-09-18-6fnk-s0-n100-r2,6fnk,2026-09-18-6fnk-s0-n100-r2-0049,0.5,2.658163,rigid
2026-09-18-6fnk-s0-n100-r2,6fnk,2026-09-18-6fnk-s0-n100-r2-0050,0.428571,2.704082,conformer
2026-09-18-6fnk-s0-n100-r2,6fnk,2026-09-18-6fnk-s0-n100-r2-0051,0.5,2.75,rigid
2026-09-18-6fnk-s0-n100-r2,6fnk,2026-09-18-6fnk-s0-n100-r2-0052,0.5,2.795918,conformer
2026-09-18-6fnk-s0-n100-r2,6fnk,2026-09-18-6fnk-s0-n100-r2-0053,0.642857,2.841837,rigid
2026-09-18-6fnk-s0-n100-r2,6fnk,2026-09-18-6fnk-s0-n100-r2-0054,0.5,2.887755,conformer
2026-09-18-6fnk-s0-n100-r2,6fnk,2026-09-18-6fnk-s0-n100-r2-0055,0.357143,2.933673,rigid
2026-09-18-6fnk-s0-n100-r2,6fnk,2026-09-18-6fnk-s0-n100-r2-0056,0.428571,2.979592,conformer
2026-09-18-6fnk-s0-n100-r2,6fnk,2026-09-18-6fnk-s0-n100-r2-0057,0.571429,3.02551,rigid
2026-09-18-6fnk-s0-n100-r2,6fnk,2026-09-18-6fnk-s0-n100-r2-0058,0.5,3.071429,conformer
2026-09-18-6fnk-s0-n100-r2,6fnk,2026-09-18-6fnk-s0-n100-r2-0059,0.5,3.117347,rigid
2026-09-18-6fnk-s0-n100-r2,6fnk,2026-09-18-6fnk-s0-n100-r2-0060,0.428571,3.163265,conformer
2026-09-18-6fnk-s0-n100-r2,6fnk,2026-09-18-6fnk-s0-n100-r2-0061,0.5,3.209184,rigid
2026-09-18-6fnk-s0-n100-r2,6fnk,2026-09-18-6fnk-s0-n100-r2-0062,0.357143,3.255102,conformer
2026-09-18-6fnk-s0-n100-r2,6fnk,2026-09-18-6fnk-s0-n100-r2-0063,0.571429,3.30102,rigid
2026-09-18-6fnk-s0-n100-r2,6fnk,2026-09-18-6fnk-s0-n100-r2-0064,0.428571,3.346939,conformer
2026-09-18-6fnk-s0-n100-r2,6fnk,2026-09-18-6fnk-s0-n100-r2-0065,0.571429,3.392857,rigid
2026-09-18-6fnk-s0-n100-r2,6fnk,2026-09-18-6fnk-s0-n100-r2-0066,0.428571,3.438776,conformer
2026-09-18-6fnk-s0-n100-r2,6fnk,2026-09-18-6fnk-s0-n100-r2-0067,0.428571,3.484694,rigid
2026-09-18-6fnk-s0-n100-r2,6fnk,2026-09-18-6fnk-s0-n100-r2-0068,0.5,3.530612,conformer
2026-09-18-6fnk-s0-n100-r2,6fnk,2026-09-18-6fnk-s0-n100-r2-0069,0.357143,3.576531,rigid
2026-09-18-6fnk-s0-n100-r2,6fnk,2026-09-18-6fnk-s0-n100-r2-0070,0.428571,3.622449,conformer
2026-09-18-6fnk-s0-n100-r2,6fnk,2026-09-18-6fnk-s0-n100-r2-0071,0.5,3.668367,rigid
2026-09-18-6fnk-s0-n100-r2,6fnk,2026-09-18-6fnk-s0-n100-r2-0072,0.357143,3.714286,conformer
2026-09-18-6fnk-s0-n100-r2,6fnk,2026-09-18-6fnk-s0-n100-r2-0073,0.428571,3.760204,rigid
2026-09-18-6fnk-s0-n100-r2,6fnk,2026-09-18-6fnk-s0-n100-r2-0074,0.428571,3.806122,conformer
2026-09-18-6fnk-s0-n100-r2,6fnk,2026-09-18-6fnk-s0-n100-r2-0075,0.5,3.852041,rigid
2026-09-18-6fnk-s0-n100-r2,6fnk,2026-09-18-6fnk-s0-n100-r2-0076,0.357143,3.897959,conformer
2026-09-18-6fnk-s0-n100-r2,6fnk,2026-09-18-6fnk-s0-n100-r2-0077,0.5,3.943878,rigid
2026-09-18-6fnk-s0-n100-r2,6fnk,2026-09-18-6fnk-s0-n100-r2-0078,0.5,3.989796,conformer
2026-09-18-6fnk-s0-n100-r2,6fnk,2026-09-18-6fnk-s0-n100-r2-0079,0.428571,4.035714,rigid
2026-09-18-6fnk-s0-n100-r2,6fnk,2026-09-18-6fnk-s0-n100-r2-0080,0.285714,4.081633,conformer
2026-09-18-6fnk-s0-n100-r2,6fnk,2026-09-18-6fnk-s0-n100-r2-0081,0.285714,4.127551,rigid
2026-09-18-6fnk-s0-n100-r2,6fnk,2026-09-18-6fnk-s0-n100-r2-0082,0.357143,4.173469,conformer
2026-09-18-6fnk-s0-n100-r2,6fnk,2026-09-18-6fnk-s0-n100-r2-0083,0.285714,4.219388,rigid
2026-09-18-6fnk-s0-n100-r2,6fnk,2026-09-18-6fnk-s0-n100-r2-0084,0.571429,4.265306,conformer
2026-09-18-6fnk-s0-n100-r2,6fnk,2026-09-18-6fnk-s0-n100-r2-0085,0.285714,4.311224,rigid
2026-09-18-6fnk-s0-n100-r2,6fnk,2026-09-18-6fnk-s0-n100-r2-0086,0.357143,4.357143,conformer
2026-09-18-6fnk-s0-n100-r2,6fnk,2026-09-18-6fnk-s0-n100-r2-0087,0.285714,4.403061,rigid
2026-09-18-6fnk-s0-n100-r2,6fnk,2026-09-18-6fnk-s0-n100-r2-0088,0.428571,4.44898,conformer
2026-09-18-6fnk-s0-n100-r2,6fnk,2026-09-18-6fnk-s0-n100-r2-0089,0.357143,4.494898,rigid
2026-09-18-6fnk-s0-n100-r2,6fnk,2026-09-18-6fnk-s0-n100-r2-0090,0.428571,4.540816,conformer
2026-09-18-6fnk-s0-n100-r2,6fnk,2026-09-18-6fnk-s0-n100-r2-0091,0.571429,4.586735,rigid
2026-09-18-6fnk-s0-n100-r2,6fnk,2026-09-18-6fnk-s0-n100-r2-0092,0.428571,4.632653,conformer
2026-09-18-6fnk-s0-n100-r2,6fnk,2026-09-18-6fnk-s0-n100-r2-0093,0.357143,4.678571,rigid
2026-09-18-6fnk-s0-n100-r2,6fnk,2026-09-18-6fnk-s0-n100-r2-0094,0.357143,4.72449,conformer
2026-09-18-6fnk-s0-n100-r2,6fnk,2026-09-18-6fnk-s0-n100-r2-0095,0.428571,4.770408,rigid
2026-09-18-6fnk-s0-n100-r2,6fnk,2026-09-18-6fnk-s0-n100-r2-0096,0.285714,4.816327,conformer
2026-09-18-6fnk-s0-n100-r2,6fnk,2026-09-18-6fnk-s0-n100-r2-0097,0.571429,4.862245,rigid
2026-09-18-6fnk-s0-n100-r2,6fnk,2026-09-18-6fnk-s0-n100-r2-0098,0.428571,4.908163,conformer
2026-09-18-6fnk-s0-n100-r2,6fnk,2026-09-18-6fnk-s0-n100-r2-0099,0.285714,4.954082,rigid
2026-09-18-6fnk-s0-n100-r2,6fnk,2026-09-18-6fnk-s0-n100-r2-0100,0.214286,5.0,conformer
2026-09-18-6fnk-s0-n100-r3,6fnk,2026-09-18-6fnk-s0-n100-r3-0001,1.0,0.0,native
2026-09-18-6fnk-s0-n100-r3,6fnk,2026-09-18-6fnk-s0-n100-r3-0002,0.857143,0.5,conformer
2026-09-18-6fnk-s0-n100-r3,6fnk,2026-09-18-6fnk-s0-n100-r3-0003,0.785714,0.545918,rigid
2026-09-18-6fnk-s0-n100-r3,6fnk,2026-09-18-6fnk-s0-n100-r3-0004,0.928571,0.591837,conformer
2026-09-18-6fnk-s0-n100-r3,6fnk,2026-09-18-6fnk-s0-n100-r3-0005,0.785714,0.637755,rigid
2026-09-18-6fnk-s0-n100-r3,6fnk,2026-09-18-6fnk-s0-n100-r3-0006,0.928571,0.683673,conformer
2026-09-18-6fnk-s0-n100-r3,6fnk,2026-09-18-6fnk-s0-n100-r3-0007,0.857143,0.729592,rigid
2026-09-18-6fnk-s0-n100-r3,6fnk,2026-09-18-6fnk-s0-n100-r3-0008,0.714286,0.77551,conformer
2026-09-18-6fnk-s0-n100-r3,6fnk,2026-09-18-6fnk-s0-n100-r3-0009,0.785714,0.821429,rigid
2026-09-18-6fnk-s0-n100-r3,6fnk,2026-09-18-6fnk-s0-n100-r3-0010,0.714286,0.867347,conformer
2026-09-18-6fnk-s0-n100-r3,6fnk,2026-09-18-6fnk-s0-n100-r3-0011,0.714286,0.913265,rigid
2026-09-18-6fnk-s0-n100-r3,6fnk,2026-09-18-6fnk-s0-n100-r3-0012,0.857143,0.959184,conformer
2026-09-18-6fnk-s0-n100-r3,6fnk,2026-09-18-6fnk-s0-n100-r3-0013,0.642857,1.005102,rigid
2026-09-18-6fnk-s0-n100-r3,6fnk,2026-09-18-6fnk-s0-n100-r3-0014,0.785714,1.05102,conformer
2026-09-18-6fnk-s0-n100-r3,6fnk,2026-09-18-6fnk-s0-n100-r3-0015,0.571429,1.096939,rigid
2026-09-18-6fnk-s0-n100-r3,6fnk,2026-09-18-6fnk-s0-n100-r3-0016,0.857143,1.142857,conformer
2026-09-18-6fnk-s0-n100-r3,6fnk,2026-09-18-6fnk-s0-n100-r3-0017,0.642857,1.188776,rigid
2026-09-18-6fnk-s0-n100-r3,6fnk,2026-09-18-6fnk-s0-n100-r3-0018,0.857143,1.234694,conformer
2026-09-18-6fnk-s0-n100-r3,6fnk,2026-09-18-6fnk-s0-n100-r3-0019,0.785714,1.280612,rigid
2026-09-18-6fnk-s0-n100-r3,6fnk,2026-09-18-6fnk-s0-n100-r3-0020,0.642857,1.326531,conformer
2026-09-18-6fnk-s0-n100-r3,6fnk,2026-09-18-6fnk-s0-n100-r3-0021,0.642857,1.372449,rigid
2026-09-18-6fnk-s0-n100-r3,6fnk,2026-09-18-6fnk-s0-n100-r3-0022,0.714286,1.418367,conformer
2026-09-18-6fnk-s0-n100-r3,6fnk,2026-09-18-6fnk-s0-n100-r3-0023,0.571429,1.464286,rigid
2026-09-18-6fnk-s0-n100-r3,6fnk,2026-09-18-6fnk-s0-n100-r3-0024,0.785714,1.510204,conformer
2026-09-18-6fnk-s0-n100-r3,6fnk,2026-09-18-6fnk-s0-n100-r3-0025,0.642857,1.556122,rigid
2026-09-18-6fnk-s0-n100-r3,6fnk,2026-09-18-6fnk-s0-n100-r3-0026,0.571429,1.602041,conformer
2026-09-18-6fnk-s0-n100-r3,6fnk,2026-09-18-6fnk-s0-n100-r3-0027,0.571429,1.647959,rigid
2026-09-18-6fnk-s0-n100-r3,6fnk,2026-09-18-6fnk-s0-n100-r3-0028,0.714286,1.693878,conformer
2026-09-18-6fnk-s0-n100-r3,6fnk,2026-09-18-6fnk-s0-n100-r3-0029,0.571429,1.739796,rigid
2026-09-18-6fnk-s0-n100-r3,6fnk,2026-09-18-6fnk-s0-n100-r3-0030,0.5,1.785714,conformer
2026-09-18-6fnk-s0-n100-r3,6fnk,2026-09-18-6fnk-s0-n100-r3-0031,0.571429,1.831633,rigid
2026-09-18-6fnk-s0-n100-r3,6fnk,2026-09-18-6fnk-s0-n100-r3-0032,0.428571,1.877551,conformer
2026-09-18-6fnk-s0-n100-r3,6fnk,2026-09-18-6fnk-s0-n100-r3-0033,0.714286,1.923469,rigid
2026-09-18-6fnk-s0-n100-r3,6fnk,2026-09-18-6fnk-s0-n100-r3-0034,0.357143,1.969388,conformer
2026-09-18-6fnk-s0-n100-r3,6fnk,2026-09-18-6fnk-s0-n100-r3-0035,0.571429,2.015306,rigid
2026-09-18-6fnk-s0-n100-r3,6fnk,2026-09-18-6fnk-s0-n100-r3-0036,0.428571,2.061224,conformer
2026-09-18-6fnk-s0-n100-r3,6fnk,2026-09-18-6fnk-s0-n100-r3-0037,0.642857,2.107143,rigid
2026-09-18-6fnk-s0-n100-r3,6fnk,2026-09-18-6fnk-s0-n100-r3-0038,0.5,2.153061,conformer
2026-09-18-6fnk-s0-n100-r3,6fnk,2026-09-18-6fnk-s0-n100-r3-0039,0.428571,2.19898,rigid
2026-09-18-6fnk-s0-n100-r3,6fnk,2026-09-18-6fnk-s0-n100-r3-0040,0.571429,2.244898,conformer
2026-09-18-6fnk-s0-n100-r3,6fnk,2026-09-18-6fnk-s0-n100-r3-0041,0.571429,2.290816,rigid
2026-09-18-6fnk-s0-n100-r3,6fnk,2026-09-18-6fnk-s0-n100-r3-0042,0.285714,2.336735,conformer
2026-09-18-6fnk-s0-n100-r3,6fnk,2026-09-18-6fnk-s0-n100-r3-0043,0.357143,2.382653,rigid
2026-09-18-6fnk-s0-n100-r3,6fnk,2026-09-18-6fnk-s0-n100-r3-0044,0.5,2.428571,conformer
2026-09-18-6fnk-s0-n100-r3,6fnk,2026-09-18-6fnk-s0-n100-r3-0045,0.5,2.47449,rigid
2026-09-18-6fnk-s0-n100-r3,6fnk,2026-09-18-6fnk-s0-n100-r3-0046,0.357143,2.520408,conformer
2026-09-18-6fnk-s0-n100-r3,6fnk,2026-09-18-6fnk-s0-n100-r3-0047,0.5,2.566327,rigid
2026-09-18-6fnk-s0-n100-r3,6fnk,2026-09-18-6fnk-s0-n100-r3-0048,0.5,2.612245,conformer
2026-09-18-6fnk-s0-n100-r3,6fnk,2026-09-18-6fnk-s0-n100-r3-0049,0.5,2.658163,rigid
2026-09-18-6fnk-s0-n100-r3,6fnk,2026-09-18-6fnk-s0-n100-r3-0050,0.5,2.704082,conformer
2026-09-18-6fnk-s0-n100-r3,6fnk,2026-09-18-6fnk-s0-n100-r3-0051,0.571429,2.75,rigid
2026-09-18-6fnk-s0-n100-r3,6fnk,2026-09-18-6fnk-s0-n100-r3-0052,0.5,2.795918,conformer
2026-09-18-6fnk-s0-n100-r3,6fnk,2026-09-18-6fnk-s0-n100-r3-0053,0.571429,2.841837,rigid
2026-09-18-6fnk-s0-n100-r3,6fnk,2026-09-18-6fnk-s0-n100-r3-0054,0.428571,2.887755,conformer
2026-09-18-6fnk-s0-n100-r3,6fnk,2026-09-18-6fnk-s0-n100-r3-0055,0.357143,2.933673,rigid
2026-09-18-6fnk-s0-n100-r3,6fnk,2026-09-18-6fnk-s0-n100-r3-0056,0.571429,2.979592,conformer
2026-09-18-6fnk-s0-n100-r3,6fnk,2026-09-18-6fnk-s0-n100-r3-0057,0.571429,3.02551,rigid
2026-09-18-6fnk-s0-n100-r3,6fnk,2026-09-18-6fnk-s0-n100-r3-0058,0.428571,3.071429,conformer
2026-09-18-6fnk-s0-n100-r3,6fnk,2026-09-18-6fnk-s0-n100-r3-0059,0.5,3.117347,rigid
2026-09-18-6fnk-s0-n100-r3,6fnk,2026-09-18-6fnk-s0-n100-r3-0060,0.428571,3.163265,conformer
2026-09-18-6fnk-s0-n100-r3,6fnk,2026-09-18-6fnk-s0-n100-r3-0061,0.5,3.209184,rigid
2026-09-18-6fnk-s0-n100-r3,6fnk,2026-09-18-6fnk-s0-n100-r3-0062,0.428571,3.255102,conformer
2026-09-18-6fnk-s0-n100-r3,6fnk,2026-09-18-6fnk-s0-n100-r3-0063,0.5,3.30102,rigid
2026-09-18-6fnk-s0-n100-r3,6fnk,2026-09-18-6fnk-s0-n100-r3-0064,0.357143,3.346939,conformer
2026-09-18-6fnk-s0-n100-r3,6fnk,2026-09-18-6fnk-s0-n100-r3-0065,0.357143,3.392857,rigid
2026-09-18-6fnk-s0-n100-r3,6fnk,2026-09-18-6fnk-s0-n100-r3-0066,0.571429,3.438776,conformer
2026-09-18-6fnk-s0-n100-r3,6fnk,2026-09-18-6fnk-s0-n100-r3-0067,0.357143,3.484694,rigid
2026-09-18-6fnk-s0-n100-r3,6fnk,2026-09-18-6fnk-s0-n100-r3-0068,0.428571,3.530612,conformer
2026-09-18-6fnk-s0-n100-r3,6fnk,2026-09-18-6fnk-s0-n100-r3-0069,0.428571,3.576531,rigid
2026-09-18-6fnk-s0-n100-r3,6fnk,2026-09-18-6fnk-s0-n100-r3-0070,0.5,3.622449,conformer
2026-09-18-6fnk-s0-n100-r3,6fnk,2026-09-18-6fnk-s0-n100-r3-0071,0.571429,3.668367,rigid
2026-09-18-6fnk-s0-n100-r3,6fnk,2026-09-18-6fnk-s0-n100-r3-0072,0.357143,3.714286,conformer
2026-09-18-6fnk-s0-n100-r3,6fnk,2026-09-18-6fnk-s0-n100-r3-0073,0.571429,3.760204,rigid
2026-09-18-6fnk-s0-n100-r3,6fnk,2026-09-18-6fnk-s0-n100-r3-0074,0.5,3.806122,conformer
2026-09-18-6fnk-s0-n100-r3,6fnk,2026-09-18-6fnk-s0-n100-r3-0075,0.357143,3.852041,rigid
2026-09-18-6fnk-s0-n100-r3,6fnk,2026-09-18-6fnk-s0-n100-r3-0076,0.5,3.897959,conformer
2026-09-18-6fnk-s0-n100-r3,6fnk,2026-09-18-6fnk-s0-n100-r3-0077,0.357143,3.943878,rigid
2026-09-18-6fnk-s0-n100-r3,6fnk,2026-09-18-6fnk-s0-n100-r3-0078,0.428571,3.989796,conformer
2026-09-18-6fnk-s0-n100-r3,6fnk,2026-09-18-6fnk-s0-n100-r3-0079,0.357143,4.035714,rigid
2026-09-18-6fnk-s0-n100-r3,6fnk,2026-09-18-6fnk-s0-n100-r3-0080,0.5,4.081633,conformer
2026-09-18-6fnk-s0-n100-r3,6fnk,2026-09-18-6fnk-s0-n100-r3-0081,0.285714,4.127551,rigid
2026-09-18-6fnk-s0-n100-r3,6fnk,2026-09-18-6fnk-s0-n100-r3-0082,0.428571,4.173469,conformer
2026-09-18-6fnk-s0-n100-r3,6fnk,2026-09-18-6fnk-s0-n100-r3-0083,0.428571,4.219388,rigid
2026-09-18-6fnk-s0-n100-r3,6fnk,2026-09-18-6fnk-s0-n100-r3-0084,0.357143,4.265306,conformer
2026-09-18-6fnk-s0-n100-r3,6fnk,2026-09-18-6fnk-s0-n100-r3-0085,0.428571,4.311224,rigid
2026-09-18-6fnk-s0-n100-r3,6fnk,2026-09-18-6fnk-s0-n100-r3-0086,0.285714,4.357143,conformer
2026-09-18-6fnk-s0-n100-r3,6fnk,2026-09-18-6fnk-s0-n100-r3-0087,0.5,4.403061,rigid
2026-09-18-6fnk-s0-n100-r3,6fnk,2026-09-18-6fnk-s0-n100-r3-0088,0.5,4.44898,conformer
2026-09-18-6fnk-s0-n100-r3,6fnk,2026-09-18-6fnk-s0-n100-r3-0089,0.571429,4.494898,rigid
2026-09-18-6fnk-s0-n100-r3,6fnk,2026-09-18-6fnk-s0-n100-r3-0090,0.214286,4.540816,conformer
2026-09-18-6fnk-s0-n100-r3,6fnk,2026-09-18-6fnk-s0-n100-r3-0091,0.5,4.586735,rigid
2026-09-18-6fnk-s0-n100-r3,6fnk,2026-09-18-6fnk-s0-n100-r3-0092,0.285714,4.632653,conformer
2026-09-18-6fnk-s0-n100-r3,6fnk,2026-09-18-6fnk-s0-n100-r3-0093,0.285714,4.678571,rigid
2026-09-18-6fnk-s0-n100-r3,6fnk,2026-09-18-6fnk-s0-n100-r3-0094,0.428571,4.72449,conformer
2026-09-18-6fnk-s0-n100-r3,6fnk,2026-09-18-6fnk-s0-n100-r3-0095,0.571429,4.770408,rigid
2026-09-18-6fnk-s0-n100-r3,6fnk,2026-09-18-6fnk-s0-n100-r3-0096,0.428571,4.816327,conformer
2026-09-18-6fnk-s0-n100-r3,6fnk,2026-09-18-6fnk-s0-n100-r3-0097,0.5,4.862245,rigid
2026-09-18-6fnk-s0-n100-r3,6fnk,2026-09-18-6fnk-s0-n100-r3-0098,0.357143,4.908163,conformer
2026-09-18-6fnk-s0-n100-r3,6fnk,2026-09-18-6fnk-s0-n100-r3-0099,0.214286,4.954082,rigid
2026-09-18-6fnk-s0-n100-r3,6fnk,2026-09-18-6fnk-s0-n100-r3-0100,0.357143,5.0,conformer
2026-09-18-6fnk-s0-n100-r4,6fnk,2026-09-18-6fnk-s0-n100-r4-0001,1.0,0.0,native
2026-09-18-6fnk-s0-n100-r4,6fnk,2026-09-18-6fnk-s0-n100-r4-0002,0.928571,0.5,conformer
2026-09-18-6fnk-s0-n100-r4,6fnk,2026-09-18-6fnk-s0-n100-r4-0003,0.857143,0.545918,rigid
2026-09-18-6fnk-s0-n100-r4,6fnk,2026-09-18-6fnk-s0-n100-r4-0004,0.785714,0.591837,conformer
2026-09-18-6fnk-s0-n100-r4,6fnk,2026-09-18-6fnk-s0-n100-r4-0005,0.928571,0.637755,rigid
2026-09-18-6fnk-s0-n100-r4,6fnk,2026-09-18-6fnk-s0-n100-r4-0006,0.785714,0.683673,conformer
2026-09-18-6fnk-s0-n100-r4,6fnk,2026-09-18-6fnk-s0-n100-r4-0007,0.785714,0.729592,rigid
2026-09-18-6fnk-s0-n100-r4,6fnk,2026-09-18-6fnk-s0-n100-r4-0008,0.785714,0.77551,conformer
2026-09-18-6fnk-s0-n100-r4,6fnk,2026-09-18-6fnk-s0-n100-r4-0009,0.785714,0.821429,rigid
2026-09-18-6fnk-s0-n100-r4,6fnk,2026-09-18-6fnk-s0-n100-r4-0010,0.785714,0.867347,conformer
2026-09-18-6fnk-s0-n100-r4,6fnk,2026-09-18-6fnk-s0-n100-r4-0011,0.857143,0.913265,rigid
2026-09-18-6fnk-s0-n100-r4,6fnk,2026-09-18-6fnk-s0-n100-r4-0012,0.857143,0.959184,conformer
2026-09-18-6fnk-s0-n100-r4,6fnk,2026-09-18-6fnk-s0-n100-r4-0013,0.642857,1.005102,rigid
2026-09-18-6fnk-s0-n100-r4,6fnk,2026-09-18-6fnk-s0-n100-r4-0014,0.785714,1.05102,conformer
2026-09-18-6fnk-s0-n100-r4,6fnk,2026-09-18-6fnk-s0-n100-r4-0015,0.5,1.096939,rigid
2026-09-18-6fnk-s0-n100-r4,6fnk,2026-09-18-6fnk-s0-n100-r4-0016,0.571429,1.142857,conformer
2026-09-18-6fnk-s0-n100-r4,6fnk,2026-09-18-6fnk-s0-n100-r4-0017,0.714286,1.188776,rigid
2026-09-18-6fnk-s0-n100-r4,6fnk,2026-09-18-6fnk-s0-n100-r4-0018,0.714286,1.234694,conformer
2026-09-18-6fnk-s0-n100-r4,6fnk,2026-09-18-6fnk-s0-n100-r4-0019,0.714286,1.280612,rigid
2026-09-18-6fnk-s0-n100-r4,6fnk,2026-09-18-6fnk-s0-n100-r4-0020,0.857143,1.326531,conformer
2026-09-18-6fnk-s0-n100-r4,6fnk,2026-09-18-6fnk-s0-n100-r4-0021,0.642857,1.372449,rigid
2026-09-18-6fnk-s0-n100-r4,6fnk,2026-09-18-6fnk-s0-n100-r4-0022,0.857143,1.418367,conformer
2026-09-18-6fnk-s0-n100-r4,6fnk,2026-09-18-6fnk-s0-n100-r4-0023,0.571429,1.464286,rigid
2026-09-18-6fnk-s0-n100-r4,6fnk,2026-09-18-6fnk-s0-n100-r4-0024,0.571429,1.510204,conformer
2026-09-18-6fnk-s0-n100-r4,6fnk,2026-09-18-6fnk-s0-n100-r4-0025,0.5,1.556122,rigid
2026-09-18-6fnk-s0-n100-r4,6fnk,2026-09-18-6fnk-s0-n100-r4-0026,0.571429,1.602041,conformer
2026-09-18-6fnk-s0-n100-r4,6fnk,2026-09-18-6fnk-s0-n100-r4-0027,0.428571,1.647959,rigid
2026-09-18-6fnk-s0-n100-r4,6fnk,2026-09-18-6fnk-s0-n100-r4-0028,0.5,1.693878,conformer
2026-09-18-6fnk-s0-n100-r4,6fnk,2026-09-18-6fnk-s0-n100-r4-0029,0.428571,1.739796,rigid
2026-09-18-6fnk-s0-n100-r4,6fnk,2026-09-18-6fnk-s0-n100-r4-0030,0.428571,1.785714,conformer
2026-09-18-6fnk-s0-n100-r4,6fnk,2026-09-18-6fnk-s0-n100-r4-0031,0.428571,1.831633,rigid
2026-09-18-6fnk-s0-n100-r4,6fnk,2026-09-18-6fnk-s0-n100-r4-0032,0.357143,1.877551,conformer
2026-09-18-6fnk-s0-n100-r4,6fnk,2026-09-18-6fnk-s0-n100-r4-0033,0.571429,1.923469,rigid
2026-09-18-6fnk-s0-n100-r4,6fnk,2026-09-18-6fnk-s0-n100-r4-0034,0.428571,1.969388,conformer
2026-09-18-6fnk-s0-n100-r4,6fnk,2026-09-18-6fnk-s0-n100-r4-0035,0.5,2.015306,rigid
2026-09-18-6fnk-s0-n100-r4,6fnk,2026-09-18-6fnk-s0-n100-r4-0036,0.785714,2.061224,conformer
2026-09-18-6fnk-s0-n100-r4,6fnk,2026-09-18-6fnk-s0-n100-r4-0037,0.5,2.107143,rigid
2026-09-18-6fnk-s0-n100-r4,6fnk,2026-09-18-6fnk-s0-n100-r4-0038,0.642857,2.153061,conformer
2026-09-18-6fnk-s0-n100-r4,6fnk,2026-09-18-6fnk-s0-n100-r4-0039,0.571429,2.19898,rigid
2026-09-18-6fnk-s0-n100-r4,6fnk,2026-09-18-6fnk-s0-n100-r4-0040,0.571429,2.244898,conformer
2026-09-18-6fnk-s0-n100-r4,6fnk,2026-09-18-6fnk-s0-n100-r4-0041,0.5,2.290816,rigid
2026-09-18-6fnk-s0-n100-r4,6fnk,2026-09-18-6fnk-s0-n100-r4-0042,0.428571,2.336735,conformer
2026-09-18-6fnk-s0-n100-r4,6fnk,2026-09-18-6fnk-s0-n100-r4-0043,0.5,2.382653,rigid
2026-09-18-6fnk-s0-n100-r4,6fnk,2026-09-18-6fnk-s0-n100-r4-0044,0.428571,2.428571,conformer
2026-09-18-6fnk-s0-n100-r4,6fnk,2026-09-18-6fnk-s0-n100-r4-0045,0.428571,2.47449,rigid
2026-09-18-6fnk-s0-n100-r4,6fnk,2026-09-18-6fnk-s0-n100-r4-0046,0.5,2.520408,conformer
2026-09-18-6fnk-s0-n100-r4,6fnk,2026-09-18-6fnk-s0-n100-r4-0047,0.5,2.566327,rigid
2026-09-18-6fnk-s0-n100-r4,6fnk,2026-09-18-6fnk-s0-n100-r4-0048,0.5,2.612245,conformer
2026-09-18-6fnk-s0-n100-r4,6fnk,2026-09-18-6fnk-s0-n100-r4-0049,0.428571,2.658163,rigid
2026-09-18-6fnk-s0-n100-r4,6fnk,2026-09-18-6fnk-s0-n100-r4-0050,0.5,2.704082,conformer
2026-09-18-6fnk-s0-n100-r4,6fnk,2026-09-18-6fnk-s0-n100-r4-0051,0.571429,2.75,rigid
2026-09-18-6fnk-s0-n100-r4,6fnk,2026-09-18-6fnk-s0-n100-r4-0052,0.5,2.795918,conformer
2026-09-18-6fnk-s0-n100-r4,6fnk,2026-09-18-6fnk-s0-n100-r4-0053,0.571429,2.841837,rigid
2026-09-18-6fnk-s0-n100-r4,6fnk,2026-09-18-6fnk-s0-n100-r4-0054,0.571429,2.887755,conformer
2026-09-18-6fnk-s0-n100-r4,6fnk,2026-09-18-6fnk-s0-n100-r4-0055,0.5,2.933673,rigid
2026-09-18-6fnk-s0-n100-r4,6fnk,2026-09-18-6fnk-s0-n100-r4-0056,0.642857,2.979592,conformer
2026-09-18-6fnk-s0-n100-r4,6fnk,2026-09-18-6fnk-s0-n100-r4-0057,0.5,3.02551,rigid
2026-09-18-6fnk-s0-n100-r4,6fnk,2026-09-18-6fnk-s0-n100-r4-0058,0.571429,3.071429,conformer
2026-09-18-6fnk-s0-n100-r4,6fnk,2026-09-18-6fnk-s0-n100-r4-0059,0.5,3.117347,rigid
2026-09-18-6fnk-s0-n100-r4,6fnk,2026-09-18-6fnk-s0-n100-r4-0060,0.428571,3.163265,conformer
2026-09-18-6fnk-s0-n100-r4,6fnk,2026-09-18-6fnk-s0-n100-r4-0061,0.428571,3.209184,rigid
2026-09-18-6fnk-s0-n100-r4,6fnk,2026-09-18-6fnk-s0-n100-r4-0062,0.5,3.255102,conformer
2026-09-18-6fnk-s0-n100-r4,6fnk,2026-09-18-6fnk-s0-n100-r4-0063,0.357143,3.30102,rigid
2026-09-18-6fnk-s0-n100-r4,6fnk,2026-09-18-6fnk-s0-n100-r4-0064,0.357143,3.346939,conformer
2026-09-18-6fnk-s0-n100-r4,6fnk,2026-09-18-6fnk-s0-n100-r4-0065,0.357143,3.392857,rigid
2026-09-18-6fnk-s0-n100-r4,6fnk,2026-09-18-6fnk-s0-n100-r4-0066,0.428571,3.438776,conformer
2026-09-18-6fnk-s0-n100-r4,6fnk,2026-09-18-6fnk-s0-n100-r4-0067,0.571429,3.484694,rigid
2026-09-18-6fnk-s0-n100-r4,6fnk,2026-09-18-6fnk-s0-n100-r4-0068,0.428571,3.530612,conformer
2026-09-18-6fnk-s0-n100-r4,6fnk,2026-09-18-6fnk-s0-n100-r4-0069,0.428571,3.576531,rigid
2026-09-18-6fnk-s0-n100-r4,6fnk,2026-09-18-6fnk-s0-n100-r4-0070,0.428571,3.622449,conformer
2026-09-18-6fnk-s0-n100-r4,6fnk,2026-09-18-6fnk-s0-n100-r4-0071,0.285714,3.668367,rigid
2026-09-18-6fnk-s0-n100-r4,6fnk,2026-09-18-6fnk-s0-n100-r4-0072,0.357143,3.714286,conformer
2026-09-18-6fnk-s0-n100-r4,6fnk,2026-09-18-6fnk-s0-n100-r4-0073,0.357143,3.760204,rigid
2026-09-18-6fnk-s0-n100-r4,6fnk,2026-09-18-6fnk-s0-n100-r4-0074,0.428571,3.806122,conformer
2026-09-18-6fnk-s0-n100-r4,6fnk,2026-09-18-6fnk-s0-n100-r4-0075,0.357143,3.852041,rigid
2026-09-18-6fnk-s0-n100-r4,6fnk,2026-09-18-6fnk-s0-n100-r4-0076,0.357143,3.897959,conformer
2026-09-18-6fnk-s0-n100-r4,6fnk,2026-09-18-6fnk-s0-n100-r4-0077,0.428571,3.943878,rigid
2026-09-18-6fnk-s0-n100-r4,6fnk,2026-09-18-6fnk-s0-n100-r4-0078,0.357143,3.989796,conformer
2026-09-18-6fnk-s0-n100-r4,6fnk,2026-09-18-6fnk-s0-n100-r4-0079,0.571429,4.035714,rigid
2026-09-18-6fnk-s0-n100-r4,6fnk,2026-09-18-6fnk-s0-n100-r4-0080,0.357143,4.081633,conformer
2026-09-18-6fnk-s0-n100-r4,6fnk,2026-09-18-6fnk-s0-n100-r4-0081,0.5,4.127551,rigid
2026-09-18-6fnk-s0-n100-r4,6fnk,2026-09-18-6fnk-s0-n100-r4-0082,0.5,4.173469,conformer
2026-09-18-6fnk-s0-n100-r4,6fnk,2026-09-18-6fnk-s0-n100-r4-0083,0.357143,4.219388,rigid
2026-09-18-6fnk-s0-n100-r4,6fnk,2026-09-18-6fnk-s0-n100-r4-0084,0.285714,4.265306,conformer
2026-09-18-6fnk-s0-n100-r4,6fnk,2026-09-18-6fnk-s0-n100-r4-0085,0.357143,4.311224,rigid
2026-09-18-6fnk-s0-n100-r4,6fnk,2026-09-18-6fnk-s0-n100-r4-0086,0.428571,4.357143,conformer
2026-09-18-6fnk-s0-n100-r4,6fnk,2026-09-18-6fnk-s0-n100-r4-0087,0.428571,4.403061,rigid
2026-09-18-6fnk-s0-n100-r4,6fnk,2026-09-18-6fnk-s0-n100-r4-0088,0.428571,4.44898,conformer
2026-09-18-6fnk-s0-n100-r4,6fnk,2026-09-18-6fnk-s0-n100-r4-0089,0.357143,4.494898,rigid
2026-09-18-6fnk-s0-n100-r4,6fnk,2026-09-18-6fnk-s0-n100-r4-0090,0.285714,4.540816,conformer
2026-09-18-6fnk-s0-n100-r4,6fnk,2026-09-18-6fnk-s0-n100-r4-0091,0.357143,4.586735,rigid
2026-09-18-6fnk-s0-n100-r4,6fnk,2026-09-18-6fnk-s0-n100-r4-0092,0.357143,4.632653,conformer
2026-09-18-6fnk-s0-n100-r4,6fnk,2026-09-18-6fnk-s0-n100-r4-0093,0.214286,4.678571,rigid
2026-09-18-6fnk-s0-n100-r4,6fnk,2026-09-18-6fnk-s0-n100-r4-0094,0.5,4.72449,conformer
2026-09-18-6fnk-s0-n100-r4,6fnk,2026-09-18-6fnk-s0-n100-r4-0095,0.428571,4.770408,rigid
2026-09-18-6fnk-s0-n100-r4,6fnk,2026-09-18-6fnk-s0-n100-r4-0096,0.285714,4.816327,conformer
2026-09-18-6fnk-s0-n100-r4,6fnk,2026-09-18-6fnk-s0-n100-r4-0097,0.357143,4.862245,rigid
2026-09-18-6fnk-s0-n100-r4,6fnk,2026-09-18-6fnk-s0-n100-r4-0098,0.285714,4.908163,conformer
2026-09-18-6fnk-s0-n100-r4,6fnk,2026-09-18-6fnk-s0-n100-r4-0099,0.214286,4.954082,rigid
2026-09-18-6fnk-s0-n100-r4,6fnk,2026-09-18-6fnk-s0-n100-r4-0100,0.428571,5.0,conformer
2026-09-18-6fnk-s0-n100-r5,6fnk,2026-09-18-6fnk-s0-n100-r5-0001,1.0,0.0,native
2026-09-18-6fnk-s0-n100-r5,6fnk,2026-09-18-6fnk-s0-n100-r5-0002,0.857143,0.5,conformer
2026-09-18-6fnk-s0-n100-r5,6fnk,2026-09-18-6fnk-s0-n100-r5-0003,0.785714,0.545918,rigid
2026-09-18-6fnk-s0-n100-r5,6fnk,2026-09-18-6fnk-s0-n100-r5-0004,0.928571,0.591837,conformer
2026-09-18-6fnk-s0-n100-r5,6fnk,2026-09-18-6fnk-s0-n100-r5-0005,0.785714,0.637755,rigid
2026-09-18-6fnk-s0-n100-r5,6fnk,2026-09-18-6fnk-s0-n100-r5-0006,0.785714,0.683673,conformer
2026-09-18-6fnk-s0-n100-r5,6fnk,2026-09-18-6fnk-s0-n100-r5-0007,0.928571,0.729592,rigid
2026-09-18-6fnk-s0-n100-r5,6fnk,2026-09-18-6fnk-s0-n100-r5-0008,0.857143,0.77551,conformer
2026-09-18-6fnk-s0-n100-r5,6fnk,2026-09-18-6fnk-s0-n100-r5-0009,0.714286,0.821429,rigid
2026-09-18-6fnk-s0-n100-r5,6fnk,2026-09-18-6fnk-s0-n100-r5-0010,0.857143,0.867347,conformer
2026-09-18-6fnk-s0-n100-r5,6fnk,2026-09-18-6fnk-s0-n100-r5-0011,0.714286,0.913265,rigid
2026-09-18-6fnk-s0-n100-r5,6fnk,2026-09-18-6fnk-s0-n100-r5-0012,0.642857,0.959184,conformer
2026-09-18-6fnk-s0-n100-r5,6fnk,2026-09-18-6fnk-s0-n100-r5-0013,0.785714,1.005102,rigid
2026-09-18-6fnk-s0-n100-r5,6fnk,2026-09-18-6fnk-s0-n100-r5-0014,0.571429,1.05102,conformer
2026-09-18-6fnk-s0-n100-r5,6fnk,2026-09-18-6fnk-s0-n100-r5-0015,0.571429,1.096939,rigid
2026-09-18-6fnk-s0-n100-r5,6fnk,2026-09-18-6fnk-s0-n100-r5-0016,0.571429,1.142857,conformer
2026-09-18-6fnk-s0-n100-r5,6fnk,2026-09-18-6fnk-s0-n100-r5-0017,0.642857,1.188776,rigid
2026-09-18-6fnk-s0-n100-r5,6fnk,2026-09-18-6fnk-s0-n100-r5-0018,0.785714,1.234694,conformer
2026-09-18-6fnk-s0-n100-r5,6fnk,2026-09-18-6fnk-s0-n100-r5-0019,0.714286,1.280612,rigid
2026-09-18-6fnk-s0-n100-r5,6fnk,2026-09-18-6fnk-s0-n100-r5-0020,0.785714,1.326531,conformer
2026-09-18-6fnk-s0-n100-r5,6fnk,2026-09-18-6fnk-s0-n100-r5-0021,0.5,1.372449,rigid
2026-09-18-6fnk-s0-n100-r5,6fnk,2026-09-18-6fnk-s0-n100-r5-0022,0.5,1.418367,conformer
2026-09-18-6fnk-s0-n100-r5,6fnk,2026-09-18-6fnk-s0-n100-r5-0023,0.642857,1.464286,rigid
2026-09-18-6fnk-s0-n100-r5,6fnk,2026-09-18-6fnk-s0-n100-r5-0024,0.928571,1.510204,conformer
2026-09-18-6fnk-s0-n100-r5,6fnk,2026-09-18-6fnk-s0-n100-r5-0025,0.571429,1.556122,rigid
2026-09-18-6fnk-s0-n100-r5,6fnk,2026-09-18-6fnk-s0-n100-r5-0026,0.571429,1.602041,conformer
2026-09-18-6fnk-s0-n100-r5,6fnk,2026-09-18-6fnk-s0-n100-r5-0027,0.5,1.647959,rigid
2026-09-18-6fnk-s0-n100-r5,6fnk,2026-09-18-6fnk-s0-n100-r5-0028,0.5,1.693878,conformer
2026-09-18-6fnk-s0-n100-r5,6fnk,2026-09-18-6fnk-s0-n100-r5-0029,0.428571,1.739796,rigid
2026-09-18-6fnk-s0-n100-r5,6fnk,2026-09-18-6fnk-s0-n100-r5-0030,0.5,1.785714,conformer
2026-09-18-6fnk-s0-n100-r5,6fnk,2026-09-18-6fnk-s0-n100-r5-0031,0.5,1.831633,rigid
2026-09-18-6fnk-s0-n100-r5,6fnk,2026-09-18-6fnk-s0-n100-r5-0032,0.571429,1.877551,conformer
2026-09-18-6fnk-s0-n100-r5,6fnk,2026-09-18-6fnk-s0-n100-r5-0033,0.357143,1.923469,rigid
2026-09-18-6fnk-s0-n100-r5,6fnk,2026-09-18-6fnk-s0-n100-r5-0034,0.642857,1.969388,conformer
2026-09-18-6fnk-s0-n100-r5,6fnk,2026-09-18-6fnk-s0-n100-r5-0035,0.642857,2.015306,rigid
2026-09-18-6fnk-s0-n100-r5,6fnk,2026-09-18-6fnk-s0-n100-r5-0036,0.428571,2.061224,conformer
2026-09-18-6fnk-s0-n100-r5,6fnk,2026-09-18-6fnk-s0-n100-r5-0037,0.5,2.107143,rigid
2026-09-18-6fnk-s0-n100-r5,6fnk,2026-09-18-6fnk-s0-n100-r5-0038,0.571429,2.153061,conformer
2026-09-18-6fnk-s0-n100-r5,6fnk,2026-09-18-6fnk-s0-n100-r5-0039,0.5,2.19898,rigid
2026-09-18-6fnk-s0-n100-r5,6fnk,2026-09-18-6fnk-s0-n100-r5-0040,0.714286,2.244898,conformer
2026-09-18-6fnk-s0-n100-r5,6fnk,2026-09-18-6fnk-s0-n100-r5-0041,0.5,2.290816,rigid
2026-09-18-6fnk-s0-n100-r5,6fnk,2026-09-18-6fnk-s0-n100-r5-0042,0.5,2.336735,conformer
2026-09-18-6fnk-s0-n100-r5,6fnk,2026-09-18-6fnk-s0-n100-r5-0043,0.5,2.382653,rigid
2026-09-18-6fnk-s0-n100-r5,6fnk,2026-09-18-6fnk-s0-n100-r5-0044,0.571429,2.428571,conformer
2026-09-18-6fnk-s0-n100-r5,6fnk,2026-09-18-6fnk-s0-n100-r5-0045,0.714286,2.47449,rigid
2026-09-18-6fnk-s0-n100-r5,6fnk,2026-09-18-6fnk-s0-n100-r5-0046,0.5,2.520408,conformer
2026-09-18-6fnk-s0-n100-r5,6fnk,2026-09-18-6fnk-s0-n100-r5-0047,0.642857,2.566327,rigid
2026-09-18-6fnk-s0-n100-r5,6fnk,2026-09-18-6fnk-s0-n100-r5-0048,0.428571,2.612245,conformer
2026-09-18-6fnk-s0-n100-r5,6fnk,2026-09-18-6fnk-s0-n100-r5-0049,0.571429,2.658163,rigid
2026-09-18-6fnk-s0-n100-r5,6fnk,2026-09-18-6fnk-s0-n100-r5-0050,0.571429,2.704082,conformer
2026-09-18-6fnk-s0-n100-r5,6fnk,2026-09-18-6fnk-s0-n100-r5-0051,0.5,2.75,rigid
2026-09-18-6fnk-s0-n100-r5,6fnk,2026-09-18-6fnk-s0-n100-r5-0052,0.357143,2.795918,conformer
2026-09-18-6fnk-s0-n100-r5,6fnk,2026-09-18-6fnk-s0-n100-r5-0053,0.785714,2.841837,rigid
2026-09-18-6fnk-s0-n100-r5,6fnk,2026-09-18-6fnk-s0-n100-r5-0054,0.428571,2.887755,conformer
2026-09-18-6fnk-s0-n100-r5,6fnk,2026-09-18-6fnk-s0-n100-r5-0055,0.5,2.933673,rigid
2026-09-18-6fnk-s0-n100-r5,6fnk,2026-09-18-6fnk-s0-n100-r5-0056,0.428571,2.979592,conformer
2026-09-18-6fnk-s0-n100-r5,6fnk,2026-09-18-6fnk-s0-n100-r5-0057,0.428571,3.02551,rigid
2026-09-18-6fnk-s0-n100-r5,6fnk,2026-09-18-6fnk-s0-n100-r5-0058,0.428571,3.071429,conformer
2026-09-18-6fnk-s0-n100-r5,6fnk,2026-09-18-6fnk-s0-n100-r5-0059,0.285714,3.117347,rigid
2026-09-18-6fnk-s0-n100-r5,6fnk,2026-09-18-6fnk-s0-n100-r5-0060,0.357143,3.163265,conformer
2026-09-18-6fnk-s0-n100-r5,6fnk,2026-09-18-6fnk-s0-n100-r5-0061,0.357143,3.209184,rigid
2026-09-18-6fnk-s0-n100-r5,6fnk,2026-09-18-6fnk-s0-n100-r5-0062,0.571429,3.255102,conformer
2026-09-18-6fnk-s0-n100-r5,6fnk,2026-09-18-6fnk-s0-n100-r5-0063,0.571429,3.30102,rigid
2026-09-18-6fnk-s0-n100-r5,6fnk,2026-09-18-6fnk-s0-n100-r5-0064,0.428571,3.346939,conformer
2026-09-18-6fnk-s0-n100-r5,6fnk,2026-09-18-6fnk-s0-n100-r5-0065,0.357143,3.392857,rigid
2026-09-18-6fnk-s0-n100-r5,6fnk,2026-09-18-6fnk-s0-n100-r5-0066,0.5,3.438776,conformer
2026-09-18-6fnk-s0-n100-r5,6fnk,2026-09-18-6fnk-s0-n100-r5-0067,0.5,3.484694,rigid
2026-09-18-6fnk-s0-n100-r5,6fnk,2026-09-18-6fnk-s0-n100-r5-0068,0.285714,3.530612,conformer
2026-09-18-6fnk-s0-n100-r5,6fnk,2026-09-18-6fnk-s0-n100-r5-0069,0.357143,3.576531,rigid
2026-09-18-6fnk-s0-n100-r5,6fnk,2026-09-18-6fnk-s0-n100-r5-0070,0.357143,3.622449,conformer
2026-09-18-6fnk-s0-n100-r5,6fnk,2026-09-18-6fnk-s0-n100-r5-0071,0.642857,3.668367,rigid
2026-09-18-6fnk-s0-n100-r5,6fnk,2026-09-18-6fnk-s0-n100-r5-0072,0.5,3.714286,conformer
2026-09-18-6fnk-s0-n100-r5,6fnk,2026-09-18-6fnk-s0-n100-r5-0073,0.5,3.760204,rigid
2026-09-18-6fnk-s0-n100-r5,6fnk,2026-09-18-6fnk-s0-n100-r5-0074,0.285714,3.806122,conformer
2026-09-18-6fnk-s0-n100-r5,6fnk,2026-09-18-6fnk-s0-n100-r5-0075,0.357143,3.852041,rigid
2026-09-18-6fnk-s0-n100-r5,6fnk,2026-09-18-6fnk-s0-n100-r5-0076,0.5,3.897959,conformer
2026-09-18-6fnk-s0-n100-r5,6fnk,2026-09-18-6fnk-s0-n100-r5-0077,0.571429,3.943878,rigid
2026-09-18-6fnk-s0-n100-r5,6fnk,2026-09-18-6fnk-s0-n100-r5-0078,0.428571,3.989796,conformer
2026-09-18-6fnk-s0-n100-r5,6fnk,2026-09-18-6fnk-s0-n100-r5-0079,0.428571,4.035714,rigid
2026-09-18-6fnk-s0-n100-r5,6fnk,2026-09-18-6fnk-s0-n100-r5-0080,0.5,4.081633,conformer
2026-09-18-6fnk-s0-n100-r5,6fnk,2026-09-18-6fnk-s0-n100-r5-0081,0.357143,4.127551,rigid
2026-09-18-6fnk-s0-n100-r5,6fnk,2026-09-18-6fnk-s0-n100-r5-0082,0.428571,4.173469,conformer
2026-09-18-6fnk-s0-n100-r5,6fnk,2026-09-18-6fnk-s0-n100-r5-0083,0.357143,4.219388,rigid
2026-09-18-6fnk-s0-n100-r5,6fnk,2026-09-18-6fnk-s0-n100-r5-0084,0.428571,4.265306,conformer
2026-09-18-6fnk-s0-n100-r5,6fnk,2026-09-18-6fnk-s0-n100-r5-0085,0.428571,4.311224,rigid
2026-09-18-6fnk-s0-n100-r5,6fnk,2026-09-18-6fnk-s0-n100-r5-0086,0.5,4.357143,conformer
2026-09-18-6fnk-s0-n100-r5,6fnk,2026-09-18-6fnk-s0-n100-r5-0087,0.357143,4.403061,rigid
2026-09-18-6fnk-s0-n100-r5,6fnk,2026-09-18-6fnk-s0-n100-r5-0088,0.5,4.44898,conformer
2026-09-18-6fnk-s0-n100-r5,6fnk,2026-09-18-6fnk-s0-n100-r5-0089,0.642857,4.494898,rigid
2026-09-18-6fnk-s0-n100-r5,6fnk,2026-09-18-6fnk-s0-n100-r5-0090,0.357143,4.540816,conformer
2026-09-18-6fnk-s0-n100-r5,6fnk,2026-09-18-6fnk-s0-n100-r5-0091,0.357143,4.586735,rigid
2026-09-18-6fnk-s0-n100-r5,6fnk,2026-09-18-6fnk-s0-n100-r5-0092,0.357143,4.632653,conformer
2026-09-18-6fnk-s0-n100-r5,6fnk,2026-09-18-6fnk-s0-n100-r5-0093,0.428571,4.678571,rigid
2026-09-18-6fnk-s0-n100-r5,6fnk,2026-09-18-6fnk-s0-n100-r5-0094,0.285714,4.72449,conformer
2026-09-18-6fnk-s0-n100-r5,6fnk,2026-09-18-6fnk-s0-n100-r5-0095,0.428571,4.770408,rigid
2026-09-18-6fnk-s0-n100-r5,6fnk,2026-09-18-6fnk-s0-n100-r5-0096,0.357143,4.816327,conformer
2026-09-18-6fnk-s0-n100-r5,6fnk,2026-09-18-6fnk-s0-n100-r5-0097,0.428571,4.862245,rigid
2026-09-18-6fnk-s0-n100-r5,6fnk,2026-09-18-6fnk-s0-n100-r5-0098,0.357143,4.908163,conformer
2026-09-18-6fnk-s0-n100-r5,6fnk,2026-09-18-6fnk-s0-n100-r5-0099,0.357143,4.954082,rigid
2026-09-18-6fnk-s0-n100-r5,6fnk,2026-09-18-6fnk-s0-n100-r5-0100,0.357143,5.0,conformer
2026-09-18-6fnk-s0-n100-r6,6fnk,2026-09-18-6fnk-s0-n100-r6-0001,1.0,0.0,native
2026-09-18-6fnk-s0-n100-r6,6fnk,2026-09-18-6fnk-s0-n100-r6-0002,1.0,0.5,conformer
2026-09-18-6fnk-s0-n100-r6,6fnk,2026-09-18-6fnk-s0-n100-r6-0003,0.928571,0.545918,rigid
2026-09-18-6fnk-s0-n100-r6,6fnk,2026-09-18-6fnk-s0-n100-r6-0004,0.857143,0.591837,conformer
2026-09-18-6fnk-s0-n100-r6,6fnk,2026-09-18-6fnk-s0-n100-r6-0005,0.857143,0.637755,rigid
2026-09-18-6fnk-s0-n100-r6,6fnk,2026-09-18-6fnk-s0-n100-r6-0006,0.857143,0.683673,conformer
2026-09-18-6fnk-s0-n100-r6,6fnk,2026-09-18-6fnk-s0-n100-r6-0007,0.785714,0.729592,rigid
2026-09-18-6fnk-s0-n100-r6,6fnk,2026-09-18-6fnk-s0-n100-r6-0008,0.714286,0.77551,conformer
2026-09-18-6fnk-s0-n100-r6,6fnk,2026-09-18-6fnk-s0-n100-r6-0009,0.571429,0.821429,rigid
2026-09-18-6fnk-s0-n100-r6,6fnk,2026-09-18-6fnk-s0-n100-r6-0010,0.857143,0.867347,conformer
2026-09-18-6fnk-s0-n100-r6,6fnk,2026-09-18-6fnk-s0-n100-r6-0011,0.785714,0.913265,rigid
2026-09-18-6fnk-s0-n100-r6,6fnk,2026-09-18-6fnk-s0-n100-r6-0012,0.785714,0.959184,conformer
2026-09-18-6fnk-s0-n100-r6,6fnk,2026-09-18-6fnk-s0-n100-r6-0013,0.642857,1.005102,rigid
2026-09-18-6fnk-s0-n100-r6,6fnk,2026-09-18-6fnk-s0-n100-r6-0014,0.642857,1.05102,conformer
2026-09-18-6fnk-s0-n100-r6,6fnk,2026-09-18-6fnk-s0-n100-r6-0015,0.642857,1.096939,rigid
2026-09-18-6fnk-s0-n100-r6,6fnk,2026-09-18-6fnk-s0-n100-r6-0016,0.714286,1.142857,conformer
2026-09-18-6fnk-s0-n100-r6,6fnk,2026-09-18-6fnk-s0-n100-r6-0017,0.642857,1.188776,rigid
2026-09-18-6fnk-s0-n100-r6,6fnk,2026-09-18-6fnk-s0-n100-r6-0018,0.857143,1.234694,conformer
2026-09-18-6fnk-s0-n100-r6,6fnk,2026-09-18-6fnk-s0-n100-r6-0019,0.571429,1.280612,rigid
2026-09-18-6fnk-s0-n100-r6,6fnk,2026-09-18-6fnk-s0-n100-r6-0020,0.428571,1.326531,conformer
2026-09-18-6fnk-s0-n100-r6,6fnk,2026-09-18-6fnk-s0-n100-r6-0021,0.642857,1.372449,rigid
2026-09-18-6fnk-s0-n100-r6,6fnk,2026-09-18-6fnk-s0-n100-r6-0022,0.785714,1.418367,conformer
2026-09-18-6fnk-s0-n100-r6,6fnk,2026-09-18-6fnk-s0-n100-r6-0023,0.571429,1.464286,rigid
2026-09-18-6fnk-s0-n100-r6,6fnk,2026-09-18-6fnk-s0-n100-r6-0024,0.642857,1.510204,conformer
2026-09-18-6fnk-s0-n100-r6,6fnk,2026-09-18-6fnk-s0-n100-r6-0025,0.714286,1.556122,rigid
2026-09-18-6fnk-s0-n100-r6,6fnk,2026-09-18-6fnk-s0-n100-r6-0026,0.428571,1.602041,conformer
2026-09-18-6fnk-s0-n100-r6,6fnk,2026-09-18-6fnk-s0-n100-r6-0027,0.571429,1.647959,rigid
2026-09-18-6fnk-s0-n100-r6,6fnk,2026-09-18-6fnk-s0-n100-r6-0028,0.571429,1.693878,conformer
2026-09-18-6fnk-s0-n100-r6,6fnk,2026-09-18-6fnk-s0-n100-r6-0029,0.5,1.739796,rigid
2026-09-18-6fnk-s0-n100-r6,6fnk,2026-09-18-6fnk-s0-n100-r6-0030,0.571429,1.785714,conformer
2026-09-18-6fnk-s0-n100-r6,6fnk,2026-09-18-6fnk-s0-n100-r6-0031,0.357143,1.831633,rigid
2026-09-18-6fnk-s0-n100-r6,6fnk,2026-09-18-6fnk-s0-n100-r6-0032,0.5,1.877551,conformer
2026-09-18-6fnk-s0-n100-r6,6fnk,2026-09-18-6fnk-s0-n100-r6-0033,0.428571,1.923469,rigid
2026-09-18-6fnk-s0-n100-r6,6fnk,2026-09-18-6fnk-s0-n100-r6-0034,0.5,1.969388,conformer
2026-09-18-6fnk-s0-n100-r6,6fnk,2026-09-18-6fnk-s0-n100-r6-0035,0.571429,2.015306,rigid
2026-09-18-6fnk-s0-n100-r6,6fnk,2026-09-18-6fnk-s0-n100-r6-0036,0.571429,2.061224,conformer
2026-09-18-6fnk-s0-n100-r6,6fnk,2026-09-18-6fnk-s0-n100-r6-0037,0.571429,2.107143,rigid
2026-09-18-6fnk-s0-n100-r6,6fnk,2026-09-18-6fnk-s0-n100-r6-0038,0.5,2.153061,conformer
2026-09-18-6fnk-s0-n100-r6,6fnk,2026-09-18-6fnk-s0-n100-r6-0039,0.642857,2.19898,rigid
2026-09-18-6fnk-s0-n100-r6,6fnk,2026-09-18-6fnk-s0-n100-r6-0040,0.571429,2.244898,conformer
2026-09-18-6fnk-s0-n100-r6,6fnk,2026-09-18-6fnk-s0-n100-r6-0041,0.428571,2.290816,rigid
2026-09-18-6fnk-s0-n100-r6,6fnk,2026-09-18-6fnk-s0-n100-r6-0042,0.428571,2.336735,conformer
2026-09-18-6fnk-s0-n100-r6,6fnk,2026-09-18-6fnk-s0-n100-r6-0043,0.642857,2.382653,rigid
2026-09-18-6fnk-s0-n100-r6,6fnk,2026-09-18-6fnk-s0-n100-r6-0044,0.642857,2.428571,conformer
2026-09-18-6fnk-s0-n100-r6,6fnk,2026-09-18-6fnk-s0-n100-r6-0045,0.5,2.47449,rigid
2026-09-18-6fnk-s0-n100-r6,6fnk,2026-09-18-6fnk-s0-n100-r6-0046,0.714286,2.520408,conformer
2026-09-18-6fnk-s0-n100-r6,6fnk,2026-09-18-6fnk-s0-n100-r6-0047,0.357143,2.566327,rigid
2026-09-18-6fnk-s0-n100-r6,6fnk,2026-09-18-6fnk-s0-n100-r6-0048,0.5,2.612245,conformer
2026-09-18-6fnk-s0-n100-r6,6fnk,2026-09-18-6fnk-s0-n100-r6-0049,0.5,2.658163,rigid
2026-09-18-6fnk-s0-n100-r6,6fnk,2026-09-18-6fnk-s0-n100-r6-0050,0.5,2.704082,conformer
2026-09-18-6fnk-s0-n100-r6,6fnk,2026-09-18-6fnk-s0-n100-r6-0051,0.357143,2.75,rigid
2026-09-18-6fnk-s0-n100-r6,6fnk,2026-09-18-6fnk-s0-n100-r6-0052,0.5,2.795918,conformer
2026-09-18-6fnk-s0-n100-r6,6fnk,2026-09-18-6fnk-s0-n100-r6-0053,0.428571,2.841837,rigid
2026-09-18-6fnk-s0-n100-r6,6fnk,2026-09-18-6fnk-s0-n100-r6-0054,0.428571,2.887755,conformer
2026-09-18-6fnk-s0-n100-r6,6fnk,2026-09-18-6fnk-s0-n100-r6-0055,0.428571,2.933673,rigid
2026-09-18-6fnk-s0-n100-r6,6fnk,2026-09-18-6fnk-s0-n100-r6-0056,0.5,2.979592,conformer
2026-09-18-6fnk-s0-n100-r6,6fnk,2026-09-18-6fnk-s0-n100-r6-0057,0.428571,3.02551,rigid
2026-09-18-6fnk-s0-n100-r6,6fnk,2026-09-18-6fnk-s0-n100-r6-0058,0.357143,3.071429,conformer
2026-09-18-6fnk-s0-n100-r6,6fnk,2026-09-18-6fnk-s0-n100-r6-0059,0.571429,3.117347,rigid
2026-09-18-6fnk-s0-n100-r6,6fnk,2026-09-18-6fnk-s0-n100-r6-0060,0.571429,3.163265,conformer
2026-09-18-6fnk-s0-n100-r6,6fnk,2026-09-18-6fnk-s0-n100-r6-0061,0.5,3.209184,rigid
2026-09-18-6fnk-s0-n100-r6,6fnk,2026-09-18-6fnk-s0-n100-r6-0062,0.5,3.255102,conformer
2026-09-18-6fnk-s0-n100-r6,6fnk,2026-09-18-6fnk-s0-n100-r6-0063,0.5,3.30102,rigid
2026-09-18-6fnk-s0-n100-r6,6fnk,2026-09-18-6fnk-s0-n100-r6-0064,0.428571,3.346939,conformer
2026-09-18-6fnk-s0-n100-r6,6fnk,2026-09-18-6fnk-s0-n100-r6-0065,0.5,3.392857,rigid
2026-09-18-6fnk-s0-n100-r6,6fnk,2026-09-18-6fnk-s0-n100-r6-0066,0.428571,3.438776,conformer
2026-09-18-6fnk-s0-n100-r6,6fnk,2026-09-18-6fnk-s0-n100-r6-0067,0.357143,3.484694,rigid
2026-09-18-6fnk-s0-n100-r6,6fnk,2026-09-18-6fnk-s0-n100-r6-0068,0.357143,3.530612,conformer
2026-09-18-6fnk-s0-n100-r6,6fnk,2026-09-18-6fnk-s0-n100-r6-0069,0.357143,3.576531,rigid
2026-09-18-6fnk-s0-n100-r6,6fnk,2026-09-18-6fnk-s0-n100-r6-0070,0.285714,3.622449,conformer
2026-09-18-6fnk-s0-n100-r6,6fnk,2026-09-18-6fnk-s0-n100-r6-0071,0.357143,3.668367,rigid
2026-09-18-6fnk-s0-n100-r6,6fnk,2026-09-18-6fnk-s0-n100-r6-0072,0.428571,3.714286,conformer
2026-09-18-6fnk-s0-n100-r6,6fnk,2026-09-18-6fnk-s0-n100-r6-0073,0.428571,3.760204,rigid
2026-09-18-6fnk-s0-n100-r6,6fnk,2026-09-18-6fnk-s0-n100-r6-0074,0.571429,3.806122,conformer
2026-09-18-6fnk-s0-n100-r6,6fnk,2026-09-18-6fnk-s0-n100-r6-0075,0.428571,3.852041,rigid
2026-09-18-6fnk-s0-n100-r6,6fnk,2026-09-18-6fnk-s0-n100-r6-0076,0.428571,3.897959,conformer
2026-09-18-6fnk-s0-n100-r6,6fnk,2026-09-18-6fnk-s0-n100-r6-0077,0.428571,3.943878,rigid
2026-09-18-6fnk-s0-n100-r6,6fnk,2026-09-18-6fnk-s0-n100-r6-0078,0.428571,3.989796,conformer
2026-09-18-6fnk-s0-n100-r6,6fnk,2026-09-18-6fnk-s0-n100-r6-0079,0.357143,4.035714,rigid
2026-09-18-6fnk-s0-n100-r6,6fnk,2026-09-18-6fnk-s0-n100-r6-0080,0.428571,4.081633,conformer
2026-09-18-6fnk-s0-n100-r6,6fnk,2026-09-18-6fnk-s0-n100-r6-0081,0.357143,4.127551,rigid
2026-09-18-6fnk-s0-n100-r6,6fnk,2026-09-18-6fnk-s0-n100-r6-0082,0.428571,4.173469,conformer
2026-09-18-6fnk-s0-n100-r6,6fnk,2026-09-18-6fnk-s0-n100-r6-0083,0.428571,4.219388,rigid
2026-09-18-6fnk-s0-n100-r6,6fnk,2026-09-18-6fnk-s0-n100-r6-0084,0.357143,4.265306,conformer
2026-09-18-6fnk-s0-n100-r6,6fnk,2026-09-18-6fnk-s0-n100-r6-0085,0.285714,4.311224,rigid
2026-09-18-6fnk-s0-n100-r6,6fnk,2026-09-18-6fnk-s0-n100-r6-0086,0.285714,4.357143,conformer
2026-09-18-6fnk-s0-n100-r6,6fnk,2026-09-18-6fnk-s0-n100-r6-0087,0.428571,4.403061,rigid
2026-09-18-6fnk-s0-n100-r6,6fnk,2026-09-18-6fnk-s0-n100-r6-0088,0.428571,4.44898,conformer
2026-09-18-6fnk-s0-n100-r6,6fnk,2026-09-18-6fnk-s0-n100-r6-0089,0.5,4.494898,rigid
2026-09-18-6fnk-s0-n100-r6,6fnk,2026-09-18-6fnk-s0-n100-r6-0090,0.428571,4.540816,conformer
2026-09-18-6fnk-s0-n100-r6,6fnk,2026-09-18-6fnk-s0-n100-r6-0091,0.5,4.586735,rigid
2026-09-18-6fnk-s0-n100-r6,6fnk,2026-09-18-6fnk-s0-n100-r6-0092,0.357143,4.632653,conformer
2026-09-18-6fnk-s0-n100-r6,6fnk,2026-09-18-6fnk-s0-n100-r6-0093,0.5,4.678571,rigid
2026-09-18-6fnk-s0-n100-r6,6fnk,2026-09-18-6fnk-s0-n100-r6-0094,0.357143,4.72449,conformer
2026-09-18-6fnk-s0-n100-r6,6fnk,2026-09-18-6fnk-s0-n100-r6-0095,0.357143,4.770408,rigid
2026-09-18-6fnk-s0-n100-r6,6fnk,2026-09-18-6fnk-s0-n100-r6-0096,0.285714,4.816327,conformer
2026-09-18-6fnk-s0-n100-r6,6fnk,2026-09-18-6fnk-s0-n100-r6-0097,0.428571,4.862245,rigid
2026-09-18-6fnk-s0-n100-r6,6fnk,2026-09-18-6fnk-s0-n100-r6-0098,0.285714,4.908163,conformer
2026-09-18-6fnk-s0-n100-r6,6fnk,2026-09-18-6fnk-s0-n100-r6-0099,0.428571,4.954082,rigid
2026-09-18-6fnk-s0-n100-r6,6fnk,2026-09-18-6fnk-s0-n100-r6-0100,0.5,5.0,conformer
2026-09-18-6fnk-s0-n100-r7,6fnk,2026-09-18-6fnk-s0-n100-r7-0001,1.0,0.0,native
2026-09-18-6fnk-s0-n100-r7,6fnk,2026-09-18-6fnk-s0-n100-r7-0002,0.928571,0.5,conformer
2026-09-18-6fnk-s0-n100-r7,6fnk,2026-09-18-6fnk-s0-n100-r7-0003,1.0,0.545918,rigid
2026-09-18-6fnk-s0-n100-r7,6fnk,2026-09-18-6fnk-s0-n100-r7-0004,0.785714,0.591837,conformer
2026-09-18-6fnk-s0-n100-r7,6fnk,2026-09-18-6fnk-s0-n100-r7-0005,0.857143,0.637755,rigid
2026-09-18-6fnk-s0-n100-r7,6fnk,2026-09-18-6fnk-s0-n100-r7-0006,0.785714,0.683673,conformer
2026-09-18-6fnk-s0-n100-r7,6fnk,2026-09-18-6fnk-s0-n100-r7-0007,0.785714,0.729592,rigid
2026-09-18-6fnk-s0-n100-r7,6fnk,2026-09-18-6fnk-s0-n100-r7-0008,0.785714,0.77551,conformer
2026-09-18-6fnk-s0-n100-r7,6fnk,2026-09-18-6fnk-s0-n100-r7-0009,0.785714,0.821429,rigid
2026-09-18-6fnk-s0-n100-r7,6fnk,2026-09-18-6fnk-s0-n100-r7-0010,0.714286,0.867347,conformer
2026-09-18-6fnk-s0-n100-r7,6fnk,2026-09-18-6fnk-s0-n100-r7-0011,0.571429,0.913265,rigid
2026-09-18-6fnk-s0-n100-r7,6fnk,2026-09-18-6fnk-s0-n100-r7-0012,0.642857,0.959184,conformer
2026-09-18-6fnk-s0-n100-r7,6fnk,2026-09-18-6fnk-s0-n100-r7-0013,0.714286,1.005102,rigid
2026-09-18-6fnk-s0-n100-r7,6fnk,2026-09-18-6fnk-s0-n100-r7-0014,0.571429,1.05102,conformer
2026-09-18-6fnk-s0-n100-r7,6fnk,2026-09-18-6fnk-s0-n100-r7-0015,0.642857,1.096939,rigid
2026-09-18-6fnk-s0-n100-r7,6fnk,2026-09-18-6fnk-s0-n100-r7-0016,0.5,1.142857,conformer
2026-09-18-6fnk-s0-n100-r7,6fnk,2026-09-18-6fnk-s0-n100-r7-0017,0.428571,1.188776,rigid
2026-09-18-6fnk-s0-n100-r7,6fnk,2026-09-18-6fnk-s0-n100-r7-0018,0.857143,1.234694,conformer
2026-09-18-6fnk-s0-n100-r7,6fnk,2026-09-18-6fnk-s0-n100-r7-0019,0.571429,1.280612,rigid
2026-09-18-6fnk-s0-n100-r7,6fnk,2026-09-18-6fnk-s0-n100-r7-0020,0.928571,1.326531,conformer
2026-09-18-6fnk-s0-n100-r7,6fnk,2026-09-18-6fnk-s0-n100-r7-0021,0.428571,1.372449,rigid
2026-09-18-6fnk-s0-n100-r7,6fnk,2026-09-18-6fnk-s0-n100-r7-0022,0.714286,1.418367,conformer
2026-09-18-6fnk-s0-n100-r7,6fnk,2026-09-18-6fnk-s0-n100-r7-0023,0.571429,1.464286,rigid
2026-09-18-6fnk-s0-n100-r7,6fnk,2026-09-18-6fnk-s0-n100-r7-0024,0.714286,1.510204,conformer
2026-09-18-6fnk-s0-n100-r7,6fnk,2026-09-18-6fnk-s0-n100-r7-0025,0.571429,1.556122,rigid
2026-09-18-6fnk-s0-n100-r7,6fnk,2026-09-18-6fnk-s0-n100-r7-0026,0.5,1.602041,conformer
2026-09-18-6fnk-s0-n100-r7,6fnk,2026-09-18-6fnk-s0-n100-r7-0027,0.428571,1.647959,rigid
2026-09-18-6fnk-s0-n100-r7,6fnk,2026-09-18-6fnk-s0-n100-r7-0028,0.571429,1.693878,conformer
2026-09-18-6fnk-s0-n100-r7,6fnk,2026-09-18-6fnk-s0-n100-r7-0029,0.5,1.739796,rigid
2026-09-18-6fnk-s0-n100-r7,6fnk,2026-09-18-6fnk-s0-n100-r7-0030,0.571429,1.785714,conformer
2026-09-18-6fnk-s0-n100-r7,6fnk,2026-09-18-6fnk-s0-n100-r7-0031,0.642857,1.831633,rigid
2026-09-18-6fnk-s0-n100-r7,6fnk,2026-09-18-6fnk-s0-n100-r7-0032,0.5,1.877551,conformer
2026-09-18-6fnk-s0-n100-r7,6fnk,2026-09-18-6fnk-s0-n100-r7-0033,0.571429,1.923469,rigid
2026-09-18-6fnk-s0-n100-r7,6fnk,2026-09-18-6fnk-s0-n100-r7-0034,0.714286,1.969388,conformer
2026-09-18-6fnk-s0-n100-r7,6fnk,2026-09-18-6fnk-s0-n100-r7-0035,0.5,2.015306,rigid
2026-09-18-6fnk-s0-n100-r7,6fnk,2026-09-18-6fnk-s0-n100-r7-0036,0.571429,2.061224,conformer
2026-09-18-6fnk-s0-n100-r7,6fnk,2026-09-18-6fnk-s0-n100-r7-0037,0.428571,2.107143,rigid
2026-09-18-6fnk-s0-n100-r7,6fnk,2026-09-18-6fnk-s0-n100-r7-0038,0.428571,2.153061,conformer
2026-09-18-6fnk-s0-n100-r7,6fnk,2026-09-18-6fnk-s0-n100-r7-0039,0.5,2.19898,rigid
2026-09-18-6fnk-s0-n100-r7,6fnk,2026-09-18-6fnk-s0-n100-r7-0040,0.5,2.244898,conformer
2026-09-18-6fnk-s0-n100-r7,6fnk,2026-09-18-6fnk-s0-n100-r7-0041,0.357143,2.290816,rigid
2026-09-18-6fnk-s0-n100-r7,6fnk,2026-09-18-6fnk-s0-n100-r7-0042,0.5,2.336735,conformer
2026-09-18-6fnk-s0-n100-r7,6fnk,2026-09-18-6fnk-s0-n100-r7-0043,0.428571,2.382653,rigid
2026-09-18-6fnk-s0-n100-r7,6fnk,2026-09-18-6fnk-s0-n100-r7-0044,0.428571,2.428571,conformer
2026-09-18-6fnk-s0-n100-r7,6fnk,2026-09-18-6fnk-s0-n100-r7-0045,0.5,2.47449,rigid
2026-09-18-6fnk-s0-n100-r7,6fnk,2026-09-18-6fnk-s0-n100-r7-0046,0.428571,2.520408,conformer
2026-09-18-6fnk-s0-n100-r7,6fnk,2026-09-18-6fnk-s0-n100-r7-0047,0.642857,2.566327,rigid
2026-09-18-6fnk-s0-n100-r7,6fnk,2026-09-18-6fnk-s0-n100-r7-0048,0.642857,2.612245,conformer
2026-09-18-6fnk-s0-n100-r7,6fnk,2026-09-18-6fnk-s0-n100-r7-0049,0.428571,2.658163,rigid
2026-09-18-6fnk-s0-n100-r7,6fnk,2026-09-18-6fnk-s0-n100-r7-0050,0.5,2.704082,conformer
2026-09-18-6fnk-s0-n100-r7,6fnk,2026-09-18-6fnk-s0-n100-r7-0051,0.5,2.75,rigid
2026-09-18-6fnk-s0-n100-r7,6fnk,2026-09-18-6fnk-s0-n100-r7-0052,0.428571,2.795918,conformer
2026-09-18-6fnk-s0-n100-r7,6fnk,2026-09-18-6fnk-s0-n100-r7-0053,0.428571,2.841837,rigid
2026-09-18-6fnk-s0-n100-r7,6fnk,2026-09-18-6fnk-s0-n100-r7-0054,0.428571,2.887755,conformer
2026-09-18-6fnk-s0-n100-r7,6fnk,2026-09-18-6fnk-s0-n100-r7-0055,0.5,2.933673,rigid
2026-09-18-6fnk-s0-n100-r7,6fnk,2026-09-18-6fnk-s0-n100-r7-0056,0.642857,2.979592,conformer
2026-09-18-6fnk-s0-n100-r7,6fnk,2026-09-18-6fnk-s0-n100-r7-0057,0.571429,3.02551,rigid
2026-09-18-6fnk-s0-n100-r7,6fnk,2026-09-18-6fnk-s0-n100-r7-0058,0.428571,3.071429,conformer
2026-09-18-6fnk-s0-n100-r7,6fnk,2026-09-18-6fnk-s0-n100-r7-0059,0.571429,3.117347,rigid
2026-09-18-6fnk-s0-n100-r7,6fnk,2026-09-18-6fnk-s0-n100-r7-0060,0.428571,3.163265,conformer
2026-09-18-6fnk-s0-n100-r7,6fnk,2026-09-18-6fnk-s0-n100-r7-0061,0.428571,3.209184,rigid
2026-09-18-6fnk-s0-n100-r7,6fnk,2026-09-18-6fnk-s0-n100-r7-0062,0.5,3.255102,conformer
2026-09-18-6fnk-s0-n100-r7,6fnk,2026-09-18-6fnk-s0-n100-r7-0063,0.428571,3.30102,rigid
2026-09-18-6fnk-s0-n100-r7,6fnk,2026-09-18-6fnk-s0-n100-r7-0064,0.214286,3.346939,conformer
2026-09-18-6fnk-s0-n100-r7,6fnk,2026-09-18-6fnk-s0-n100-r7-0065,0.428571,3.392857,rigid
2026-09-18-6fnk-s0-n100-r7,6fnk,2026-09-18-6fnk-s0-n100-r7-0066,0.357143,3.438776,conformer
2026-09-18-6fnk-s0-n100-r7,6fnk,2026-09-18-6fnk-s0-n100-r7-0067,0.571429,3.484694,rigid
2026-09-18-6fnk-s0-n100-r7,6fnk,2026-09-18-6fnk-s0-n100-r7-0068,0.571429,3.530612,conformer
2026-09-18-6fnk-s0-n100-r7,6fnk,2026-09-18-6fnk-s0-n100-r7-0069,0.571429,3.576531,rigid
2026-09-18-6fnk-s0-n100-r7,6fnk,2026-09-18-6fnk-s0-n100-r7-0070,0.357143,3.622449,conformer
2026-09-18-6fnk-s0-n100-r7,6fnk,2026-09-18-6fnk-s0-n100-r7-0071,0.428571,3.668367,rigid
2026-09-18-6fnk-s0-n100-r7,6fnk,2026-09-18-6fnk-s0-n100-r7-0072,0.428571,3.714286,conformer
2026-09-18-6fnk-s0-n100-r7,6fnk,2026-09-18-6fnk-s0-n100-r7-0073,0.285714,3.760204,rigid
2026-09-18-6fnk-s0-n100-r7,6fnk,2026-09-18-6fnk-s0-n100-r7-0074,0.428571,3.806122,conformer
2026-09-18-6fnk-s0-n100-r7,6fnk,2026-09-18-6fnk-s0-n100-r7-0075,0.357143,3.852041,rigid
2026-09-18-6fnk-s0-n100-r7,6fnk,2026-09-18-6fnk-s0-n100-r7-0076,0.5,3.897959,conformer
2026-09-18-6fnk-s0-n100-r7,6fnk,2026-09-18-6fnk-s0-n100-r7-0077,0.357143,3.943878,rigid
2026-09-18-6fnk-s0-n100-r7,6fnk,2026-09-18-6fnk-s0-n100-r7-0078,0.357143,3.989796,conformer
2026-09-18-6fnk-s0-n100-r7,6fnk,2026-09-18-6fnk-s0-n100-r7-0079,0.357143,4.035714,rigid
2026-09-18-6fnk-s0-n100-r7,6fnk,2026-09-18-6fnk-s0-n100-r7-0080,0.357143,4.081633,conformer
2026-09-18-6fnk-s0-n100-r7,6fnk,2026-09-18-6fnk-s0-n100-r7-0081,0.428571,4.127551,rigid
2026-09-18-6fnk-s0-n100-r7,6fnk,2026-09-18-6fnk-s0-n100-r7-0082,0.285714,4.173469,conformer
2026-09-18-6fnk-s0-n100-r7,6fnk,2026-09-18-6fnk-s0-n100-r7-0083,0.357143,4.219388,rigid
2026-09-18-6fnk-s0-n100-r7,6fnk,2026-09-18-6fnk-s0-n100-r7-0084,0.5,4.265306,conformer
2026-09-18-6fnk-s0-n100-r7,6fnk,2026-09-18-6fnk-s0-n100-r7-0085,0.285714,4.311224,rigid
2026-09-18-6fnk-s0-n100-r7,6fnk,2026-09-18-6fnk-s0-n100-r7-0086,0.357143,4.357143,conformer
2026-09-18-6fnk-s0-n100-r7,6fnk,2026-09-18-6fnk-s0-n100-r7-0087,0.357143,4.403061,rigid
2026-09-18-6fnk-s0-n100-r7,6fnk,2026-09-18-6fnk-s0-n100-r7-0088,0.428571,4.44898,conformer
2026-09-18-6fnk-s0-n100-r7,6fnk,2026-09-18-6fnk-s0-n100-r7-0089,0.357143,4.494898,rigid
2026-09-18-6fnk-s0-n100-r7,6fnk,2026-09-18-6fnk-s0-n100-r7-0090,0.357143,4.540816,conformer
2026-09-18-6fnk-s0-n100-r7,6fnk,2026-09-18-6fnk-s0-n100-r7-0091,0.428571,4.586735,rigid
2026-09-18-6fnk-s0-n100-r7,6fnk,2026-09-18-6fnk-s0-n100-r7-0092,0.428571,4.632653,conformer
2026-09-18-6fnk-s0-n100-r7,6fnk,2026-09-18-6fnk-s0-n100-r7-0093,0.285714,4.678571,rigid
2026-09-18-6fnk-s0-n100-r7,6fnk,2026-09-18-6fnk-s0-n100-r7-0094,0.285714,4.72449,conformer
2026-09-18-6fnk-s0-n100-r7,6fnk,2026-09-18-6fnk-s0-n100-r7-0095,0.285714,4.770408,rigid
2026-09-18-6fnk-s0-n100-r7,6fnk,2026-09-18-6fnk-s0-n100-r7-0096,0.5,4.816327,conformer
2026-09-18-6fnk-s0-n100-r7,6fnk,2026-09-18-6fnk-s0-n100-r7-0097,0.357143,4.862245,rigid
2026-09-18-6fnk-s0-n100-r7,6fnk,2026-09-18-6fnk-s0-n100-r7-0098,0.285714,4.908163,conformer
2026-09-18-6fnk-s0-n100-r7,6fnk,2026-09-18-6fnk-s0-n100-r7-0099,0.571429,4.954082,rigid
2026-09-18-6fnk-s0-n100-r7,6fnk,2026-09-18-6fnk-s0-n100-r7-0100,0.285714,5.0,conformer
2026-09-18-6fnk-s0-n100-r8,6fnk,2026-09-18-6fnk-s0-n100-r8-0001,1.0,0.0,native
2026-09-18-6fnk-s0-n100-r8,6fnk,2026-09-18-6fnk-s0-n100-r8-0002,0.857143,0.5,conformer
2026-09-18-6fnk-s0-n100-r8,6fnk,2026-09-18-6fnk-s0-n100-r8-0003,0.785714,0.545918,rigid
2026-09-18-6fnk-s0-n100-r8,6fnk,2026-09-18-6fnk-s0-n100-r8-0004,0.928571,0.591837,conformer
2026-09-18-6fnk-s0-n100-r8,6fnk,2026-09-18-6fnk-s0-n100-r8-0005,0.785714,0.637755,rigid
2026-09-18-6fnk-s0-n100-r8,6fnk,2026-09-18-6fnk-s0-n100-r8-0006,0.857143,0.683673,conformer
2026-09-18-6fnk-s0-n100-r8,6fnk,2026-09-18-6fnk-s0-n100-r8-0007,0.714286,0.729592,rigid
2026-09-18-6fnk-s0-n100-r8,6fnk,2026-09-18-6fnk-s0-n100-r8-0008,0.714286,0.77551,conformer
2026-09-18-6fnk-s0-n100-r8,6fnk,2026-09-18-6fnk-s0-n100-r8-0009,0.714286,0.821429,rigid
2026-09-18-6fnk-s0-n100-r8,6fnk,2026-09-18-6fnk-s0-n100-r8-0010,0.928571,0.867347,conformer
2026-09-18-6fnk-s0-n100-r8,6fnk,2026-09-18-6fnk-s0-n100-r8-0011,0.714286,0.913265,rigid
2026-09-18-6fnk-s0-n100-r8,6fnk,2026-09-18-6fnk-s0-n100-r8-0012,0.571429,0.959184,conformer
2026-09-18-6fnk-s0-n100-r8,6fnk,2026-09-18-6fnk-s0-n100-r8-0013,0.571429,1.005102,rigid
2026-09-18-6fnk-s0-n100-r8,6fnk,2026-09-18-6fnk-s0-n100-r8-0014,0.714286,1.05102,conformer
2026-09-18-6fnk-s0-n100-r8,6fnk,2026-09-18-6fnk-s0-n100-r8-0015,0.785714,1.096939,rigid
2026-09-18-6fnk-s0-n100-r8,6fnk,2026-09-18-6fnk-s0-n100-r8-0016,0.785714,1.142857,conformer
2026-09-18-6fnk-s0-n100-r8,6fnk,2026-09-18-6fnk-s0-n100-r8-0017,0.642857,1.188776,rigid
2026-09-18-6fnk-s0-n100-r8,6fnk,2026-09-18-6fnk-s0-n100-r8-0018,0.857143,1.234694,conformer
2026-09-18-6fnk-s0-n100-r8,6fnk,2026-09-18-6fnk-s0-n100-r8-0019,0.642857,1.280612,rigid
2026-09-18-6fnk-s0-n100-r8,6fnk,2026-09-18-6fnk-s0-n100-r8-0020,0.928571,1.326531,conformer
2026-09-18-6fnk-s0-n100-r8,6fnk,2026-09-18-6fnk-s0-n100-r8-0021,0.642857,1.372449,rigid
2026-09-18-6fnk-s0-n100-r8,6fnk,2026-09-18-6fnk-s0-n100-r8-0022,0.642857,1.418367,conformer
2026-09-18-6fnk-s0-n100-r8,6fnk,2026-09-18-6fnk-s0-n100-r8-0023,0.642857,1.464286,rigid
2026-09-18-6fnk-s0-n100-r8,6fnk,2026-09-18-6fnk-s0-n100-r8-0024,0.5,1.510204,conformer
2026-09-18-6fnk-s0-n100-r8,6fnk,2026-09-18-6fnk-s0-n100-r8-0025,0.5,1.556122,rigid
2026-09-18-6fnk-s0-n100-r8,6fnk,2026-09-18-6fnk-s0-n100-r8-0026,0.428571,1.602041,conformer
2026-09-18-6fnk-s0-n100-r8,6fnk,2026-09-18-6fnk-s0-n100-r8-0027,0.642857,1.647959,rigid
2026-09-18-6fnk-s0-n100-r8,6fnk,2026-09-18-6fnk-s0-n100-r8-0028,0.785714,1.693878,conformer
2026-09-18-6fnk-s0-n100-r8,6fnk,2026-09-18-6fnk-s0-n100-r8-0029,0.571429,1.739796,rigid
2026-09-18-6fnk-s0-n100-r8,6fnk,2026-09-18-6fnk-s0-n100-r8-0030,0.642857,1.785714,conformer
2026-09-18-6fnk-s0-n100-r8,6fnk,2026-09-18-6fnk-s0-n100-r8-0031,0.357143,1.831633,rigid
2026-09-18-6fnk-s0-n100-r8,6fnk,2026-09-18-6fnk-s0-n100-r8-0032,0.642857,1.877551,conformer
2026-09-18-6fnk-s0-n100-r8,6fnk,2026-09-18-6fnk-s0-n100-r8-0033,0.642857,1.923469,rigid
2026-09-18-6fnk-s0-n100-r8,6fnk,2026-09-18-6fnk-s0-n100-r8-0034,0.357143,1.969388,conformer
2026-09-18-6fnk-s0-n100-r8,6fnk,2026-09-18-6fnk-s0-n100-r8-0035,0.571429,2.015306,rigid
2026-09-18-6fnk-s0-n100-r8,6fnk,2026-09-18-6fnk-s0-n100-r8-0036,0.428571,2.061224,conformer
2026-09-18-6fnk-s0-n100-r8,6fnk,2026-09-18-6fnk-s0-n100-r8-0037,0.571429,2.107143,rigid
2026-09-18-6fnk-s0-n100-r8,6fnk,2026-09-18-6fnk-s0-n100-r8-0038,0.428571,2.153061,conformer
2026-09-18-6fnk-s0-n100-r8,6fnk,2026-09-18-6fnk-s0-n100-r8-0039,0.571429,2.19898,rigid
2026-09-18-6fnk-s0-n100-r8,6fnk,2026-09-18-6fnk-s0-n100-r8-0040,0.571429,2.244898,conformer
2026-09-18-6fnk-s0-n100-r8,6fnk,2026-09-18-6fnk-s0-n100-r8-0041,0.571429,2.290816,rigid
2026-09-18-6fnk-s0-n100-r8,6fnk,2026-09-18-6fnk-s0-n100-r8-0042,0.642857,2.336735,conformer
2026-09-18-6fnk-s0-n100-r8,6fnk,2026-09-18-6fnk-s0-n100-r8-0043,0.571429,2.382653,rigid
2026-09-18-6fnk-s0-n100-r8,6fnk,2026-09-18-6fnk-s0-n100-r8-0044,0.571429,2.428571,conformer
2026-09-18-6fnk-s0-n100-r8,6fnk,2026-09-18-6fnk-s0-n100-r8-0045,0.571429,2.47449,rigid
2026-09-18-6fnk-s0-n100-r8,6fnk,2026-09-18-6fnk-s0-n100-r8-0046,0.285714,2.520408,conformer
2026-09-18-6fnk-s0-n100-r8,6fnk,2026-09-18-6fnk-s0-n100-r8-0047,0.571429,2.566327,rigid
2026-09-18-6fnk-s0-n100-r8,6fnk,2026-09-18-6fnk-s0-n100-r8-0048,0.571429,2.612245,conformer
2026-09-18-6fnk-s0-n100-r8,6fnk,2026-09-18-6fnk-s0-n100-r8-0049,0.571429,2.658163,rigid
2026-09-18-6fnk-s0-n100-r8,6fnk,2026-09-18-6fnk-s0-n100-r8-0050,0.5,2.704082,conformer
2026-09-18-6fnk-s0-n100-r8,6fnk,2026-09-18-6fnk-s0-n100-r8-0051,0.5,2.75,rigid
2026-09-18-6fnk-s0-n100-r8,6fnk,2026-09-18-6fnk-s0-n100-r8-0052,0.357143,2.795918,conformer
2026-09-18-6fnk-s0-n100-r8,6fnk,2026-09-18-6fnk-s0-n100-r8-0053,0.428571,2.841837,rigid
2026-09-18-6fnk-s0-n100-r8,6fnk,2026-09-18-6fnk-s0-n100-r8-0054,0.5,2.887755,conformer
2026-09-18-6fnk-s0-n100-r8,6fnk,2026-09-18-6fnk-s0-n100-r8-0055,0.5,2.933673,rigid
2026-09-18-6fnk-s0-n100-r8,6fnk,2026-09-18-6fnk-s0-n100-r8-0056,0.5,2.979592,conformer
2026-09-18-6fnk-s0-n100-r8,6fnk,2026-09-18-6fnk-s0-n100-r8-0057,0.357143,3.02551,rigid
2026-09-18-6fnk-s0-n100-r8,6fnk,2026-09-18-6fnk-s0-n100-r8-0058,0.357143,3.071429,conformer
2026-09-18-6fnk-s0-n100-r8,6fnk,2026-09-18-6fnk-s0-n100-r8-0059,0.5,3.117347,rigid
2026-09-18-6fnk-s0-n100-r8,6fnk,2026-09-18-6fnk-s0-n100-r8-0060,0.357143,3.163265,conformer
2026-09-18-6fnk-s0-n100-r8,6fnk,2026-09-18-6fnk-s0-n100-r8-0061,0.5,3.209184,rigid
2026-09-18-6fnk-s0-n100-r8,6fnk,2026-09-18-6fnk-s0-n100-r8-0062,0.428571,3.255102,conformer
2026-09-18-6fnk-s0-n100-r8,6fnk,2026-09-18-6fnk-s0-n100-r8-0063,0.357143,3.30102,rigid
2026-09-18-6fnk-s0-n100-r8,6fnk,2026-09-18-6fnk-s0-n100-r8-0064,0.357143,3.346939,conformer
2026-09-18-6fnk-s0-n100-r8,6fnk,2026-09-18-6fnk-s0-n100-r8-0065,0.571429,3.392857,rigid
2026-09-18-6fnk-s0-n100-r8,6fnk,2026-09-18-6fnk-s0-n100-r8-0066,0.428571,3.438776,conformer
2026-09-18-6fnk-s0-n100-r8,6fnk,2026-09-18-6fnk-s0-n100-r8-0067,0.357143,3.484694,rigid
2026-09-18-6fnk-s0-n100-r8,6fnk,2026-09-18-6fnk-s0-n100-r8-0068,0.5,3.530612,conformer
2026-09-18-6fnk-s0-n100-r8,6fnk,2026-09-18-6fnk-s0-n100-r8-0069,0.357143,3.576531,rigid
2026-09-18-6fnk-s0-n100-r8,6fnk,2026-09-18-6fnk-s0-n100-r8-0070,0.5,3.622449,conformer
2026-09-18-6fnk-s0-n100-r8,6fnk,2026-09-18-6fnk-s0-n100-r8-0071,0.428571,3.668367,rigid
2026-09-18-6fnk-s0-n100-r8,6fnk,2026-09-18-6fnk-s0-n100-r8-0072,0.357143,3.714286,conformer
2026-09-18-6fnk-s0-n100-r8,6fnk,2026-09-18-6fnk-s0-n100-r8-0073,0.357143,3.760204,rigid
2026-09-18-6fnk-s0-n100-r8,6fnk,2026-09-18-6fnk-s0-n100-r8-0074,0.285714,3.806122,conformer
2026-09-18-6fnk-s0-n100-r8,6fnk,2026-09-18-6fnk-s0-n100-r8-0075,0.285714,3.852041,rigid
2026-09-18-6fnk-s0-n100-r8,6fnk,2026-09-18-6fnk-s0-n100-r8-0076,0.285714,3.897959,conformer
2026-09-18-6fnk-s0-n100-r8,6fnk,2026-09-18-6fnk-s0-n100-r8-0077,0.357143,3.943878,rigid
2026-09-18-6fnk-s0-n100-r8,6fnk,2026-09-18-6fnk-s0-n100-r8-0078,0.428571,3.989796,conformer
2026-09-18-6fnk-s0-n100-r8,6fnk,2026-09-18-6fnk-s0-n100-r8-0079,0.428571,4.035714,rigid
2026-09-18-6fnk-s0-n100-r8,6fnk,2026-09-18-6fnk-s0-n100-r8-0080,0.428571,4.081633,conformer
2026-09-18-6fnk-s0-n100-r8,6fnk,2026-09-18-6fnk-s0-n100-r8-0081,0.357143,4.127551,rigid
2026-09-18-6fnk-s0-n100-r8,6fnk,2026-09-18-6fnk-s0-n100-r8-0082,0.357143,4.173469,conformer
2026-09-18-6fnk-s0-n100-r8,6fnk,2026-09-18-6fnk-s0-n100-r8-0083,0.285714,4.219388,rigid
2026-09-18-6fnk-s0-n100-r8,6fnk,2026-09-18-6fnk-s0-n100-r8-0084,0.285714,4.265306,conformer
2026-09-18-6fnk-s0-n100-r8,6fnk,2026-09-18-6fnk-s0-n100-r8-0085,0.357143,4.311224,rigid
2026-09-18-6fnk-s0-n100-r8,6fnk,2026-09-18-6fnk-s0-n100-r8-0086,0.571429,4.357143,conformer
2026-09-18-6fnk-s0-n100-r8,6fnk,2026-09-18-6fnk-s0-n100-r8-0087,0.285714,4.403061,rigid
2026-09-18-6fnk-s0-n100-r8,6fnk,2026-09-18-6fnk-s0-n100-r8-0088,0.428571,4.44898,conformer
2026-09-18-6fnk-s0-n100-r8,6fnk,2026-09-18-6fnk-s0-n100-r8-0089,0.285714,4.494898,rigid
2026-09-18-6fnk-s0-n100-r8,6fnk,2026-09-18-6fnk-s0-n100-r8-0090,0.428571,4.540816,conformer
2026-09-18-6fnk-s0-n100-r8,6fnk,2026-09-18-6fnk-s0-n100-r8-0091,0.357143,4.586735,rigid
2026-09-18-6fnk-s0-n100-r8,6fnk,2026-09-18-6fnk-s0-n100-r8-0092,0.428571,4.632653,conformer
2026-09-18-6fnk-s0-n100-r8,6fnk,2026-09-18-6fnk-s0-n100-r8-0093,0.428571,4.678571,rigid
2026-09-18-6fnk-s0-n100-r8,6fnk,2026-09-18-6fnk-s0-n100-r8-0094,0.285714,4.72449,conformer
2026-09-18-6fnk-s0-n100-r8,6fnk,2026-09-18-6fnk-s0-n100-r8-0095,0.428571,4.770408,rigid
2026-09-18-6fnk-s0-n100-r8,6fnk,2026-09-18-6fnk-s0-n100-r8-0096,0.285714,4.816327,conformer
2026-09-18-6fnk-s0-n100-r8,6fnk,2026-09-18-6fnk-s0-n100-r8-0097,0.285714,4.862245,rigid
2026-09-18-6fnk-s0-n100-r8,6fnk,2026-09-18-6fnk-s0-n100-r8-0098,0.428571,4.908163,conformer
2026-09-18-6fnk-s0-n100-r8,6fnk,2026-09-18-6fnk-s0-n100-r8-0099,0.428571,4.954082,rigid
2026-09-18-6fnk-s0-n100-r8,6fnk,2026-09-18-6fnk-s0-n100-r8-0100,0.357143,5.0,conformer
2026-09-18-6fnk-s0-n100-r9,6fnk,2026-09-18-6fnk-s0-n100-r9-0001,1.0,0.0,native
2026-09-18-6fnk-s0-n100-r9,6fnk,2026-09-18-6fnk-s0-n100-r9-0002,0.857143,0.5,conformer
2026-09-18-6fnk-s0-n100-r9,6fnk,2026-09-18-6fnk-s0-n100-r9-0003,1.0,0.545918,rigid
2026-09-18-6fnk-s0-n100-r9,6fnk,2026-09-18-6fnk-s0-n100-r9-0004,0.928571,0.591837,conformer
2026-09-18-6fnk-s0-n100-r9,6fnk,2026-09-18-6fnk-s0-n100-r9-0005,1.0,0.637755,rigid
2026-09-18-6fnk-s0-n100-r9,6fnk,2026-09-18-6fnk-s0-n100-r9-0006,0.785714,0.683673,conformer
2026-09-18-6fnk-s0-n100-r9,6fnk,2026-09-18-6fnk-s0-n100-r9-0007,0.857143,0.729592,rigid
2026-09-18-6fnk-s0-n100-r9,6fnk,2026-09-18-6fnk-s0-n100-r9-0008,0.714286,0.77551,conformer
2026-09-18-6fnk-s0-n100-r9,6fnk,2026-09-18-6fnk-s0-n100-r9-0009,0.714286,0.821429,rigid
2026-09-18-6fnk-s0-n100-r9,6fnk,2026-09-18-6fnk-s0-n100-r9-0010,0.785714,0.867347,conformer
2026-09-18-6fnk-s0-n100-r9,6fnk,2026-09-18-6fnk-s0-n100-r9-0011,0.785714,0.913265,rigid
2026-09-18-6fnk-s0-n100-r9,6fnk,2026-09-18-6fnk-s0-n100-r9-0012,0.785714,0.959184,conformer
2026-09-18-6fnk-s0-n100-r9,6fnk,2026-09-18-6fnk-s0-n100-r9-0013,0.785714,1.005102,rigid
2026-09-18-6fnk-s0-n100-r9,6fnk,2026-09-18-6fnk-s0-n100-r9-0014,0.714286,1.05102,conformer
2026-09-18-6fnk-s0-n100-r9,6fnk,2026-09-18-6fnk-s0-n100-r9-0015,0.5,1.096939,rigid
2026-09-18-6fnk-s0-n100-r9,6fnk,2026-09-18-6fnk-s0-n100-r9-0016,0.5,1.142857,conformer
2026-09-18-6fnk-s0-n100-r9,6fnk,2026-09-18-6fnk-s0-n100-r9-0017,0.428571,1.188776,rigid
2026-09-18-6fnk-s0-n100-r9,6fnk,2026-09-18-6fnk-s0-n100-r9-0018,1.0,1.234694,conformer
2026-09-18-6fnk-s0-n100-r9,6fnk,2026-09-18-6fnk-s0-n100-r9-0019,0.642857,1.280612,rigid
2026-09-18-6fnk-s0-n100-r9,6fnk,2026-09-18-6fnk-s0-n100-r9-0020,0.785714,1.326531,conformer
2026-09-18-6fnk-s0-n100-r9,6fnk,2026-09-18-6fnk-s0-n100-r9-0021,0.5,1.372449,rigid
2026-09-18-6fnk-s0-n100-r9,6fnk,2026-09-18-6fnk-s0-n100-r9-0022,0.642857,1.418367,conformer
2026-09-18-6fnk-s0-n100-r9,6fnk,2026-09-18-6fnk-s0-n100-r9-0023,0.571429,1.464286,rigid
2026-09-18-6fnk-s0-n100-r9,6fnk,2026-09-18-6fnk-s0-n100-r9-0024,0.571429,1.510204,conformer
2026-09-18-6fnk-s0-n100-r9,6fnk,2026-09-18-6fnk-s0-n100-r9-0025,0.785714,1.556122,rigid
2026-09-18-6fnk-s0-n100-r9,6fnk,2026-09-18-6fnk-s0-n100-r9-0026,0.785714,1.602041,conformer
2026-09-18-6fnk-s0-n100-r9,6fnk,2026-09-18-6fnk-s0-n100-r9-0027,0.571429,1.647959,rigid
2026-09-18-6fnk-s0-n100-r9,6fnk,2026-09-18-6fnk-s0-n100-r9-0028,0.5,1.693878,conformer
2026-09-18-6fnk-s0-n100-r9,6fnk,2026-09-18-6fnk-s0-n100-r9-0029,0.428571,1.739796,rigid
2026-09-18-6fnk-s0-n100-r9,6fnk,2026-09-18-6fnk-s0-n100-r9-0030,0.571429,1.785714,conformer
2026-09-18-6fnk-s0-n100-r9,6fnk,2026-09-18-6fnk-s0-n100-r9-0031,0.714286,1.831633,rigid
2026-09-18-6fnk-s0-n100-r9,6fnk,2026-09-18-6fnk-s0-n100-r9-0032,0.5,1.877551,conformer
2026-09-18-6fnk-s0-n100-r9,6fnk,2026-09-18-6fnk-s0-n100-r9-0033,0.571429,1.923469,rigid
2026-09-18-6fnk-s0-n100-r9,6fnk,2026-09-18-6fnk-s0-n100-r9-0034,0.428571,1.969388,conformer
2026-09-18-6fnk-s0-n100-r9,6fnk,2026-09-18-6fnk-s0-n100-r9-0035,0.642857,2.015306,rigid
2026-09-18-6fnk-s0-n100-r9,6fnk,2026-09-18-6fnk-s0-n100-r9-0036,0.714286,2.061224,conformer
2026-09-18-6fnk-s0-n100-r9,6fnk,2026-09-18-6fnk-s0-n100-r9-0037,0.571429,2.107143,rigid
2026-09-18-6fnk-s0-n100-r9,6fnk,2026-09-18-6fnk-s0-n100-r9-0038,0.5,2.153061,conformer
2026-09-18-6fnk-s0-n100-r9,6fnk,2026-09-18-6fnk-s0-n100-r9-0039,0.5,2.19898,rigid
2026-09-18-6fnk-s0-n100-r9,6fnk,2026-09-18-6fnk-s0-n100-r9-0040,0.5,2.244898,conformer
2026-09-18-6fnk-s0-n100-r9,6fnk,2026-09-18-6fnk-s0-n100-r9-0041,0.571429,2.290816,rigid
2026-09-18-6fnk-s0-n100-r9,6fnk,2026-09-18-6fnk-s0-n100-r9-0042,0.5,2.336735,conformer
2026-09-18-6fnk-s0-n100-r9,6fnk,2026-09-18-6fnk-s0-n100-r9-0043,0.642857,2.382653,rigid
2026-09-18-6fnk-s0-n100-r9,6fnk,2026-09-18-6fnk-s0-n100-r9-0044,0.642857,2.428571,conformer
2026-09-18-6fnk-s0-n100-r9,6fnk,2026-09-18-6fnk-s0-n100-r9-0045,0.571429,2.47449,rigid
2026-09-18-6fnk-s0-n100-r9,6fnk,2026-09-18-6fnk-s0-n100-r9-0046,0.571429,2.520408,conformer
2026-09-18-6fnk-s0-n100-r9,6fnk,2026-09-18-6fnk-s0-n100-r9-0047,0.428571,2.566327,rigid
2026-09-18-6fnk-s0-n100-r9,6fnk,2026-09-18-6fnk-s0-n100-r9-0048,0.5,2.612245,conformer
2026-09-18-6fnk-s0-n100-r9,6fnk,2026-09-18-6fnk-s0-n100-r9-0049,0.357143,2.658163,rigid
2026-09-18-6fnk-s0-n100-r9,6fnk,2026-09-18-6fnk-s0-n100-r9-0050,0.428571,2.704082,conformer
2026-09-18-6fnk-s0-n100-r9,6fnk,2026-09-18-6fnk-s0-n100-r9-0051,0.5,2.75,rigid
2026-09-18-6fnk-s0-n100-r9,6fnk,2026-09-18-6fnk-s0-n100-r9-0052,0.5,2.795918,conformer
2026-09-18-6fnk-s0-n100-r9,6fnk,2026-09-18-6fnk-s0-n100-r9-0053,0.5,2.841837,rigid
2026-09-18-6fnk-s0-n100-r9,6fnk,2026-09-18-6fnk-s0-n100-r9-0054,0.571429,2.887755,conformer
2026-09-18-6fnk-s0-n100-r9,6fnk,2026-09-18-6fnk-s0-n100-r9-0055,0.357143,2.933673,rigid
2026-09-18-6fnk-s0-n100-r9,6fnk,2026-09-18-6fnk-s0-n100-r9-0056,0.571429,2.979592,conformer
2026-09-18-6fnk-s0-n100-r9,6fnk,2026-09-18-6fnk-s0-n100-r9-0057,0.5,3.02551,rigid
2026-09-18-6fnk-s0-n100-r9,6fnk,2026-09-18-6fnk-s0-n100-r9-0058,0.428571,3.071429,conformer
2026-09-18-6fnk-s0-n100-r9,6fnk,2026-09-18-6fnk-s0-n100-r9-0059,0.428571,3.117347,rigid
2026-09-18-6fnk-s0-n100-r9,6fnk,2026-09-18-6fnk-s0-n100-r9-0060,0.357143,3.163265,conformer
2026-09-18-6fnk-s0-n100-r9,6fnk,2026-09-18-6fnk-s0-n100-r9-0061,0.428571,3.209184,rigid
2026-09-18-6fnk-s0-n100-r9,6fnk,2026-09-18-6fnk-s0-n100-r9-0062,0.571429,3.255102,conformer
2026-09-18-6fnk-s0-n100-r9,6fnk,2026-09-18-6fnk-s0-n100-r9-0063,0.428571,3.30102,rigid
2026-09-18-6fnk-s0-n100-r9,6fnk,2026-09-18-6fnk-s0-n100-r9-0064,0.5,3.346939,conformer
2026-09-18-6fnk-s0-n100-r9,6fnk,2026-09-18-6fnk-s0-n100-r9-0065,0.357143,3.392857,rigid
2026-09-18-6fnk-s0-n100-r9,6fnk,2026-09-18-6fnk-s0-n100-r9-0066,0.357143,3.438776,conformer
2026-09-18-6fnk-s0-n100-r9,6fnk,2026-09-18-6fnk-s0-n100-r9-0067,0.571429,3.484694,rigid
2026-09-18-6fnk-s0-n100-r9,6fnk,2026-09-18-6fnk-s0-n100-r9-0068,0.357143,3.530612,conformer
2026-09-18-6fnk-s0-n100-r9,6fnk,2026-09-18-6fnk-s0-n100-r9-0069,0.357143,3.576531,rigid
2026-09-18-6fnk-s0-n100-r9,6fnk,2026-09-18-6fnk-s0-n100-r9-0070,0.428571,3.622449,conformer
2026-09-18-6fnk-s0-n100-r9,6fnk,2026-09-18-6fnk-s0-n100-r9-0071,0.357143,3.668367,rigid
2026-09-18-6fnk-s0-n100-r9,6fnk,2026-09-18-6fnk-s0-n100-r9-0072,0.357143,3.714286,conformer
2026-09-18-6fnk-s0-n100-r9,6fnk,2026-09-18-6fnk-s0-n100-r9-0073,0.428571,3.760204,rigid
2026-09-18-6fnk-s0-n100-r9,6fnk,2026-09-18-6fnk-s0-n100-r9-0074,0.357143,3.806122,conformer
2026-09-18-6fnk-s0-n100-r9,6fnk,2026-09-18-6fnk-s0-n100-r9-0075,0.357143,3.852041,rigid
2026-09-18-6fnk-s0-n100-r9,6fnk,2026-09-18-6fnk-s0-n100-r9-0076,0.357143,3.897959,conformer
2026-09-18-6fnk-s0-n100-r9,6fnk,2026-09-18-6fnk-s0-n100-r9-0077,0.357143,3.943878,rigid
2026-09-18-6fnk-s0-n100-r9,6fnk,2026-09-18-6fnk-s0-n100-r9-0078,0.428571,3.989796,conformer
2026-09-18-6fnk-s0-n100-r9,6fnk,2026-09-18-6fnk-s0-n100-r9-0079,0.357143,4.035714,rigid
2026-09-18-6fnk-s0-n100-r9,6fnk,2026-09-18-6fnk-s0-n100-r9-0080,0.428571,4.081633,conformer
2026-09-18-6fnk-s0-n100-r9,6fnk,2026-09-18-6fnk-s0-n100-r9-0081,0.357143,4.127551,rigid
2026-09-18-6fnk-s0-n100-r9,6fnk,2026-09-18-6fnk-s0-n100-r9-0082,0.285714,4.173469,conformer
2026-09-18-6fnk-s0-n100-r9,6fnk,2026-09-18-6fnk-s0-n100-r9-0083,0.571429,4.219388,rigid
2026-09-18-6fnk-s0-n100-r9,6fnk,2026-09-18-6fnk-s0-n100-r9-0084,0.357143,4.265306,conformer
2026-09-18-6fnk-s0-n100-r9,6fnk,2026-09-18-6fnk-s0-n100-r9-0085,0.5,4.311224,rigid
2026-09-18-6fnk-s0-n100-r9,6fnk,2026-09-18-6fnk-s0-n100-r9-0086,0.571429,4.357143,conformer
2026-09-18-6fnk-s0-n100-r9,6fnk,2026-09-18-6fnk-s0-n100-r9-0087,0.357143,4.403061,rigid
2026-09-18-6fnk-s0-n100-r9,6fnk,2026-09-18-6fnk-s0-n100-r9-0088,0.5,4.44898,conformer
2026-09-18-6fnk-s0-n100-r9,6fnk,2026-09-18-6fnk-s0-n100-r9-0089,0.357143,4.494898,rigid
2026-09-18-6fnk-s0-n100-r9,6fnk,2026-09-18-6fnk-s0-n100-r9-0090,0.642857,4.540816,conformer
2026-09-18-6fnk-s0-n100-r9,6fnk,2026-09-18-6fnk-s0-n100-r9-0091,0.571429,4.586735,rigid
2026-09-18-6fnk-s0-n100-r9,6fnk,2026-09-18-6fnk-s0-n100-r9-0092,0.5,4.632653,conformer
2026-09-18-6fnk-s0-n100-r9,6fnk,2026-09-18-6fnk-s0-n100-r9-0093,0.428571,4.678571,rigid
2026-09-18-6fnk-s0-n100-r9,6fnk,2026-09-18-6fnk-s0-n100-r9-0094,0.428571,4.72449,conformer
2026-09-18-6fnk-s0-n100-r9,6fnk,2026-09-18-6fnk-s0-n100-r9-0095,0.357143,4.770408,rigid
2026-09-18-6fnk-s0-n100-r9,6fnk,2026-09-18-6fnk-s0-n100-r9-0096,0.357143,4.816327,conformer
2026-09-18-6fnk-s0-n100-r9,6fnk,2026-09-18-6fnk-s0-n100-r9-0097,0.357143,4.862245,rigid
2026-09-18-6fnk-s0-n100-r9,6fnk,2026-09-18-6fnk-s0-n100-r9-0098,0.357143,4.908163,conformer
2026-09-18-6fnk-s0-n100-r9,6fnk,2026-09-18-6fnk-s0-n100-r9-0099,0.428571,4.954082,rigid
2026-09-18-6fnk-s0-n100-r9,6fnk,2026-09-18-6fnk-s0-n100-r9-0100,0.357143,5.0,conformer
