label,rule,reproduced,extra,reference_total,positions
1uu8,любой углерод,14,0,14,85
1uu8,углерод и сера,14,0,14,85
1uu8,углерод и галогены,14,0,14,85
1uu8,"углерод, сера, фтор",14,0,14,85
1uu8,"углерод, сера, хлор",14,0,14,85
1uu8,"углерод, сера, галогены",14,0,14,85
1uu8,любой тяжёлый атом,14,3,14,85
3qcx,любой углерод,13,0,13,85
3qcx,углерод и сера,13,0,13,85
3qcx,углерод и галогены,13,0,13,85
3qcx,"углерод, сера, фтор",13,0,13,85
3qcx,"углерод, сера, хлор",13,0,13,85
3qcx,"углерод, сера, галогены",13,0,13,85
3qcx,любой тяжёлый атом,13,5,13,85
1uu3,любой углерод,17,0,17,85
1uu3,углерод и сера,17,0,17,85
1uu3,углерод и галогены,17,0,17,85
1uu3,"углерод, сера, фтор",17,0,17,85
1uu3,"углерод, сера, хлор",17,0,17,85
1uu3,"углерод, сера, галогены",17,0,17,85
1uu3,любой тяжёлый атом,17,3,17,85
3hrf,любой углерод,10,0,10,85
3hrf,углерод и сера,10,0,10,85
3hrf,углерод и галогены,10,0,10,85
3hrf,"углерод, сера, фтор",10,0,10,85
3hrf,"углерод, сера, хлор",10,0,10,85
3hrf,"углерод, сера, галогены",10,0,10,85
3hrf,любой тяжёлый атом,10,8,10,85
4rrv,любой углерод,8,0,8,85
4rrv,углерод и сера,8,0,8,85
4rrv,углерод и галогены,8,0,8,85
4rrv,"углерод, сера, фтор",8,0,8,85
4rrv,"углерод, сера, хлор",8,0,8,85
4rrv,"углерод, сера, галогены",8,0,8,85
4rrv,любой тяжёлый атом,8,10,8,85
3orz,любой углерод,15,0,15,85
3orz,углерод и сера,15,0,15,85
3orz,углерод и галогены,15,0,15,85
3orz,"углерод, сера, фтор",15,0,15,85
3orz,"углерод, сера, хлор",15,0,15,85
3orz,"углерод, сера, галогены",15,0,15,85
3orz,любой тяжёлый атом,15,5,15,85
3nuy,любой углерод,7,0,7,85
3nuy,углерод и сера,7,0,7,85
3nuy,углерод и галогены,7,0,7,85
3nuy,"углерод, сера, фтор",7,0,7,85
3nuy,"углерод, сера, хлор",7,0,7,85
3nuy,"углерод, сера, галогены",7,0,7,85
3nuy,любой тяжёлый атом,7,3,7,85
4aw0,любой углерод,9,0,9,85
4aw0,углерод и сера,9,0,9,85
4aw0,углерод и галогены,9,0,9,85
4aw0,"углерод, сера, фтор",9,0,9,85
4aw0,"углерод, сера, хлор",9,0,9,85
4aw0,"углерод, сера, галогены",9,0,9,85
4aw0,любой тяжёлый атом,9,8,9,85
4a07,любой углерод,9,0,9,85
4a07,углерод и сера,9,0,9,85
4a07,углерод и галогены,9,0,9,85
4a07,"углерод, сера, фтор",9,0,9,85
4a07,"углерод, сера, хлор",9,0,9,85
4a07,"углерод, сера, галогены",9,0,9,85
4a07,любой тяжёлый атом,9,10,9,85
1uu8,любой углерод,14,0,14,85
1uu8,углерод и сера,14,0,14,85
1uu8,углерод и галогены,14,0,14,85
1uu8,"углерод, сера, фтор",14,0,14,85
1uu8,"углерод, сера, хлор",14,0,14,85
1uu8,"углерод, сера, галогены",14,0,14,85
1uu8,любой тяжёлый атом,14,3,14,85
3nuy,любой углерод,7,0,7,85
3nuy,углерод и сера,7,0,7,85
3nuy,углерод и галогены,7,0,7,85
3nuy,"углерод, сера, фтор",7,0,7,85
3nuy,"углерод, сера, хлор",7,0,7,85
3nuy,"углерод, сера, галогены",7,0,7,85
3nuy,любой тяжёлый атом,7,3,7,85
4a07,любой углерод,9,0,9,85
4a07,углерод и сера,9,0,9,85
4a07,углерод и галогены,9,0,9,85
4a07,"углерод, сера, фтор",9,0,9,85
4a07,"углерод, сера, хлор",9,0,9,85
4a07,"углерод, сера, галогены",9,0,9,85
4a07,любой тяжёлый атом,9,10,9,85
3nus,любой углерод,7,0,7,85
3nus,углерод и сера,7,0,7,85
3nus,углерод и галогены,7,0,7,85
3nus,"углерод, сера, фтор",7,0,7,85
3nus,"углерод, сера, хлор",7,0,7,85
3nus,"углерод, сера, галогены",7,0,7,85
3nus,любой тяжёлый атом,7,2,7,85
2biy,любой углерод,8,0,8,85
2biy,углерод и сера,8,0,8,85
2biy,углерод и галогены,8,0,8,85
2biy,"углерод, сера, фтор",8,0,8,85
2biy,"углерод, сера, хлор",8,0,8,85
2biy,"углерод, сера, галогены",8,0,8,85
2biy,любой тяжёлый атом,8,10,8,85
3nay,любой углерод,19,0,19,85
3nay,углерод и сера,19,0,19,85
3nay,углерод и галогены,19,0,19,85
3nay,"углерод, сера, фтор",19,0,19,85
3nay,"углерод, сера, хлор",19,0,19,85
3nay,"углерод, сера, галогены",19,0,19,85
3nay,любой тяжёлый атом,19,3,19,85
4ct2,любой углерод,9,0,9,85
4ct2,углерод и сера,9,0,9,85
4ct2,углерод и галогены,9,0,9,85
4ct2,"углерод, сера, фтор",9,0,9,85
4ct2,"углерод, сера, хлор",9,0,9,85
4ct2,"углерод, сера, галогены",9,0,9,85
4ct2,любой тяжёлый атом,9,8,9,85
4aw1,любой углерод,9,0,9,85
4aw1,углерод и сера,9,0,9,85
4aw1,углерод и галогены,9,0,9,85
4aw1,"углерод, сера, фтор",9,0,9,85
4aw1,"углерод, сера, хлор",9,0,9,85
4aw1,"углерод, сера, галогены",9,0,9,85
4aw1,любой тяжёлый атом,9,13,9,85
4a06,любой углерод,8,0,8,85
4a06,углерод и сера,8,0,8,85
4a06,углерод и галогены,8,0,8,85
4a06,"углерод, сера, фтор",8,0,8,85
4a06,"углерод, сера, хлор",8,0,8,85
4a06,"углерод, сера, галогены",8,0,8,85
4a06,любой тяжёлый атом,8,12,8,85
3h9o,любой углерод,16,0,16,85
3h9o,углерод и сера,16,0,16,85
3h9o,углерод и галогены,16,0,16,85
3h9o,"углерод, сера, фтор",16,0,16,85
3h9o,"углерод, сера, хлор",16,0,16,85
3h9o,"углерод, сера, галогены",16,0,16,85
3h9o,любой тяжёлый атом,16,1,16,85
3qd4,любой углерод,19,0,19,85
3qd4,углерод и сера,19,0,19,85
3qd4,углерод и галогены,19,0,19,85
3qd4,"углерод, сера, фтор",19,0,19,85
3qd4,"углерод, сера, хлор",19,0,19,85
3qd4,"углерод, сера, галогены",19,0,19,85
3qd4,любой тяжёлый атом,19,3,19,85
1uu7,любой углерод,13,0,13,85
1uu7,углерод и сера,13,0,13,85
1uu7,углерод и галогены,13,0,13,85
1uu7,"углерод, сера, фтор",13,0,13,85
1uu7,"углерод, сера, хлор",13,0,13,85
1uu7,"углерод, сера, галогены",13,0,13,85
1uu7,любой тяжёлый атом,13,4,13,85
3hrc,любой углерод,8,0,8,85
3hrc,углерод и сера,8,0,8,85
3hrc,углерод и галогены,8,0,8,85
3hrc,"углерод, сера, фтор",8,0,8,85
3hrc,"углерод, сера, хлор",8,0,8,85
3hrc,"углерод, сера, галогены",8,0,8,85
3hrc,любой тяжёлый атом,8,10,8,85
4aw1,любой углерод,9,0,9,85
4aw1,углерод и сера,9,0,9,85
4aw1,углерод и галогены,9,0,9,85
4aw1,"углерод, сера, фтор",9,0,9,85
4aw1,"углерод, сера, хлор",9,0,9,85
4aw1,"углерод, сера, галогены",9,0,9,85
4aw1,любой тяжёлый атом,9,13,9,85
2xch,любой углерод,16,0,16,85
2xch,углерод и сера,16,0,16,85
2xch,углерод и галогены,16,0,16,85
2xch,"углерод, сера, фтор",16,0,16,85
2xch,"углерод, сера, хлор",16,0,16,85
2xch,"углерод, сера, галогены",16,0,16,85
2xch,любой тяжёлый атом,16,1,16,85
4rqv,любой углерод,8,0,8,85
4rqv,углерод и сера,8,0,8,85
4rqv,углерод и галогены,8,0,8,85
4rqv,"углерод, сера, фтор",8,0,8,85
4rqv,"углерод, сера, хлор",8,0,8,85
4rqv,"углерод, сера, галогены",8,0,8,85
4rqv,любой тяжёлый атом,8,10,8,85
3ion,любой углерод,18,0,18,85
3ion,углерод и сера,18,0,18,85
3ion,углерод и галогены,18,0,18,85
3ion,"углерод, сера, фтор",18,0,18,85
3ion,"углерод, сера, хлор",18,0,18,85
3ion,"углерод, сера, галогены",18,0,18,85
3ion,любой тяжёлый атом,18,4,18,85
3otu,любой углерод,15,0,15,85
3otu,углерод и сера,15,0,15,85
3otu,углерод и галогены,15,0,15,85
3otu,"углерод, сера, фтор",15,0,15,85
3otu,"углерод, сера, хлор",15,0,15,85
3otu,"углерод, сера, галогены",15,0,15,85
3otu,любой тяжёлый атом,15,4,15,85
3nun,любой углерод,10,0,10,85
3nun,углерод и сера,10,0,10,85
3nun,углерод и галогены,10,0,10,85
3nun,"углерод, сера, фтор",10,0,10,85
3nun,"углерод, сера, хлор",10,0,10,85
3nun,"углерод, сера, галогены",10,0,10,85
3nun,любой тяжёлый атом,10,3,10,85
2r7b,любой углерод,13,0,13,85
2r7b,углерод и сера,13,0,13,85
2r7b,углерод и галогены,13,0,13,85
2r7b,"углерод, сера, фтор",13,0,13,85
2r7b,"углерод, сера, хлор",13,0,13,85
2r7b,"углерод, сера, галогены",13,0,13,85
2r7b,любой тяжёлый атом,13,2,13,85
3nuu,любой углерод,9,0,9,85
3nuu,углерод и сера,9,0,9,85
3nuu,углерод и галогены,9,0,9,85
3nuu,"углерод, сера, фтор",9,0,9,85
3nuu,"углерод, сера, хлор",9,0,9,85
3nuu,"углерод, сера, галогены",9,0,9,85
3nuu,любой тяжёлый атом,9,2,9,85
3rwq,любой углерод,16,0,16,85
3rwq,углерод и сера,16,0,16,85
3rwq,углерод и галогены,16,0,16,85
3rwq,"углерод, сера, фтор",16,0,16,85
3rwq,"углерод, сера, хлор",16,0,16,85
3rwq,"углерод, сера, галогены",16,0,16,85
3rwq,любой тяжёлый атом,16,4,16,85
1okz,любой углерод,16,0,16,85
1okz,углерод и сера,16,0,16,85
1okz,углерод и галогены,16,0,16,85
1okz,"углерод, сера, фтор",16,0,16,85
1okz,"углерод, сера, хлор",16,0,16,85
1okz,"углерод, сера, галогены",16,0,16,85
1okz,любой тяжёлый атом,16,3,16,85
3rwp,любой углерод,17,0,19,85
3rwp,углерод и сера,17,0,19,85
3rwp,углерод и галогены,17,0,19,85
3rwp,"углерод, сера, фтор",19,0,19,85
3rwp,"углерод, сера, хлор",17,0,19,85
3rwp,"углерод, сера, галогены",19,0,19,85
3rwp,любой тяжёлый атом,19,3,19,85
4a06,любой углерод,8,0,8,85
4a06,углерод и сера,8,0,8,85
4a06,углерод и галогены,8,0,8,85
4a06,"углерод, сера, фтор",8,0,8,85
4a06,"углерод, сера, хлор",8,0,8,85
4a06,"углерод, сера, галогены",8,0,8,85
4a06,любой тяжёлый атом,8,12,8,85
2pe0,любой углерод,12,0,12,85
2pe0,углерод и сера,12,0,12,85
2pe0,углерод и галогены,12,0,12,85
2pe0,"углерод, сера, фтор",12,0,12,85
2pe0,"углерод, сера, хлор",12,0,12,85
2pe0,"углерод, сера, галогены",12,0,12,85
2pe0,любой тяжёлый атом,12,2,12,85
3qcq,любой углерод,13,0,13,85
3qcq,углерод и сера,13,0,13,85
3qcq,углерод и галогены,13,0,13,85
3qcq,"углерод, сера, фтор",13,0,13,85
3qcq,"углерод, сера, хлор",13,0,13,85
3qcq,"углерод, сера, галогены",13,0,13,85
3qcq,любой тяжёлый атом,13,6,13,85
3iop,любой углерод,20,0,20,85
3iop,углерод и сера,20,0,20,85
3iop,углерод и галогены,20,0,20,85
3iop,"углерод, сера, фтор",20,0,20,85
3iop,"углерод, сера, хлор",20,0,20,85
3iop,"углерод, сера, галогены",20,0,20,85
3iop,любой тяжёлый атом,20,3,20,85
3nay,любой углерод,21,0,21,85
3nay,углерод и сера,21,0,21,85
3nay,углерод и галогены,21,0,21,85
3nay,"углерод, сера, фтор",21,0,21,85
3nay,"углерод, сера, хлор",21,0,21,85
3nay,"углерод, сера, галогены",21,0,21,85
3nay,любой тяжёлый атом,21,3,21,85
2xck,любой углерод,19,0,19,85
2xck,углерод и сера,19,0,19,85
2xck,углерод и галогены,19,0,19,85
2xck,"углерод, сера, фтор",19,0,19,85
2xck,"углерод, сера, хлор",19,0,19,85
2xck,"углерод, сера, галогены",19,0,19,85
2xck,любой тяжёлый атом,19,1,19,85
3rwp,любой углерод,17,0,19,85
3rwp,углерод и сера,17,0,19,85
3rwp,углерод и галогены,17,0,19,85
3rwp,"углерод, сера, фтор",19,0,19,85
3rwp,"углерод, сера, хлор",17,0,19,85
3rwp,"углерод, сера, галогены",19,0,19,85
3rwp,любой тяжёлый атом,19,3,19,85
3orz,любой углерод,16,0,16,85
3orz,углерод и сера,16,0,16,85
3orz,углерод и галогены,16,0,16,85
3orz,"углерод, сера, фтор",16,0,16,85
3orz,"углерод, сера, хлор",16,0,16,85
3orz,"углерод, сера, галогены",16,0,16,85
3orz,любой тяжёлый атом,16,4,16,85
3orz,любой углерод,16,0,16,85
3orz,углерод и сера,16,0,16,85
3orz,углерод и галогены,16,0,16,85
3orz,"углерод, сера, фтор",16,0,16,85
3orz,"углерод, сера, хлор",16,0,16,85
3orz,"углерод, сера, галогены",16,0,16,85
3orz,любой тяжёлый атом,16,4,16,85
3qd0,любой углерод,17,0,17,85
3qd0,углерод и сера,17,0,17,85
3qd0,углерод и галогены,17,0,17,85
3qd0,"углерод, сера, фтор",17,0,17,85
3qd0,"углерод, сера, хлор",17,0,17,85
3qd0,"углерод, сера, галогены",17,0,17,85
3qd0,любой тяжёлый атом,17,4,17,85
1oky,любой углерод,17,0,17,85
1oky,углерод и сера,17,0,17,85
1oky,углерод и галогены,17,0,17,85
1oky,"углерод, сера, фтор",17,0,17,85
1oky,"углерод, сера, хлор",17,0,17,85
1oky,"углерод, сера, галогены",17,0,17,85
1oky,любой тяжёлый атом,17,3,17,85
1h1w,любой углерод,9,0,9,85
1h1w,углерод и сера,9,0,9,85
1h1w,углерод и галогены,9,0,9,85
1h1w,"углерод, сера, фтор",9,0,9,85
1h1w,"углерод, сера, хлор",9,0,9,85
1h1w,"углерод, сера, галогены",9,0,9,85
1h1w,любой тяжёлый атом,9,9,9,85
1uvr,любой углерод,14,0,14,85
1uvr,углерод и сера,14,0,14,85
1uvr,углерод и галогены,14,0,14,85
1uvr,"углерод, сера, фтор",14,0,14,85
1uvr,"углерод, сера, хлор",14,0,14,85
1uvr,"углерод, сера, галогены",14,0,14,85
1uvr,любой тяжёлый атом,14,4,14,85
3orz,любой углерод,17,0,17,85
3orz,углерод и сера,17,0,17,85
3orz,углерод и галогены,17,0,17,85
3orz,"углерод, сера, фтор",17,0,17,85
3orz,"углерод, сера, хлор",17,0,17,85
3orz,"углерод, сера, галогены",17,0,17,85
3orz,любой тяжёлый атом,17,4,17,85
3qd4,любой углерод,19,0,19,85
3qd4,углерод и сера,19,0,19,85
3qd4,углерод и галогены,19,0,19,85
3qd4,"углерод, сера, фтор",19,0,19,85
3qd4,"углерод, сера, хлор",19,0,19,85
3qd4,"углерод, сера, галогены",19,0,19,85
3qd4,любой тяжёлый атом,19,3,19,85
3qd3,любой углерод,18,0,18,85
3qd3,углерод и сера,18,0,18,85
3qd3,углерод и галогены,18,0,18,85
3qd3,"углерод, сера, фтор",18,0,18,85
3qd3,"углерод, сера, хлор",18,0,18,85
3qd3,"углерод, сера, галогены",18,0,18,85
3qd3,любой тяжёлый атом,18,4,18,85
3qcx,любой углерод,13,0,13,85
3qcx,углерод и сера,13,0,13,85
3qcx,углерод и галогены,13,0,13,85
3qcx,"углерод, сера, фтор",13,0,13,85
3qcx,"углерод, сера, хлор",13,0,13,85
3qcx,"углерод, сера, галогены",13,0,13,85
3qcx,любой тяжёлый атом,13,5,13,85
1h1w,любой углерод,9,0,9,85
1h1w,углерод и сера,9,0,9,85
1h1w,углерод и галогены,9,0,9,85
1h1w,"углерод, сера, фтор",9,0,9,85
1h1w,"углерод, сера, хлор",9,0,9,85
1h1w,"углерод, сера, галогены",9,0,9,85
1h1w,любой тяжёлый атом,9,10,9,85
3nus,любой углерод,7,0,7,85
3nus,углерод и сера,7,0,7,85
3nus,углерод и галогены,7,0,7,85
3nus,"углерод, сера, фтор",7,0,7,85
3nus,"углерод, сера, хлор",7,0,7,85
3nus,"углерод, сера, галогены",7,0,7,85
3nus,любой тяжёлый атом,7,2,7,85
3orz,любой углерод,17,0,17,85
3orz,углерод и сера,17,0,17,85
3orz,углерод и галогены,17,0,17,85
3orz,"углерод, сера, фтор",17,0,17,85
3orz,"углерод, сера, хлор",17,0,17,85
3orz,"углерод, сера, галогены",17,0,17,85
3orz,любой тяжёлый атом,17,4,17,85
3nun,любой углерод,10,0,10,85
3nun,углерод и сера,10,0,10,85
3nun,углерод и галогены,10,0,10,85
3nun,"углерод, сера, фтор",10,0,10,85
3nun,"углерод, сера, хлор",10,0,10,85
3nun,"углерод, сера, галогены",10,0,10,85
3nun,любой тяжёлый атом,10,3,10,85
4rqv,любой углерод,8,0,8,85
4rqv,углерод и сера,8,0,8,85
4rqv,углерод и галогены,8,0,8,85
4rqv,"углерод, сера, фтор",8,0,8,85
4rqv,"углерод, сера, хлор",8,0,8,85
4rqv,"углерод, сера, галогены",8,0,8,85
4rqv,любой тяжёлый атом,8,10,8,85
3orz,любой углерод,16,0,16,85
3orz,углерод и сера,16,0,16,85
3orz,углерод и галогены,16,0,16,85
3orz,"углерод, сера, фтор",16,0,16,85
3orz,"углерод, сера, хлор",16,0,16,85
3orz,"углерод, сера, галогены",16,0,16,85
3orz,любой тяжёлый атом,16,4,16,85
1uu3,любой углерод,17,0,17,85
1uu3,углерод и сера,17,0,17,85
1uu3,углерод и галогены,17,0,17,85
1uu3,"углерод, сера, фтор",17,0,17,85
1uu3,"углерод, сера, хлор",17,0,17,85
1uu3,"углерод, сера, галогены",17,0,17,85
1uu3,любой тяжёлый атом,17,3,17,85
3qcs,любой углерод,12,0,12,85
3qcs,углерод и сера,12,0,12,85
3qcs,углерод и галогены,12,0,12,85
3qcs,"углерод, сера, фтор",12,0,12,85
3qcs,"углерод, сера, хлор",12,0,12,85
3qcs,"углерод, сера, галогены",12,0,12,85
3qcs,любой тяжёлый атом,12,6,12,85
4aw0,любой углерод,9,0,9,85
4aw0,углерод и сера,9,0,9,85
4aw0,углерод и галогены,9,0,9,85
4aw0,"углерод, сера, фтор",9,0,9,85
4aw0,"углерод, сера, хлор",9,0,9,85
4aw0,"углерод, сера, галогены",9,0,9,85
4aw0,любой тяжёлый атом,9,8,9,85
4rqk,любой углерод,8,0,8,85
4rqk,углерод и сера,8,0,8,85
4rqk,углерод и галогены,8,0,8,85
4rqk,"углерод, сера, фтор",8,0,8,85
4rqk,"углерод, сера, хлор",8,0,8,85
4rqk,"углерод, сера, галогены",8,0,8,85
4rqk,любой тяжёлый атом,8,10,8,85
3sc1,любой углерод,13,0,13,85
3sc1,углерод и сера,13,0,13,85
3sc1,углерод и галогены,13,0,13,85
3sc1,"углерод, сера, фтор",13,0,13,85
3sc1,"углерод, сера, хлор",13,0,13,85
3sc1,"углерод, сера, галогены",13,0,13,85
3sc1,любой тяжёлый атом,13,2,13,85
3hrc,любой углерод,8,0,8,85
3hrc,углерод и сера,8,0,8,85
3hrc,углерод и галогены,8,0,8,85
3hrc,"углерод, сера, фтор",8,0,8,85
3hrc,"углерод, сера, хлор",8,0,8,85
3hrc,"углерод, сера, галогены",8,0,8,85
3hrc,любой тяжёлый атом,8,10,8,85
3qd3,любой углерод,18,0,18,85
3qd3,углерод и сера,18,0,18,85
3qd3,углерод и галогены,18,0,18,85
3qd3,"углерод, сера, фтор",18,0,18,85
3qd3,"углерод, сера, хлор",18,0,18,85
3qd3,"углерод, сера, галогены",18,0,18,85
3qd3,любой тяжёлый атом,18,4,18,85
3hrf,любой углерод,10,0,10,85
3hrf,углерод и сера,10,0,10,85
3hrf,углерод и галогены,10,0,10,85
3hrf,"углерод, сера, фтор",10,0,10,85
3hrf,"углерод, сера, хлор",10,0,10,85
3hrf,"углерод, сера, галогены",10,0,10,85
3hrf,любой тяжёлый атом,10,8,10,85
2biy,любой углерод,8,0,8,85
2biy,углерод и сера,8,0,8,85
2biy,углерод и галогены,8,0,8,85
2biy,"углерод, сера, фтор",8,0,8,85
2biy,"углерод, сера, хлор",8,0,8,85
2biy,"углерод, сера, галогены",8,0,8,85
2biy,любой тяжёлый атом,8,11,8,85
4ct1,любой углерод,8,0,8,85
4ct1,углерод и сера,8,0,8,85
4ct1,углерод и галогены,8,0,8,85
4ct1,"углерод, сера, фтор",8,0,8,85
4ct1,"углерод, сера, хлор",8,0,8,85
4ct1,"углерод, сера, галогены",8,0,8,85
4ct1,любой тяжёлый атом,8,9,8,85
2pe1,любой углерод,14,0,14,85
2pe1,углерод и сера,14,0,14,85
2pe1,углерод и галогены,14,0,14,85
2pe1,"углерод, сера, фтор",14,0,14,85
2pe1,"углерод, сера, хлор",14,0,14,85
2pe1,"углерод, сера, галогены",14,0,14,85
2pe1,любой тяжёлый атом,14,3,14,85
1oky,любой углерод,17,0,17,85
1oky,углерод и сера,17,0,17,85
1oky,углерод и галогены,17,0,17,85
1oky,"углерод, сера, фтор",17,0,17,85
1oky,"углерод, сера, хлор",17,0,17,85
1oky,"углерод, сера, галогены",17,0,17,85
1oky,любой тяжёлый атом,17,3,17,85
2pe2,любой углерод,17,0,17,85
2pe2,углерод и сера,17,0,17,85
2pe2,углерод и галогены,17,0,17,85
2pe2,"углерод, сера, фтор",17,0,17,85
2pe2,"углерод, сера, хлор",17,0,17,85
2pe2,"углерод, сера, галогены",17,0,17,85
2pe2,любой тяжёлый атом,17,1,17,85
3qcy,любой углерод,17,0,17,85
3qcy,углерод и сера,17,0,17,85
3qcy,углерод и галогены,17,0,17,85
3qcy,"углерод, сера, фтор",17,0,17,85
3qcy,"углерод, сера, хлор",17,0,17,85
3qcy,"углерод, сера, галогены",17,0,17,85
3qcy,любой тяжёлый атом,17,4,17,85
3orz,любой углерод,16,0,16,85
3orz,углерод и сера,16,0,16,85
3orz,углерод и галогены,16,0,16,85
3orz,"углерод, сера, фтор",16,0,16,85
3orz,"углерод, сера, хлор",16,0,16,85
3orz,"углерод, сера, галогены",16,0,16,85
3orz,любой тяжёлый атом,16,4,16,85
3nuu,любой углерод,9,0,9,85
3nuu,углерод и сера,9,0,9,85
3nuu,углерод и галогены,9,0,9,85
3nuu,"углерод, сера, фтор",9,0,9,85
3nuu,"углерод, сера, хлор",9,0,9,85
3nuu,"углерод, сера, галогены",9,0,9,85
3nuu,любой тяжёлый атом,9,2,9,85
4ct1,любой углерод,8,0,8,85
4ct1,углерод и сера,8,0,8,85
4ct1,углерод и галогены,8,0,8,85
4ct1,"углерод, сера, фтор",8,0,8,85
4ct1,"углерод, сера, хлор",8,0,8,85
4ct1,"углерод, сера, галогены",8,0,8,85
4ct1,любой тяжёлый атом,8,9,8,85
3qd0,любой углерод,17,0,17,85
3qd0,углерод и сера,17,0,17,85
3qd0,углерод и галогены,17,0,17,85
3qd0,"углерод, сера, фтор",17,0,17,85
3qd0,"углерод, сера, хлор",17,0,17,85
3qd0,"углерод, сера, галогены",17,0,17,85
3qd0,любой тяжёлый атом,17,4,17,85
3qcs,любой углерод,12,0,12,85
3qcs,углерод и сера,12,0,12,85
3qcs,углерод и галогены,12,0,12,85
3qcs,"углерод, сера, фтор",12,0,12,85
3qcs,"углерод, сера, хлор",12,0,12,85
3qcs,"углерод, сера, галогены",12,0,12,85
3qcs,любой тяжёлый атом,12,6,12,85
3rcj,любой углерод,15,0,15,85
3rcj,углерод и сера,15,0,15,85
3rcj,углерод и галогены,15,0,15,85
3rcj,"углерод, сера, фтор",15,0,15,85
3rcj,"углерод, сера, хлор",15,0,15,85
3rcj,"углерод, сера, галогены",15,0,15,85
3rcj,любой тяжёлый атом,15,2,15,85
4ct2,любой углерод,9,0,9,85
4ct2,углерод и сера,9,0,9,85
4ct2,углерод и галогены,9,0,9,85
4ct2,"углерод, сера, фтор",9,0,9,85
4ct2,"углерод, сера, хлор",9,0,9,85
4ct2,"углерод, сера, галогены",9,0,9,85
4ct2,любой тяжёлый атом,9,8,9,85
1z5m,любой углерод,16,0,18,85
1z5m,углерод и сера,16,0,18,85
1z5m,углерод и галогены,18,0,18,85
1z5m,"углерод, сера, фтор",16,0,18,85
1z5m,"углерод, сера, хлор",16,0,18,85
1z5m,"углерод, сера, галогены",18,0,18,85
1z5m,любой тяжёлый атом,18,3,18,85
3qcy,любой углерод,17,0,17,85
3qcy,углерод и сера,17,0,17,85
3qcy,углерод и галогены,17,0,17,85
3qcy,"углерод, сера, фтор",17,0,17,85
3qcy,"углерод, сера, хлор",17,0,17,85
3qcy,"углерод, сера, галогены",17,0,17,85
3qcy,любой тяжёлый атом,17,4,17,85
3orz,любой углерод,15,0,15,85
3orz,углерод и сера,15,0,15,85
3orz,углерод и галогены,15,0,15,85
3orz,"углерод, сера, фтор",15,0,15,85
3orz,"углерод, сера, хлор",15,0,15,85
3orz,"углерод, сера, галогены",15,0,15,85
3orz,любой тяжёлый атом,15,5,15,85
3qcq,любой углерод,13,0,13,85
3qcq,углерод и сера,13,0,13,85
3qcq,углерод и галогены,13,0,13,85
3qcq,"углерод, сера, фтор",13,0,13,85
3qcq,"углерод, сера, хлор",13,0,13,85
3qcq,"углерод, сера, галогены",13,0,13,85
3qcq,любой тяжёлый атом,13,6,13,85
5ack,любой углерод,8,0,8,85
5ack,углерод и сера,8,0,8,85
5ack,углерод и галогены,8,0,8,85
5ack,"углерод, сера, фтор",8,0,8,85
5ack,"углерод, сера, хлор",8,0,8,85
5ack,"углерод, сера, галогены",8,0,8,85
5ack,любой тяжёлый атом,8,12,8,85
4xx9,любой углерод,8,0,8,85
4xx9,углерод и сера,8,0,8,85
4xx9,углерод и галогены,8,0,8,85
4xx9,"углерод, сера, фтор",8,0,8,85
4xx9,"углерод, сера, хлор",8,0,8,85
4xx9,"углерод, сера, галогены",8,0,8,85
4xx9,любой тяжёлый атом,8,10,8,85
5ack,любой углерод,8,0,8,85
5ack,углерод и сера,8,0,8,85
5ack,углерод и галогены,8,0,8,85
5ack,"углерод, сера, фтор",8,0,8,85
5ack,"углерод, сера, хлор",8,0,8,85
5ack,"углерод, сера, галогены",8,0,8,85
5ack,любой тяжёлый атом,8,12,8,85
5hkm,любой углерод,12,0,12,85
5hkm,углерод и сера,12,0,12,85
5hkm,углерод и галогены,12,0,12,85
5hkm,"углерод, сера, фтор",12,0,12,85
5hkm,"углерод, сера, хлор",12,0,12,85
5hkm,"углерод, сера, галогены",12,0,12,85
5hkm,любой тяжёлый атом,12,3,12,85
5ho7,любой углерод,7,0,8,85
5ho7,углерод и сера,8,0,8,85
5ho7,углерод и галогены,7,0,8,85
5ho7,"углерод, сера, фтор",8,0,8,85
5ho7,"углерод, сера, хлор",8,0,8,85
5ho7,"углерод, сера, галогены",8,0,8,85
5ho7,любой тяжёлый атом,8,5,8,85
5ho8,любой углерод,13,0,13,85
5ho8,углерод и сера,13,0,13,85
5ho8,углерод и галогены,13,0,13,85
5ho8,"углерод, сера, фтор",13,0,13,85
5ho8,"углерод, сера, хлор",13,0,13,85
5ho8,"углерод, сера, галогены",13,0,13,85
5ho8,любой тяжёлый атом,13,3,13,85
5ho7,любой углерод,7,0,8,85
5ho7,углерод и сера,8,0,8,85
5ho7,углерод и галогены,7,0,8,85
5ho7,"углерод, сера, фтор",8,0,8,85
5ho7,"углерод, сера, хлор",8,0,8,85
5ho7,"углерод, сера, галогены",8,0,8,85
5ho7,любой тяжёлый атом,8,5,8,85
5ho8,любой углерод,13,0,13,85
5ho8,углерод и сера,13,0,13,85
5ho8,углерод и галогены,13,0,13,85
5ho8,"углерод, сера, фтор",13,0,13,85
5ho8,"углерод, сера, хлор",13,0,13,85
5ho8,"углерод, сера, галогены",13,0,13,85
5ho8,любой тяжёлый атом,13,3,13,85
1uu9,любой углерод,14,0,14,85
1uu9,углерод и сера,14,0,14,85
1uu9,углерод и галогены,14,0,14,85
1uu9,"углерод, сера, фтор",14,0,14,85
1uu9,"углерод, сера, хлор",14,0,14,85
1uu9,"углерод, сера, галогены",14,0,14,85
1uu9,любой тяжёлый атом,14,3,14,85
1uu9,любой углерод,14,0,14,85
1uu9,углерод и сера,14,0,14,85
1uu9,углерод и галогены,14,0,14,85
1uu9,"углерод, сера, фтор",14,0,14,85
1uu9,"углерод, сера, хлор",14,0,14,85
1uu9,"углерод, сера, галогены",14,0,14,85
1uu9,любой тяжёлый атом,14,3,14,85
5lvp,любой углерод,9,0,9,85
5lvp,углерод и сера,9,0,9,85
5lvp,углерод и галогены,9,0,9,85
5lvp,"углерод, сера, фтор",9,0,9,85
5lvp,"углерод, сера, хлор",9,0,9,85
5lvp,"углерод, сера, галогены",9,0,9,85
5lvp,любой тяжёлый атом,9,8,9,85
5lvm,любой углерод,6,0,6,85
5lvm,углерод и сера,6,0,6,85
5lvm,углерод и галогены,6,0,6,85
5lvm,"углерод, сера, фтор",6,0,6,85
5lvm,"углерод, сера, хлор",6,0,6,85
5lvm,"углерод, сера, галогены",6,0,6,85
5lvm,любой тяжёлый атом,6,3,6,85
5lvo,любой углерод,7,0,7,85
5lvo,углерод и сера,7,0,7,85
5lvo,углерод и галогены,7,0,7,85
5lvo,"углерод, сера, фтор",7,0,7,85
5lvo,"углерод, сера, хлор",7,0,7,85
5lvo,"углерод, сера, галогены",7,0,7,85
5lvo,любой тяжёлый атом,7,10,7,85
5lvn,любой углерод,9,0,9,85
5lvn,углерод и сера,9,0,9,85
5lvn,углерод и галогены,9,0,9,85
5lvn,"углерод, сера, фтор",9,0,9,85
5lvn,"углерод, сера, хлор",9,0,9,85
5lvn,"углерод, сера, галогены",9,0,9,85
5lvn,любой тяжёлый атом,9,4,9,85
5lvl,любой углерод,9,0,9,85
5lvl,углерод и сера,9,0,9,85
5lvl,углерод и галогены,9,0,9,85
5lvl,"углерод, сера, фтор",9,0,9,85
5lvl,"углерод, сера, хлор",9,0,9,85
5lvl,"углерод, сера, галогены",9,0,9,85
5lvl,любой тяжёлый атом,9,4,9,85
5lvp,любой углерод,8,0,8,85
5lvp,углерод и сера,8,0,8,85
5lvp,углерод и галогены,8,0,8,85
5lvp,"углерод, сера, фтор",8,0,8,85
5lvp,"углерод, сера, хлор",8,0,8,85
5lvp,"углерод, сера, галогены",8,0,8,85
5lvp,любой тяжёлый атом,8,9,8,85
5lvn,любой углерод,9,0,9,85
5lvn,углерод и сера,9,0,9,85
5lvn,углерод и галогены,9,0,9,85
5lvn,"углерод, сера, фтор",9,0,9,85
5lvn,"углерод, сера, хлор",9,0,9,85
5lvn,"углерод, сера, галогены",9,0,9,85
5lvn,любой тяжёлый атом,9,4,9,85
5lvl,любой углерод,9,0,9,85
5lvl,углерод и сера,9,0,9,85
5lvl,углерод и галогены,9,0,9,85
5lvl,"углерод, сера, фтор",9,0,9,85
5lvl,"углерод, сера, хлор",9,0,9,85
5lvl,"углерод, сера, галогены",9,0,9,85
5lvl,любой тяжёлый атом,9,4,9,85
5lvp,любой углерод,8,0,8,85
5lvp,углерод и сера,8,0,8,85
5lvp,углерод и галогены,8,0,8,85
5lvp,"углерод, сера, фтор",8,0,8,85
5lvp,"углерод, сера, хлор",8,0,8,85
5lvp,"углерод, сера, галогены",8,0,8,85
5lvp,любой тяжёлый атом,8,10,8,85
5lvm,любой углерод,6,0,6,85
5lvm,углерод и сера,6,0,6,85
5lvm,углерод и галогены,6,0,6,85
5lvm,"углерод, сера, фтор",6,0,6,85
5lvm,"углерод, сера, хлор",6,0,6,85
5lvm,"углерод, сера, галогены",6,0,6,85
5lvm,любой тяжёлый атом,6,3,6,85
5lvp,любой углерод,9,0,9,85
5lvp,углерод и сера,9,0,9,85
5lvp,углерод и галогены,9,0,9,85
5lvp,"углерод, сера, фтор",9,0,9,85
5lvp,"углерод, сера, хлор",9,0,9,85
5lvp,"углерод, сера, галогены",9,0,9,85
5lvp,любой тяжёлый атом,9,8,9,85
5lvo,любой углерод,7,0,7,85
5lvo,углерод и сера,7,0,7,85
5lvo,углерод и галогены,7,0,7,85
5lvo,"углерод, сера, фтор",7,0,7,85
5lvo,"углерод, сера, хлор",7,0,7,85
5lvo,"углерод, сера, галогены",7,0,7,85
5lvo,любой тяжёлый атом,7,10,7,85
5lvm,любой углерод,6,0,6,85
5lvm,углерод и сера,6,0,6,85
5lvm,углерод и галогены,6,0,6,85
5lvm,"углерод, сера, фтор",6,0,6,85
5lvm,"углерод, сера, хлор",6,0,6,85
5lvm,"углерод, сера, галогены",6,0,6,85
5lvm,любой тяжёлый атом,6,3,6,85
5mrd,любой углерод,8,0,8,85
5mrd,углерод и сера,8,0,8,85
5mrd,углерод и галогены,8,0,8,85
5mrd,"углерод, сера, фтор",8,0,8,85
5mrd,"углерод, сера, хлор",8,0,8,85
5mrd,"углерод, сера, галогены",8,0,8,85
5mrd,любой тяжёлый атом,8,11,8,85
5mrd,любой углерод,8,0,8,85
5mrd,углерод и сера,8,0,8,85
5mrd,углерод и галогены,8,0,8,85
5mrd,"углерод, сера, фтор",8,0,8,85
5mrd,"углерод, сера, хлор",8,0,8,85
5mrd,"углерод, сера, галогены",8,0,8,85
5mrd,любой тяжёлый атом,8,11,8,85
5op4,любой углерод,12,0,13,85
5op4,углерод и сера,12,0,13,85
5op4,углерод и галогены,12,0,13,85
5op4,"углерод, сера, фтор",13,0,13,85
5op4,"углерод, сера, хлор",12,0,13,85
5op4,"углерод, сера, галогены",13,0,13,85
5op4,любой тяжёлый атом,13,3,13,85
7akm,любой углерод,8,0,10,85
7akm,углерод и сера,10,0,10,85
7akm,углерод и галогены,8,0,10,85
7akm,"углерод, сера, фтор",10,0,10,85
7akm,"углерод, сера, хлор",10,0,10,85
7akm,"углерод, сера, галогены",10,0,10,85
7akm,любой тяжёлый атом,10,10,10,85
7ako,любой углерод,16,0,16,85
7ako,углерод и сера,16,0,16,85
7ako,углерод и галогены,16,0,16,85
7ako,"углерод, сера, фтор",16,0,16,85
7ako,"углерод, сера, хлор",16,0,16,85
7ako,"углерод, сера, галогены",16,0,16,85
7ako,любой тяжёлый атом,16,1,16,85
7akm,любой углерод,8,0,10,85
7akm,углерод и сера,10,0,10,85
7akm,углерод и галогены,8,0,10,85
7akm,"углерод, сера, фтор",10,0,10,85
7akm,"углерод, сера, хлор",10,0,10,85
7akm,"углерод, сера, галогены",10,0,10,85
7akm,любой тяжёлый атом,10,10,10,85
7ako,любой углерод,16,0,16,85
7ako,углерод и сера,16,0,16,85
7ako,углерод и галогены,16,0,16,85
7ako,"углерод, сера, фтор",16,0,16,85
7ako,"углерод, сера, хлор",16,0,16,85
7ako,"углерод, сера, галогены",16,0,16,85
7ako,любой тяжёлый атом,16,2,16,85
7ako,любой углерод,16,0,16,85
7ako,углерод и сера,16,0,16,85
7ako,углерод и галогены,16,0,16,85
7ako,"углерод, сера, фтор",16,0,16,85
7ako,"углерод, сера, хлор",16,0,16,85
7ako,"углерод, сера, галогены",16,0,16,85
7ako,любой тяжёлый атом,16,1,16,85
7ako,любой углерод,16,0,16,85
7ako,углерод и сера,16,0,16,85
7ako,углерод и галогены,16,0,16,85
7ako,"углерод, сера, фтор",16,0,16,85
7ako,"углерод, сера, хлор",16,0,16,85
7ako,"углерод, сера, галогены",16,0,16,85
7ako,любой тяжёлый атом,16,2,16,85
7mck,любой углерод,14,0,15,85
7mck,углерод и сера,14,0,15,85
7mck,углерод и галогены,14,0,15,85
7mck,"углерод, сера, фтор",15,0,15,85
7mck,"углерод, сера, хлор",14,0,15,85
7mck,"углерод, сера, галогены",15,0,15,85
7mck,любой тяжёлый атом,15,3,15,85
7bk1,любой углерод,15,0,15,85
7bk1,углерод и сера,15,0,15,85
7bk1,углерод и галогены,15,0,15,85
7bk1,"углерод, сера, фтор",15,0,15,85
7bk1,"углерод, сера, хлор",15,0,15,85
7bk1,"углерод, сера, галогены",15,0,15,85
7bk1,любой тяжёлый атом,15,3,15,85
7bk3,любой углерод,14,0,14,85
7bk3,углерод и сера,14,0,14,85
7bk3,углерод и галогены,14,0,14,85
7bk3,"углерод, сера, фтор",14,0,14,85
7bk3,"углерод, сера, хлор",14,0,14,85
7bk3,"углерод, сера, галогены",14,0,14,85
7bk3,любой тяжёлый атом,14,5,14,85
7bko,любой углерод,6,0,6,85
7bko,углерод и сера,6,0,6,85
7bko,углерод и галогены,6,0,6,85
7bko,"углерод, сера, фтор",6,0,6,85
7bko,"углерод, сера, хлор",6,0,6,85
7bko,"углерод, сера, галогены",6,0,6,85
7bko,любой тяжёлый атом,6,4,6,85
7bk2,любой углерод,14,0,14,85
7bk2,углерод и сера,14,0,14,85
7bk2,углерод и галогены,14,0,14,85
7bk2,"углерод, сера, фтор",14,0,14,85
7bk2,"углерод, сера, хлор",14,0,14,85
7bk2,"углерод, сера, галогены",14,0,14,85
7bk2,любой тяжёлый атом,14,5,14,85
7bje,любой углерод,8,0,8,85
7bje,углерод и сера,8,0,8,85
7bje,углерод и галогены,8,0,8,85
7bje,"углерод, сера, фтор",8,0,8,85
7bje,"углерод, сера, хлор",8,0,8,85
7bje,"углерод, сера, галогены",8,0,8,85
7bje,любой тяжёлый атом,8,1,8,85
7bjx,любой углерод,13,0,13,85
7bjx,углерод и сера,13,0,13,85
7bjx,углерод и галогены,13,0,13,85
7bjx,"углерод, сера, фтор",13,0,13,85
7bjx,"углерод, сера, хлор",13,0,13,85
7bjx,"углерод, сера, галогены",13,0,13,85
7bjx,любой тяжёлый атом,13,4,13,85
7bkn,любой углерод,6,0,6,85
7bkn,углерод и сера,6,0,6,85
7bkn,углерод и галогены,6,0,6,85
7bkn,"углерод, сера, фтор",6,0,6,85
7bkn,"углерод, сера, хлор",6,0,6,85
7bkn,"углерод, сера, галогены",6,0,6,85
7bkn,любой тяжёлый атом,6,3,6,85
7bjm,любой углерод,11,0,11,85
7bjm,углерод и сера,11,0,11,85
7bjm,углерод и галогены,11,0,11,85
7bjm,"углерод, сера, фтор",11,0,11,85
7bjm,"углерод, сера, хлор",11,0,11,85
7bjm,"углерод, сера, галогены",11,0,11,85
7bjm,любой тяжёлый атом,11,3,11,85
7bjh,любой углерод,9,0,9,85
7bjh,углерод и сера,9,0,9,85
7bjh,углерод и галогены,9,0,9,85
7bjh,"углерод, сера, фтор",9,0,9,85
7bjh,"углерод, сера, хлор",9,0,9,85
7bjh,"углерод, сера, галогены",9,0,9,85
7bjh,любой тяжёлый атом,9,1,9,85
7bjx,любой углерод,13,0,13,85
7bjx,углерод и сера,13,0,13,85
7bjx,углерод и галогены,13,0,13,85
7bjx,"углерод, сера, фтор",13,0,13,85
7bjx,"углерод, сера, хлор",13,0,13,85
7bjx,"углерод, сера, галогены",13,0,13,85
7bjx,любой тяжёлый атом,13,4,13,85
7bje,любой углерод,8,0,8,85
7bje,углерод и сера,8,0,8,85
7bje,углерод и галогены,8,0,8,85
7bje,"углерод, сера, фтор",8,0,8,85
7bje,"углерод, сера, хлор",8,0,8,85
7bje,"углерод, сера, галогены",8,0,8,85
7bje,любой тяжёлый атом,8,1,8,85
7bjd,любой углерод,11,0,12,85
7bjd,углерод и сера,11,0,12,85
7bjd,углерод и галогены,11,0,12,85
7bjd,"углерод, сера, фтор",12,0,12,85
7bjd,"углерод, сера, хлор",11,0,12,85
7bjd,"углерод, сера, галогены",12,0,12,85
7bjd,любой тяжёлый атом,12,3,12,85
7bjd,любой углерод,11,0,12,85
7bjd,углерод и сера,11,0,12,85
7bjd,углерод и галогены,11,0,12,85
7bjd,"углерод, сера, фтор",12,0,12,85
7bjd,"углерод, сера, хлор",11,0,12,85
7bjd,"углерод, сера, галогены",12,0,12,85
7bjd,любой тяжёлый атом,12,3,12,85
7bjh,любой углерод,9,0,9,85
7bjh,углерод и сера,9,0,9,85
7bjh,углерод и галогены,9,0,9,85
7bjh,"углерод, сера, фтор",9,0,9,85
7bjh,"углерод, сера, хлор",9,0,9,85
7bjh,"углерод, сера, галогены",9,0,9,85
7bjh,любой тяжёлый атом,9,1,9,85
7bjj,любой углерод,7,0,7,85
7bjj,углерод и сера,7,0,7,85
7bjj,углерод и галогены,7,0,7,85
7bjj,"углерод, сера, фтор",7,0,7,85
7bjj,"углерод, сера, хлор",7,0,7,85
7bjj,"углерод, сера, галогены",7,0,7,85
7bjj,любой тяжёлый атом,7,2,7,85
7bjr,любой углерод,11,0,12,85
7bjr,углерод и сера,12,0,12,85
7bjr,углерод и галогены,11,0,12,85
7bjr,"углерод, сера, фтор",12,0,12,85
7bjr,"углерод, сера, хлор",12,0,12,85
7bjr,"углерод, сера, галогены",12,0,12,85
7bjr,любой тяжёлый атом,12,4,12,85
7bjj,любой углерод,7,0,7,85
7bjj,углерод и сера,7,0,7,85
7bjj,углерод и галогены,7,0,7,85
7bjj,"углерод, сера, фтор",7,0,7,85
7bjj,"углерод, сера, хлор",7,0,7,85
7bjj,"углерод, сера, галогены",7,0,7,85
7bjj,любой тяжёлый атом,7,2,7,85
7bjo,любой углерод,9,0,12,85
7bjo,углерод и сера,10,0,12,85
7bjo,углерод и галогены,9,0,12,85
7bjo,"углерод, сера, фтор",12,0,12,85
7bjo,"углерод, сера, хлор",10,0,12,85
7bjo,"углерод, сера, галогены",12,0,12,85
7bjo,любой тяжёлый атом,12,4,12,85
6fcf,любой углерод,13,0,13,85
6fcf,углерод и сера,13,0,13,85
6fcf,углерод и галогены,13,0,13,85
6fcf,"углерод, сера, фтор",13,0,13,85
6fcf,"углерод, сера, хлор",13,0,13,85
6fcf,"углерод, сера, галогены",13,0,13,85
6fcf,любой тяжёлый атом,13,5,13,85
6fc8,любой углерод,13,0,13,85
6fc8,углерод и сера,13,0,13,85
6fc8,углерод и галогены,13,0,13,85
6fc8,"углерод, сера, фтор",13,0,13,85
6fc8,"углерод, сера, хлор",13,0,13,85
6fc8,"углерод, сера, галогены",13,0,13,85
6fc8,любой тяжёлый атом,13,5,13,85
6fck,любой углерод,13,0,13,85
6fck,углерод и сера,13,0,13,85
6fck,углерод и галогены,13,0,13,85
6fck,"углерод, сера, фтор",13,0,13,85
6fck,"углерод, сера, хлор",13,0,13,85
6fck,"углерод, сера, галогены",13,0,13,85
6fck,любой тяжёлый атом,13,5,13,85
6fc8,любой углерод,14,0,14,85
6fc8,углерод и сера,14,0,14,85
6fc8,углерод и галогены,14,0,14,85
6fc8,"углерод, сера, фтор",14,0,14,85
6fc8,"углерод, сера, хлор",14,0,14,85
6fc8,"углерод, сера, галогены",14,0,14,85
6fc8,любой тяжёлый атом,14,5,14,85
6fck,любой углерод,13,0,13,85
6fck,углерод и сера,13,0,13,85
6fck,углерод и галогены,13,0,13,85
6fck,"углерод, сера, фтор",13,0,13,85
6fck,"углерод, сера, хлор",13,0,13,85
6fck,"углерод, сера, галогены",13,0,13,85
6fck,любой тяжёлый атом,13,5,13,85
6fcf,любой углерод,13,0,13,85
6fcf,углерод и сера,13,0,13,85
6fcf,углерод и галогены,13,0,13,85
6fcf,"углерод, сера, фтор",13,0,13,85
6fcf,"углерод, сера, хлор",13,0,13,85
6fcf,"углерод, сера, галогены",13,0,13,85
6fcf,любой тяжёлый атом,13,5,13,85
7sug,любой углерод,12,0,12,85
7sug,углерод и сера,12,0,12,85
7sug,углерод и галогены,12,0,12,85
7sug,"углерод, сера, фтор",12,0,12,85
7sug,"углерод, сера, хлор",12,0,12,85
7sug,"углерод, сера, галогены",12,0,12,85
7sug,любой тяжёлый атом,12,1,12,85
7suf,любой углерод,12,0,12,85
7suf,углерод и сера,12,0,12,85
7suf,углерод и галогены,12,0,12,85
7suf,"углерод, сера, фтор",12,0,12,85
7suf,"углерод, сера, хлор",12,0,12,85
7suf,"углерод, сера, галогены",12,0,12,85
7suf,любой тяжёлый атом,12,1,12,85
7suj,любой углерод,15,0,18,85
7suj,углерод и сера,15,0,18,85
7suj,углерод и галогены,16,0,18,85
7suj,"углерод, сера, фтор",16,0,18,85
7suj,"углерод, сера, хлор",17,0,18,85
7suj,"углерод, сера, галогены",18,0,18,85
7suj,любой тяжёлый атом,18,2,18,85
7sug,любой углерод,12,0,12,85
7sug,углерод и сера,12,0,12,85
7sug,углерод и галогены,12,0,12,85
7sug,"углерод, сера, фтор",12,0,12,85
7sug,"углерод, сера, хлор",12,0,12,85
7sug,"углерод, сера, галогены",12,0,12,85
7sug,любой тяжёлый атом,12,1,12,85
7suh,любой углерод,16,0,17,85
7suh,углерод и сера,17,0,17,85
7suh,углерод и галогены,17,0,17,85
7suh,"углерод, сера, фтор",17,0,17,85
7suh,"углерод, сера, хлор",17,0,17,85
7suh,"углерод, сера, галогены",17,0,17,85
7suh,любой тяжёлый атом,17,3,17,85
7suf,любой углерод,12,0,12,85
7suf,углерод и сера,12,0,12,85
7suf,углерод и галогены,12,0,12,85
7suf,"углерод, сера, фтор",12,0,12,85
7suf,"углерод, сера, хлор",12,0,12,85
7suf,"углерод, сера, галогены",12,0,12,85
7suf,любой тяжёлый атом,12,1,12,85
7sui,любой углерод,14,0,17,85
7sui,углерод и сера,15,0,17,85
7sui,углерод и галогены,16,0,17,85
7sui,"углерод, сера, фтор",17,0,17,85
7sui,"углерод, сера, хлор",16,0,17,85
7sui,"углерод, сера, галогены",17,0,17,85
7sui,любой тяжёлый атом,17,1,17,85
5opu,любой углерод,14,0,14,85
5opu,углерод и сера,14,0,14,85
5opu,углерод и галогены,14,0,14,85
5opu,"углерод, сера, фтор",14,0,14,85
5opu,"углерод, сера, хлор",14,0,14,85
5opu,"углерод, сера, галогены",14,0,14,85
5opu,любой тяжёлый атом,14,2,14,85
5opr,любой углерод,12,0,12,85
5opr,углерод и сера,12,0,12,85
5opr,углерод и галогены,12,0,12,85
5opr,"углерод, сера, фтор",12,0,12,85
5opr,"углерод, сера, хлор",12,0,12,85
5opr,"углерод, сера, галогены",12,0,12,85
5opr,любой тяжёлый атом,12,5,12,85
5oop,любой углерод,9,0,10,85
5oop,углерод и сера,10,0,10,85
5oop,углерод и галогены,9,0,10,85
5oop,"углерод, сера, фтор",10,0,10,85
5oop,"углерод, сера, хлор",10,0,10,85
5oop,"углерод, сера, галогены",10,0,10,85
5oop,любой тяжёлый атом,10,8,10,85
5op2,любой углерод,16,0,16,85
5op2,углерод и сера,16,0,16,85
5op2,углерод и галогены,16,0,16,85
5op2,"углерод, сера, фтор",16,0,16,85
5op2,"углерод, сера, хлор",16,0,16,85
5op2,"углерод, сера, галогены",16,0,16,85
5op2,любой тяжёлый атом,16,2,16,85
5oq6,любой углерод,14,0,14,85
5oq6,углерод и сера,14,0,14,85
5oq6,углерод и галогены,14,0,14,85
5oq6,"углерод, сера, фтор",14,0,14,85
5oq6,"углерод, сера, хлор",14,0,14,85
5oq6,"углерод, сера, галогены",14,0,14,85
5oq6,любой тяжёлый атом,14,3,14,85
5op7,любой углерод,12,0,13,85
5op7,углерод и сера,12,0,13,85
5op7,углерод и галогены,13,0,13,85
5op7,"углерод, сера, фтор",12,0,13,85
5op7,"углерод, сера, хлор",13,0,13,85
5op7,"углерод, сера, галогены",13,0,13,85
5op7,любой тяжёлый атом,13,2,13,85
5opv,любой углерод,14,0,14,85
5opv,углерод и сера,14,0,14,85
5opv,углерод и галогены,14,0,14,85
5opv,"углерод, сера, фтор",14,0,14,85
5opv,"углерод, сера, хлор",14,0,14,85
5opv,"углерод, сера, галогены",14,0,14,85
5opv,любой тяжёлый атом,14,3,14,85
5oop,любой углерод,9,0,10,85
5oop,углерод и сера,10,0,10,85
5oop,углерод и галогены,9,0,10,85
5oop,"углерод, сера, фтор",10,0,10,85
5oop,"углерод, сера, хлор",10,0,10,85
5oop,"углерод, сера, галогены",10,0,10,85
5oop,любой тяжёлый атом,10,8,10,85
5oq8,любой углерод,18,0,18,85
5oq8,углерод и сера,18,0,18,85
5oq8,углерод и галогены,18,0,18,85
5oq8,"углерод, сера, фтор",18,0,18,85
5oq8,"углерод, сера, хлор",18,0,18,85
5oq8,"углерод, сера, галогены",18,0,18,85
5oq8,любой тяжёлый атом,18,0,18,85
5oq7,любой углерод,17,0,17,85
5oq7,углерод и сера,17,0,17,85
5oq7,углерод и галогены,17,0,17,85
5oq7,"углерод, сера, фтор",17,0,17,85
5oq7,"углерод, сера, хлор",17,0,17,85
5oq7,"углерод, сера, галогены",17,0,17,85
5oq7,любой тяжёлый атом,17,2,17,85
5opb,любой углерод,16,0,16,85
5opb,углерод и сера,16,0,16,85
5opb,углерод и галогены,16,0,16,85
5opb,"углерод, сера, фтор",16,0,16,85
5opb,"углерод, сера, хлор",16,0,16,85
5opb,"углерод, сера, галогены",16,0,16,85
5opb,любой тяжёлый атом,16,2,16,85
5oor,любой углерод,17,0,17,85
5oor,углерод и сера,17,0,17,85
5oor,углерод и галогены,17,0,17,85
5oor,"углерод, сера, фтор",17,0,17,85
5oor,"углерод, сера, хлор",17,0,17,85
5oor,"углерод, сера, галогены",17,0,17,85
5oor,любой тяжёлый атом,17,2,17,85
5opb,любой углерод,16,0,16,85
5opb,углерод и сера,16,0,16,85
5opb,углерод и галогены,16,0,16,85
5opb,"углерод, сера, фтор",16,0,16,85
5opb,"углерод, сера, хлор",16,0,16,85
5opb,"углерод, сера, галогены",16,0,16,85
5opb,любой тяжёлый атом,16,2,16,85
5oq7,любой углерод,14,0,14,85
5oq7,углерод и сера,14,0,14,85
5oq7,углерод и галогены,14,0,14,85
5oq7,"углерод, сера, фтор",14,0,14,85
5oq7,"углерод, сера, хлор",14,0,14,85
5oq7,"углерод, сера, галогены",14,0,14,85
5oq7,любой тяжёлый атом,14,4,14,85
5op5,любой углерод,14,0,14,85
5op5,углерод и сера,14,0,14,85
5op5,углерод и галогены,14,0,14,85
5op5,"углерод, сера, фтор",14,0,14,85
5op5,"углерод, сера, хлор",14,0,14,85
5op5,"углерод, сера, галогены",14,0,14,85
5op5,любой тяжёлый атом,14,3,14,85
5oot,любой углерод,14,0,14,85
5oot,углерод и сера,14,0,14,85
5oot,углерод и галогены,14,0,14,85
5oot,"углерод, сера, фтор",14,0,14,85
5oot,"углерод, сера, хлор",14,0,14,85
5oot,"углерод, сера, галогены",14,0,14,85
5oot,любой тяжёлый атом,14,3,14,85
5ops,любой углерод,10,0,10,85
5ops,углерод и сера,10,0,10,85
5ops,углерод и галогены,10,0,10,85
5ops,"углерод, сера, фтор",10,0,10,85
5ops,"углерод, сера, хлор",10,0,10,85
5ops,"углерод, сера, галогены",10,0,10,85
5ops,любой тяжёлый атом,10,4,10,85
5oq5,любой углерод,13,0,13,85
5oq5,углерод и сера,13,0,13,85
5oq5,углерод и галогены,13,0,13,85
5oq5,"углерод, сера, фтор",13,0,13,85
5oq5,"углерод, сера, хлор",13,0,13,85
5oq5,"углерод, сера, галогены",13,0,13,85
5oq5,любой тяжёлый атом,13,4,13,85
5oq7,любой углерод,17,0,17,85
5oq7,углерод и сера,17,0,17,85
5oq7,углерод и галогены,17,0,17,85
5oq7,"углерод, сера, фтор",17,0,17,85
5oq7,"углерод, сера, хлор",17,0,17,85
5oq7,"углерод, сера, галогены",17,0,17,85
5oq7,любой тяжёлый атом,17,2,17,85
5op2,любой углерод,16,0,16,85
5op2,углерод и сера,16,0,16,85
5op2,углерод и галогены,16,0,16,85
5op2,"углерод, сера, фтор",16,0,16,85
5op2,"углерод, сера, хлор",16,0,16,85
5op2,"углерод, сера, галогены",16,0,16,85
5op2,любой тяжёлый атом,16,2,16,85
5oq7,любой углерод,14,0,14,85
5oq7,углерод и сера,14,0,14,85
5oq7,углерод и галогены,14,0,14,85
5oq7,"углерод, сера, фтор",14,0,14,85
5oq7,"углерод, сера, хлор",14,0,14,85
5oq7,"углерод, сера, галогены",14,0,14,85
5oq7,любой тяжёлый атом,14,4,14,85
8e81,любой углерод,16,0,16,85
8e81,углерод и сера,16,0,16,85
8e81,углерод и галогены,16,0,16,85
8e81,"углерод, сера, фтор",16,0,16,85
8e81,"углерод, сера, хлор",16,0,16,85
8e81,"углерод, сера, галогены",16,0,16,85
8e81,любой тяжёлый атом,16,2,16,85
8e80,любой углерод,15,0,15,85
8e80,углерод и сера,15,0,15,85
8e80,углерод и галогены,15,0,15,85
8e80,"углерод, сера, фтор",15,0,15,85
8e80,"углерод, сера, хлор",15,0,15,85
8e80,"углерод, сера, галогены",15,0,15,85
8e80,любой тяжёлый атом,15,4,15,85
2xf0,любой углерод,10,0,10,85
2xf0,углерод и сера,10,0,10,85
2xf0,углерод и галогены,10,0,10,85
2xf0,"углерод, сера, фтор",10,0,10,85
2xf0,"углерод, сера, хлор",10,0,10,85
2xf0,"углерод, сера, галогены",10,0,10,85
2xf0,любой тяжёлый атом,10,3,10,85
4ftr,любой углерод,14,0,14,85
4ftr,углерод и сера,14,0,14,85
4ftr,углерод и галогены,14,0,14,85
4ftr,"углерод, сера, фтор",14,0,14,85
4ftr,"углерод, сера, хлор",14,0,14,85
4ftr,"углерод, сера, галогены",14,0,14,85
4ftr,любой тяжёлый атом,14,4,14,85
4ftk,любой углерод,16,0,16,85
4ftk,углерод и сера,16,0,16,85
4ftk,углерод и галогены,16,0,16,85
4ftk,"углерод, сера, фтор",16,0,16,85
4ftk,"углерод, сера, хлор",16,0,16,85
4ftk,"углерод, сера, галогены",16,0,16,85
4ftk,любой тяжёлый атом,16,2,16,85
4fsy,любой углерод,13,0,13,85
4fsy,углерод и сера,13,0,13,85
4fsy,углерод и галогены,13,0,13,85
4fsy,"углерод, сера, фтор",13,0,13,85
4fsy,"углерод, сера, хлор",13,0,13,85
4fsy,"углерод, сера, галогены",13,0,13,85
4fsy,любой тяжёлый атом,13,4,13,85
4hyi,любой углерод,17,0,17,85
4hyi,углерод и сера,17,0,17,85
4hyi,углерод и галогены,17,0,17,85
4hyi,"углерод, сера, фтор",17,0,17,85
4hyi,"углерод, сера, хлор",17,0,17,85
4hyi,"углерод, сера, галогены",17,0,17,85
4hyi,любой тяжёлый атом,17,1,17,85
4fsu,любой углерод,15,0,15,85
4fsu,углерод и сера,15,0,15,85
4fsu,углерод и галогены,15,0,15,85
4fsu,"углерод, сера, фтор",15,0,15,85
4fsu,"углерод, сера, хлор",15,0,15,85
4fsu,"углерод, сера, галогены",15,0,15,85
4fsu,любой тяжёлый атом,15,3,15,85
4fta,любой углерод,13,0,13,85
4fta,углерод и сера,13,0,13,85
4fta,углерод и галогены,13,0,13,85
4fta,"углерод, сера, фтор",13,0,13,85
4fta,"углерод, сера, хлор",13,0,13,85
4fta,"углерод, сера, галогены",13,0,13,85
4fta,любой тяжёлый атом,13,3,13,85
4fsw,любой углерод,8,0,8,85
4fsw,углерод и сера,8,0,8,85
4fsw,углерод и галогены,8,0,8,85
4fsw,"углерод, сера, фтор",8,0,8,85
4fsw,"углерод, сера, хлор",8,0,8,85
4fsw,"углерод, сера, галогены",8,0,8,85
4fsw,любой тяжёлый атом,8,2,8,85
4fsn,любой углерод,13,0,13,85
4fsn,углерод и сера,13,0,13,85
4fsn,углерод и галогены,13,0,13,85
4fsn,"углерод, сера, фтор",13,0,13,85
4fsn,"углерод, сера, хлор",13,0,13,85
4fsn,"углерод, сера, галогены",13,0,13,85
4fsn,любой тяжёлый атом,13,4,13,85
2ym3,любой углерод,10,0,10,85
2ym3,углерод и сера,10,0,10,85
2ym3,углерод и галогены,10,0,10,85
2ym3,"углерод, сера, фтор",10,0,10,85
2ym3,"углерод, сера, хлор",10,0,10,85
2ym3,"углерод, сера, галогены",10,0,10,85
2ym3,любой тяжёлый атом,10,3,10,85
3pa5,любой углерод,13,0,13,85
3pa5,углерод и сера,13,0,13,85
3pa5,углерод и галогены,13,0,13,85
3pa5,"углерод, сера, фтор",13,0,13,85
3pa5,"углерод, сера, хлор",13,0,13,85
3pa5,"углерод, сера, галогены",13,0,13,85
3pa5,любой тяжёлый атом,13,6,13,85
2cgv,любой углерод,9,0,9,85
2cgv,углерод и сера,9,0,9,85
2cgv,углерод и галогены,9,0,9,85
2cgv,"углерод, сера, фтор",9,0,9,85
2cgv,"углерод, сера, хлор",9,0,9,85
2cgv,"углерод, сера, галогены",9,0,9,85
2cgv,любой тяжёлый атом,9,4,9,85
4ftm,любой углерод,16,0,16,85
4ftm,углерод и сера,16,0,16,85
4ftm,углерод и галогены,16,0,16,85
4ftm,"углерод, сера, фтор",16,0,16,85
4ftm,"углерод, сера, хлор",16,0,16,85
4ftm,"углерод, сера, галогены",16,0,16,85
4ftm,любой тяжёлый атом,16,1,16,85
4fsy,любой углерод,13,0,13,85
4fsy,углерод и сера,13,0,13,85
4fsy,углерод и галогены,13,0,13,85
4fsy,"углерод, сера, фтор",13,0,13,85
4fsy,"углерод, сера, хлор",13,0,13,85
4fsy,"углерод, сера, галогены",13,0,13,85
4fsy,любой тяжёлый атом,13,4,13,85
2x8e,любой углерод,9,0,9,85
2x8e,углерод и сера,9,0,9,85
2x8e,углерод и галогены,9,0,9,85
2x8e,"углерод, сера, фтор",9,0,9,85
2x8e,"углерод, сера, хлор",9,0,9,85
2x8e,"углерод, сера, галогены",9,0,9,85
2x8e,любой тяжёлый атом,9,4,9,85
4rvk,любой углерод,13,0,13,85
4rvk,углерод и сера,13,0,13,85
4rvk,углерод и галогены,13,0,13,85
4rvk,"углерод, сера, фтор",13,0,13,85
4rvk,"углерод, сера, хлор",13,0,13,85
4rvk,"углерод, сера, галогены",13,0,13,85
4rvk,любой тяжёлый атом,13,3,13,85
4ftq,любой углерод,12,0,12,85
4ftq,углерод и сера,12,0,12,85
4ftq,углерод и галогены,12,0,12,85
4ftq,"углерод, сера, фтор",12,0,12,85
4ftq,"углерод, сера, хлор",12,0,12,85
4ftq,"углерод, сера, галогены",12,0,12,85
4ftq,любой тяжёлый атом,12,4,12,85
2c3j,любой углерод,12,0,12,85
2c3j,углерод и сера,12,0,12,85
2c3j,углерод и галогены,12,0,12,85
2c3j,"углерод, сера, фтор",12,0,12,85
2c3j,"углерод, сера, хлор",12,0,12,85
2c3j,"углерод, сера, галогены",12,0,12,85
2c3j,любой тяжёлый атом,12,2,12,85
2hxl,любой углерод,11,0,11,85
2hxl,углерод и сера,11,0,11,85
2hxl,углерод и галогены,11,0,11,85
2hxl,"углерод, сера, фтор",11,0,11,85
2hxl,"углерод, сера, хлор",11,0,11,85
2hxl,"углерод, сера, галогены",11,0,11,85
2hxl,любой тяжёлый атом,11,5,11,85
4fsz,любой углерод,9,0,9,85
4fsz,углерод и сера,9,0,9,85
4fsz,углерод и галогены,9,0,9,85
4fsz,"углерод, сера, фтор",9,0,9,85
4fsz,"углерод, сера, хлор",9,0,9,85
4fsz,"углерод, сера, галогены",9,0,9,85
4fsz,любой тяжёлый атом,9,3,9,85
4ft3,любой углерод,11,0,12,85
4ft3,углерод и сера,11,0,12,85
4ft3,углерод и галогены,12,0,12,85
4ft3,"углерод, сера, фтор",11,0,12,85
4ft3,"углерод, сера, хлор",12,0,12,85
4ft3,"углерод, сера, галогены",12,0,12,85
4ft3,любой тяжёлый атом,12,3,12,85
2hy0,любой углерод,14,0,14,85
2hy0,углерод и сера,14,0,14,85
2hy0,углерод и галогены,14,0,14,85
2hy0,"углерод, сера, фтор",14,0,14,85
2hy0,"углерод, сера, хлор",14,0,14,85
2hy0,"углерод, сера, галогены",14,0,14,85
2hy0,любой тяжёлый атом,14,3,14,85
4ftm,любой углерод,16,0,16,85
4ftm,углерод и сера,16,0,16,85
4ftm,углерод и галогены,16,0,16,85
4ftm,"углерод, сера, фтор",16,0,16,85
4ftm,"углерод, сера, хлор",16,0,16,85
4ftm,"углерод, сера, галогены",16,0,16,85
4ftm,любой тяжёлый атом,16,1,16,85
4ft7,любой углерод,13,0,14,85
4ft7,углерод и сера,13,0,14,85
4ft7,углерод и галогены,14,0,14,85
4ft7,"углерод, сера, фтор",13,0,14,85
4ft7,"углерод, сера, хлор",13,0,14,85
4ft7,"углерод, сера, галогены",14,0,14,85
4ft7,любой тяжёлый атом,14,5,14,85
2x8i,любой углерод,11,0,11,85
2x8i,углерод и сера,11,0,11,85
2x8i,углерод и галогены,11,0,11,85
2x8i,"углерод, сера, фтор",11,0,11,85
2x8i,"углерод, сера, хлор",11,0,11,85
2x8i,"углерод, сера, галогены",11,0,11,85
2x8i,любой тяжёлый атом,11,3,11,85
2ym6,любой углерод,11,0,11,85
2ym6,углерод и сера,11,0,11,85
2ym6,углерод и галогены,11,0,11,85
2ym6,"углерод, сера, фтор",11,0,11,85
2ym6,"углерод, сера, хлор",11,0,11,85
2ym6,"углерод, сера, галогены",11,0,11,85
2ym6,любой тяжёлый атом,11,3,11,85
2ym4,любой углерод,13,0,13,85
2ym4,углерод и сера,13,0,13,85
2ym4,углерод и галогены,13,0,13,85
2ym4,"углерод, сера, фтор",13,0,13,85
2ym4,"углерод, сера, хлор",13,0,13,85
2ym4,"углерод, сера, галогены",13,0,13,85
2ym4,любой тяжёлый атом,13,6,13,85
4hyh,любой углерод,17,0,18,85
4hyh,углерод и сера,18,0,18,85
4hyh,углерод и галогены,17,0,18,85
4hyh,"углерод, сера, фтор",18,0,18,85
4hyh,"углерод, сера, хлор",18,0,18,85
4hyh,"углерод, сера, галогены",18,0,18,85
4hyh,любой тяжёлый атом,18,1,18,85
2wmv,любой углерод,9,0,9,85
2wmv,углерод и сера,9,0,9,85
2wmv,углерод и галогены,9,0,9,85
2wmv,"углерод, сера, фтор",9,0,9,85
2wmv,"углерод, сера, хлор",9,0,9,85
2wmv,"углерод, сера, галогены",9,0,9,85
2wmv,любой тяжёлый атом,9,5,9,85
2ym6,любой углерод,11,0,11,85
2ym6,углерод и сера,11,0,11,85
2ym6,углерод и галогены,11,0,11,85
2ym6,"углерод, сера, фтор",11,0,11,85
2ym6,"углерод, сера, хлор",11,0,11,85
2ym6,"углерод, сера, галогены",11,0,11,85
2ym6,любой тяжёлый атом,11,3,11,85
4ft9,любой углерод,14,0,14,85
4ft9,углерод и сера,14,0,14,85
4ft9,углерод и галогены,14,0,14,85
4ft9,"углерод, сера, фтор",14,0,14,85
4ft9,"углерод, сера, хлор",14,0,14,85
4ft9,"углерод, сера, галогены",14,0,14,85
4ft9,любой тяжёлый атом,14,2,14,85
4ftt,любой углерод,11,0,11,85
4ftt,углерод и сера,11,0,11,85
4ftt,углерод и галогены,11,0,11,85
4ftt,"углерод, сера, фтор",11,0,11,85
4ftt,"углерод, сера, хлор",11,0,11,85
4ftt,"углерод, сера, галогены",11,0,11,85
4ftt,любой тяжёлый атом,11,3,11,85
3pa4,любой углерод,14,0,14,85
3pa4,углерод и сера,14,0,14,85
3pa4,углерод и галогены,14,0,14,85
3pa4,"углерод, сера, фтор",14,0,14,85
3pa4,"углерод, сера, хлор",14,0,14,85
3pa4,"углерод, сера, галогены",14,0,14,85
3pa4,любой тяжёлый атом,14,5,14,85
2yex,любой углерод,13,0,13,85
2yex,углерод и сера,13,0,13,85
2yex,углерод и галогены,13,0,13,85
2yex,"углерод, сера, фтор",13,0,13,85
2yex,"углерод, сера, хлор",13,0,13,85
2yex,"углерод, сера, галогены",13,0,13,85
2yex,любой тяжёлый атом,13,3,13,85
4qyg,любой углерод,13,0,13,85
4qyg,углерод и сера,13,0,13,85
4qyg,углерод и галогены,13,0,13,85
4qyg,"углерод, сера, фтор",13,0,13,85
4qyg,"углерод, сера, хлор",13,0,13,85
4qyg,"углерод, сера, галогены",13,0,13,85
4qyg,любой тяжёлый атом,13,3,13,85
3ot8,любой углерод,17,0,17,85
3ot8,углерод и сера,17,0,17,85
3ot8,углерод и галогены,17,0,17,85
3ot8,"углерод, сера, фтор",17,0,17,85
3ot8,"углерод, сера, хлор",17,0,17,85
3ot8,"углерод, сера, галогены",17,0,17,85
3ot8,любой тяжёлый атом,17,2,17,85
4fsm,любой углерод,12,0,12,85
4fsm,углерод и сера,12,0,12,85
4fsm,углерод и галогены,12,0,12,85
4fsm,"углерод, сера, фтор",12,0,12,85
4fsm,"углерод, сера, хлор",12,0,12,85
4fsm,"углерод, сера, галогены",12,0,12,85
4fsm,любой тяжёлый атом,12,4,12,85
2br1,любой углерод,13,0,13,85
2br1,углерод и сера,13,0,13,85
2br1,углерод и галогены,13,0,13,85
2br1,"углерод, сера, фтор",13,0,13,85
2br1,"углерод, сера, хлор",13,0,13,85
2br1,"углерод, сера, галогены",13,0,13,85
2br1,любой тяжёлый атом,13,3,13,85
2ym4,любой углерод,13,0,13,85
2ym4,углерод и сера,13,0,13,85
2ym4,углерод и галогены,13,0,13,85
2ym4,"углерод, сера, фтор",13,0,13,85
2ym4,"углерод, сера, хлор",13,0,13,85
2ym4,"углерод, сера, галогены",13,0,13,85
2ym4,любой тяжёлый атом,13,6,13,85
2hog,любой углерод,13,0,13,85
2hog,углерод и сера,13,0,13,85
2hog,углерод и галогены,13,0,13,85
2hog,"углерод, сера, фтор",13,0,13,85
2hog,"углерод, сера, хлор",13,0,13,85
2hog,"углерод, сера, галогены",13,0,13,85
2hog,любой тяжёлый атом,13,6,13,85
2brh,любой углерод,11,0,11,85
2brh,углерод и сера,11,0,11,85
2brh,углерод и галогены,11,0,11,85
2brh,"углерод, сера, фтор",11,0,11,85
2brh,"углерод, сера, хлор",11,0,11,85
2brh,"углерод, сера, галогены",11,0,11,85
2brh,любой тяжёлый атом,11,2,11,85
4ftl,любой углерод,16,0,16,85
4ftl,углерод и сера,16,0,16,85
4ftl,углерод и галогены,16,0,16,85
4ftl,"углерод, сера, фтор",16,0,16,85
4ftl,"углерод, сера, хлор",16,0,16,85
4ftl,"углерод, сера, галогены",16,0,16,85
4ftl,любой тяжёлый атом,16,3,16,85
2e9v,любой углерод,15,0,16,85
2e9v,углерод и сера,15,0,16,85
2e9v,углерод и галогены,16,0,16,85
2e9v,"углерод, сера, фтор",15,0,16,85
2e9v,"углерод, сера, хлор",16,0,16,85
2e9v,"углерод, сера, галогены",16,0,16,85
2e9v,любой тяжёлый атом,16,2,16,85
4fsr,любой углерод,14,0,14,85
4fsr,углерод и сера,14,0,14,85
4fsr,углерод и галогены,14,0,14,85
4fsr,"углерод, сера, фтор",14,0,14,85
4fsr,"углерод, сера, хлор",14,0,14,85
4fsr,"углерод, сера, галогены",14,0,14,85
4fsr,любой тяжёлый атом,14,3,14,85
2wmt,любой углерод,10,0,10,85
2wmt,углерод и сера,10,0,10,85
2wmt,углерод и галогены,10,0,10,85
2wmt,"углерод, сера, фтор",10,0,10,85
2wmt,"углерод, сера, хлор",10,0,10,85
2wmt,"углерод, сера, галогены",10,0,10,85
2wmt,любой тяжёлый атом,10,2,10,85
4fti,любой углерод,13,0,13,85
4fti,углерод и сера,13,0,13,85
4fti,углерод и галогены,13,0,13,85
4fti,"углерод, сера, фтор",13,0,13,85
4fti,"углерод, сера, хлор",13,0,13,85
4fti,"углерод, сера, галогены",13,0,13,85
4fti,любой тяжёлый атом,13,3,13,85
2wmu,любой углерод,10,0,10,85
2wmu,углерод и сера,10,0,10,85
2wmu,углерод и галогены,10,0,10,85
2wmu,"углерод, сера, фтор",10,0,10,85
2wmu,"углерод, сера, хлор",10,0,10,85
2wmu,"углерод, сера, галогены",10,0,10,85
2wmu,любой тяжёлый атом,10,1,10,85
2ydi,любой углерод,9,0,9,85
2ydi,углерод и сера,9,0,9,85
2ydi,углерод и галогены,9,0,9,85
2ydi,"углерод, сера, фтор",9,0,9,85
2ydi,"углерод, сера, хлор",9,0,9,85
2ydi,"углерод, сера, галогены",9,0,9,85
2ydi,любой тяжёлый атом,9,5,9,85
2xez,любой углерод,7,0,7,85
2xez,углерод и сера,7,0,7,85
2xez,углерод и галогены,7,0,7,85
2xez,"углерод, сера, фтор",7,0,7,85
2xez,"углерод, сера, хлор",7,0,7,85
2xez,"углерод, сера, галогены",7,0,7,85
2xez,любой тяжёлый атом,7,6,7,85
2brb,любой углерод,13,0,13,85
2brb,углерод и сера,13,0,13,85
2brb,углерод и галогены,13,0,13,85
2brb,"углерод, сера, фтор",13,0,13,85
2brb,"углерод, сера, хлор",13,0,13,85
2brb,"углерод, сера, галогены",13,0,13,85
2brb,любой тяжёлый атом,13,3,13,85
2yer,любой углерод,11,0,11,85
2yer,углерод и сера,11,0,11,85
2yer,углерод и галогены,11,0,11,85
2yer,"углерод, сера, фтор",11,0,11,85
2yer,"углерод, сера, хлор",11,0,11,85
2yer,"углерод, сера, галогены",11,0,11,85
2yer,любой тяжёлый атом,11,4,11,85
2e9u,любой углерод,13,0,14,85
2e9u,углерод и сера,13,0,14,85
2e9u,углерод и галогены,14,0,14,85
2e9u,"углерод, сера, фтор",13,0,14,85
2e9u,"углерод, сера, хлор",14,0,14,85
2e9u,"углерод, сера, галогены",14,0,14,85
2e9u,любой тяжёлый атом,14,4,14,85
1nvr,любой углерод,17,0,17,85
1nvr,углерод и сера,17,0,17,85
1nvr,углерод и галогены,17,0,17,85
1nvr,"углерод, сера, фтор",17,0,17,85
1nvr,"углерод, сера, хлор",17,0,17,85
1nvr,"углерод, сера, галогены",17,0,17,85
1nvr,любой тяжёлый атом,17,2,17,85
4qyh,любой углерод,13,0,13,85
4qyh,углерод и сера,13,0,13,85
4qyh,углерод и галогены,13,0,13,85
4qyh,"углерод, сера, фтор",13,0,13,85
4qyh,"углерод, сера, хлор",13,0,13,85
4qyh,"углерод, сера, галогены",13,0,13,85
4qyh,любой тяжёлый атом,13,2,13,85
2hxq,любой углерод,12,0,12,85
2hxq,углерод и сера,12,0,12,85
2hxq,углерод и галогены,12,0,12,85
2hxq,"углерод, сера, фтор",12,0,12,85
2hxq,"углерод, сера, хлор",12,0,12,85
2hxq,"углерод, сера, галогены",12,0,12,85
2hxq,любой тяжёлый атом,12,2,12,85
2ym8,любой углерод,15,0,16,85
2ym8,углерод и сера,15,0,16,85
2ym8,углерод и галогены,16,0,16,85
2ym8,"углерод, сера, фтор",15,0,16,85
2ym8,"углерод, сера, хлор",16,0,16,85
2ym8,"углерод, сера, галогены",16,0,16,85
2ym8,любой тяжёлый атом,16,3,16,85
2brg,любой углерод,13,0,13,85
2brg,углерод и сера,13,0,13,85
2brg,углерод и галогены,13,0,13,85
2brg,"углерод, сера, фтор",13,0,13,85
2brg,"углерод, сера, хлор",13,0,13,85
2brg,"углерод, сера, галогены",13,0,13,85
2brg,любой тяжёлый атом,13,1,13,85
3ot8,любой углерод,17,0,17,85
3ot8,углерод и сера,17,0,17,85
3ot8,углерод и галогены,17,0,17,85
3ot8,"углерод, сера, фтор",17,0,17,85
3ot8,"углерод, сера, хлор",17,0,17,85
3ot8,"углерод, сера, галогены",17,0,17,85
3ot8,любой тяжёлый атом,17,2,17,85
1nvs,любой углерод,13,0,13,85
1nvs,углерод и сера,13,0,13,85
1nvs,углерод и галогены,13,0,13,85
1nvs,"углерод, сера, фтор",13,0,13,85
1nvs,"углерод, сера, хлор",13,0,13,85
1nvs,"углерод, сера, галогены",13,0,13,85
1nvs,любой тяжёлый атом,13,5,13,85
3pa4,любой углерод,14,0,14,85
3pa4,углерод и сера,14,0,14,85
3pa4,углерод и галогены,14,0,14,85
3pa4,"углерод, сера, фтор",14,0,14,85
3pa4,"углерод, сера, хлор",14,0,14,85
3pa4,"углерод, сера, галогены",14,0,14,85
3pa4,любой тяжёлый атом,14,5,14,85
4ftc,любой углерод,12,0,12,85
4ftc,углерод и сера,12,0,12,85
4ftc,углерод и галогены,12,0,12,85
4ftc,"углерод, сера, фтор",12,0,12,85
4ftc,"углерод, сера, хлор",12,0,12,85
4ftc,"углерод, сера, галогены",12,0,12,85
4ftc,любой тяжёлый атом,12,3,12,85
2cgx,любой углерод,8,0,9,85
2cgx,углерод и сера,9,0,9,85
2cgx,углерод и галогены,8,0,9,85
2cgx,"углерод, сера, фтор",9,0,9,85
2cgx,"углерод, сера, хлор",9,0,9,85
2cgx,"углерод, сера, галогены",9,0,9,85
2cgx,любой тяжёлый атом,9,3,9,85
1zlt,любой углерод,12,0,15,85
1zlt,углерод и сера,12,0,15,85
1zlt,углерод и галогены,15,0,15,85
1zlt,"углерод, сера, фтор",12,0,15,85
1zlt,"углерод, сера, хлор",15,0,15,85
1zlt,"углерод, сера, галогены",15,0,15,85
1zlt,любой тяжёлый атом,15,2,15,85
3u9n,любой углерод,18,0,18,85
3u9n,углерод и сера,18,0,18,85
3u9n,углерод и галогены,18,0,18,85
3u9n,"углерод, сера, фтор",18,0,18,85
3u9n,"углерод, сера, хлор",18,0,18,85
3u9n,"углерод, сера, галогены",18,0,18,85
3u9n,любой тяжёлый атом,18,1,18,85
1zys,любой углерод,14,0,14,85
1zys,углерод и сера,14,0,14,85
1zys,углерод и галогены,14,0,14,85
1zys,"углерод, сера, фтор",14,0,14,85
1zys,"углерод, сера, хлор",14,0,14,85
1zys,"углерод, сера, галогены",14,0,14,85
1zys,любой тяжёлый атом,14,3,14,85
2wms,любой углерод,8,0,8,85
2wms,углерод и сера,8,0,8,85
2wms,углерод и галогены,8,0,8,85
2wms,"углерод, сера, фтор",8,0,8,85
2wms,"углерод, сера, хлор",8,0,8,85
2wms,"углерод, сера, галогены",8,0,8,85
2wms,любой тяжёлый атом,8,4,8,85
4fsq,любой углерод,17,0,17,85
4fsq,углерод и сера,17,0,17,85
4fsq,углерод и галогены,17,0,17,85
4fsq,"углерод, сера, фтор",17,0,17,85
4fsq,"углерод, сера, хлор",17,0,17,85
4fsq,"углерод, сера, галогены",17,0,17,85
4fsq,любой тяжёлый атом,17,2,17,85
3tki,любой углерод,16,0,16,85
3tki,углерод и сера,16,0,16,85
3tki,углерод и галогены,16,0,16,85
3tki,"углерод, сера, фтор",16,0,16,85
3tki,"углерод, сера, хлор",16,0,16,85
3tki,"углерод, сера, галогены",16,0,16,85
3tki,любой тяжёлый атом,16,2,16,85
4gh2,любой углерод,13,0,13,85
4gh2,углерод и сера,13,0,13,85
4gh2,углерод и галогены,13,0,13,85
4gh2,"углерод, сера, фтор",13,0,13,85
4gh2,"углерод, сера, хлор",13,0,13,85
4gh2,"углерод, сера, галогены",13,0,13,85
4gh2,любой тяжёлый атом,13,4,13,85
4qye,любой углерод,14,0,14,85
4qye,углерод и сера,14,0,14,85
4qye,углерод и галогены,14,0,14,85
4qye,"углерод, сера, фтор",14,0,14,85
4qye,"углерод, сера, хлор",14,0,14,85
4qye,"углерод, сера, галогены",14,0,14,85
4qye,любой тяжёлый атом,14,1,14,85
3ot3,любой углерод,15,0,16,85
3ot3,углерод и сера,15,0,16,85
3ot3,углерод и галогены,16,0,16,85
3ot3,"углерод, сера, фтор",15,0,16,85
3ot3,"углерод, сера, хлор",15,0,16,85
3ot3,"углерод, сера, галогены",16,0,16,85
3ot3,любой тяжёлый атом,16,2,16,85
4ftj,любой углерод,10,0,10,85
4ftj,углерод и сера,10,0,10,85
4ftj,углерод и галогены,10,0,10,85
4ftj,"углерод, сера, фтор",10,0,10,85
4ftj,"углерод, сера, хлор",10,0,10,85
4ftj,"углерод, сера, галогены",10,0,10,85
4ftj,любой тяжёлый атом,10,3,10,85
2wmr,любой углерод,11,0,11,85
2wmr,углерод и сера,11,0,11,85
2wmr,углерод и галогены,11,0,11,85
2wmr,"углерод, сера, фтор",11,0,11,85
2wmr,"углерод, сера, хлор",11,0,11,85
2wmr,"углерод, сера, галогены",11,0,11,85
2wmr,любой тяжёлый атом,11,2,11,85
4fto,любой углерод,14,0,14,85
4fto,углерод и сера,14,0,14,85
4fto,углерод и галогены,14,0,14,85
4fto,"углерод, сера, фтор",14,0,14,85
4fto,"углерод, сера, хлор",14,0,14,85
4fto,"углерод, сера, галогены",14,0,14,85
4fto,любой тяжёлый атом,14,3,14,85
2gdo,любой углерод,17,0,18,85
2gdo,углерод и сера,17,0,18,85
2gdo,углерод и галогены,18,0,18,85
2gdo,"углерод, сера, фтор",17,0,18,85
2gdo,"углерод, сера, хлор",18,0,18,85
2gdo,"углерод, сера, галогены",18,0,18,85
2gdo,любой тяжёлый атом,18,1,18,85
4qyg,любой углерод,13,0,13,85
4qyg,углерод и сера,13,0,13,85
4qyg,углерод и галогены,13,0,13,85
4qyg,"углерод, сера, фтор",13,0,13,85
4qyg,"углерод, сера, хлор",13,0,13,85
4qyg,"углерод, сера, галогены",13,0,13,85
4qyg,любой тяжёлый атом,13,3,13,85
2ywp,любой углерод,14,0,15,85
2ywp,углерод и сера,14,0,15,85
2ywp,углерод и галогены,15,0,15,85
2ywp,"углерод, сера, фтор",14,0,15,85
2ywp,"углерод, сера, хлор",15,0,15,85
2ywp,"углерод, сера, галогены",15,0,15,85
2ywp,любой тяжёлый атом,15,2,15,85
4fti,любой углерод,13,0,13,85
4fti,углерод и сера,13,0,13,85
4fti,углерод и галогены,13,0,13,85
4fti,"углерод, сера, фтор",13,0,13,85
4fti,"углерод, сера, хлор",13,0,13,85
4fti,"углерод, сера, галогены",13,0,13,85
4fti,любой тяжёлый атом,13,3,13,85
4ftk,любой углерод,16,0,16,85
4ftk,углерод и сера,16,0,16,85
4ftk,углерод и галогены,16,0,16,85
4ftk,"углерод, сера, фтор",16,0,16,85
4ftk,"углерод, сера, хлор",16,0,16,85
4ftk,"углерод, сера, галогены",16,0,16,85
4ftk,любой тяжёлый атом,16,2,16,85
2wmr,любой углерод,11,0,11,85
2wmr,углерод и сера,11,0,11,85
2wmr,углерод и галогены,11,0,11,85
2wmr,"углерод, сера, фтор",11,0,11,85
2wmr,"углерод, сера, хлор",11,0,11,85
2wmr,"углерод, сера, галогены",11,0,11,85
2wmr,любой тяжёлый атом,11,2,11,85
4ft7,любой углерод,13,0,14,85
4ft7,углерод и сера,13,0,14,85
4ft7,углерод и галогены,14,0,14,85
4ft7,"углерод, сера, фтор",13,0,14,85
4ft7,"углерод, сера, хлор",13,0,14,85
4ft7,"углерод, сера, галогены",14,0,14,85
4ft7,любой тяжёлый атом,14,5,14,85
2yer,любой углерод,11,0,11,85
2yer,углерод и сера,11,0,11,85
2yer,углерод и галогены,11,0,11,85
2yer,"углерод, сера, фтор",11,0,11,85
2yer,"углерод, сера, хлор",11,0,11,85
2yer,"углерод, сера, галогены",11,0,11,85
2yer,любой тяжёлый атом,11,4,11,85
2c3l,любой углерод,10,0,10,85
2c3l,углерод и сера,10,0,10,85
2c3l,углерод и галогены,10,0,10,85
2c3l,"углерод, сера, фтор",10,0,10,85
2c3l,"углерод, сера, хлор",10,0,10,85
2c3l,"углерод, сера, галогены",10,0,10,85
2c3l,любой тяжёлый атом,10,2,10,85
4ftj,любой углерод,10,0,10,85
4ftj,углерод и сера,10,0,10,85
4ftj,углерод и галогены,10,0,10,85
4ftj,"углерод, сера, фтор",10,0,10,85
4ftj,"углерод, сера, хлор",10,0,10,85
4ftj,"углерод, сера, галогены",10,0,10,85
4ftj,любой тяжёлый атом,10,3,10,85
4fta,любой углерод,13,0,13,85
4fta,углерод и сера,13,0,13,85
4fta,углерод и галогены,13,0,13,85
4fta,"углерод, сера, фтор",13,0,13,85
4fta,"углерод, сера, хлор",13,0,13,85
4fta,"углерод, сера, галогены",13,0,13,85
4fta,любой тяжёлый атом,13,3,13,85
4ftl,любой углерод,16,0,16,85
4ftl,углерод и сера,16,0,16,85
4ftl,углерод и галогены,16,0,16,85
4ftl,"углерод, сера, фтор",16,0,16,85
4ftl,"углерод, сера, хлор",16,0,16,85
4ftl,"углерод, сера, галогены",16,0,16,85
4ftl,любой тяжёлый атом,16,3,16,85
4fsu,любой углерод,14,0,14,85
4fsu,углерод и сера,14,0,14,85
4fsu,углерод и галогены,14,0,14,85
4fsu,"углерод, сера, фтор",14,0,14,85
4fsu,"углерод, сера, хлор",14,0,14,85
4fsu,"углерод, сера, галогены",14,0,14,85
4fsu,любой тяжёлый атом,14,4,14,85
4fto,любой углерод,15,0,15,85
4fto,углерод и сера,15,0,15,85
4fto,углерод и галогены,15,0,15,85
4fto,"углерод, сера, фтор",15,0,15,85
4fto,"углерод, сера, хлор",15,0,15,85
4fto,"углерод, сера, галогены",15,0,15,85
4fto,любой тяжёлый атом,15,2,15,85
2wmu,любой углерод,10,0,10,85
2wmu,углерод и сера,10,0,10,85
2wmu,углерод и галогены,10,0,10,85
2wmu,"углерод, сера, фтор",10,0,10,85
2wmu,"углерод, сера, хлор",10,0,10,85
2wmu,"углерод, сера, галогены",10,0,10,85
2wmu,любой тяжёлый атом,10,1,10,85
4ft5,любой углерод,14,0,15,85
4ft5,углерод и сера,14,0,15,85
4ft5,углерод и галогены,15,0,15,85
4ft5,"углерод, сера, фтор",14,0,15,85
4ft5,"углерод, сера, хлор",15,0,15,85
4ft5,"углерод, сера, галогены",15,0,15,85
4ft5,любой тяжёлый атом,15,3,15,85
2e9p,любой углерод,15,0,17,85
2e9p,углерод и сера,15,0,17,85
2e9p,углерод и галогены,17,0,17,85
2e9p,"углерод, сера, фтор",15,0,17,85
2e9p,"углерод, сера, хлор",17,0,17,85
2e9p,"углерод, сера, галогены",17,0,17,85
2e9p,любой тяжёлый атом,17,3,17,85
4ftn,любой углерод,18,0,18,85
4ftn,углерод и сера,18,0,18,85
4ftn,углерод и галогены,18,0,18,85
4ftn,"углерод, сера, фтор",18,0,18,85
4ftn,"углерод, сера, хлор",18,0,18,85
4ftn,"углерод, сера, галогены",18,0,18,85
4ftn,любой тяжёлый атом,18,2,18,85
2c3k,любой углерод,15,0,15,85
2c3k,углерод и сера,15,0,15,85
2c3k,углерод и галогены,15,0,15,85
2c3k,"углерод, сера, фтор",15,0,15,85
2c3k,"углерод, сера, хлор",15,0,15,85
2c3k,"углерод, сера, галогены",15,0,15,85
2c3k,любой тяжёлый атом,15,3,15,85
2qhn,любой углерод,10,0,10,85
2qhn,углерод и сера,10,0,10,85
2qhn,углерод и галогены,10,0,10,85
2qhn,"углерод, сера, фтор",10,0,10,85
2qhn,"углерод, сера, хлор",10,0,10,85
2qhn,"углерод, сера, галогены",10,0,10,85
2qhn,любой тяжёлый атом,10,3,10,85
3pa5,любой углерод,13,0,13,85
3pa5,углерод и сера,13,0,13,85
3pa5,углерод и галогены,13,0,13,85
3pa5,"углерод, сера, фтор",13,0,13,85
3pa5,"углерод, сера, хлор",13,0,13,85
3pa5,"углерод, сера, галогены",13,0,13,85
3pa5,любой тяжёлый атом,13,6,13,85
4fst,любой углерод,17,0,17,85
4fst,углерод и сера,17,0,17,85
4fst,углерод и галогены,17,0,17,85
4fst,"углерод, сера, фтор",17,0,17,85
4fst,"углерод, сера, хлор",17,0,17,85
4fst,"углерод, сера, галогены",17,0,17,85
4fst,любой тяжёлый атом,17,3,17,85
2x8d,любой углерод,7,0,7,85
2x8d,углерод и сера,7,0,7,85
2x8d,углерод и галогены,7,0,7,85
2x8d,"углерод, сера, фтор",7,0,7,85
2x8d,"углерод, сера, хлор",7,0,7,85
2x8d,"углерод, сера, галогены",7,0,7,85
2x8d,любой тяжёлый атом,7,4,7,85
2brm,любой углерод,13,0,13,85
2brm,углерод и сера,13,0,13,85
2brm,углерод и галогены,13,0,13,85
2brm,"углерод, сера, фтор",13,0,13,85
2brm,"углерод, сера, хлор",13,0,13,85
2brm,"углерод, сера, галогены",13,0,13,85
2brm,любой тяжёлый атом,13,2,13,85
4qyf,любой углерод,12,0,12,85
4qyf,углерод и сера,12,0,12,85
4qyf,углерод и галогены,12,0,12,85
4qyf,"углерод, сера, фтор",12,0,12,85
4qyf,"углерод, сера, хлор",12,0,12,85
4qyf,"углерод, сера, галогены",12,0,12,85
4qyf,любой тяжёлый атом,12,4,12,85
4fsw,любой углерод,8,0,8,85
4fsw,углерод и сера,8,0,8,85
4fsw,углерод и галогены,8,0,8,85
4fsw,"углерод, сера, фтор",8,0,8,85
4fsw,"углерод, сера, хлор",8,0,8,85
4fsw,"углерод, сера, галогены",8,0,8,85
4fsw,любой тяжёлый атом,8,2,8,85
4rvm,любой углерод,14,0,14,85
4rvm,углерод и сера,14,0,14,85
4rvm,углерод и галогены,14,0,14,85
4rvm,"углерод, сера, фтор",14,0,14,85
4rvm,"углерод, сера, хлор",14,0,14,85
4rvm,"углерод, сера, галогены",14,0,14,85
4rvm,любой тяжёлый атом,14,2,14,85
4hyh,любой углерод,17,0,18,85
4hyh,углерод и сера,18,0,18,85
4hyh,углерод и галогены,17,0,18,85
4hyh,"углерод, сера, фтор",18,0,18,85
4hyh,"углерод, сера, хлор",18,0,18,85
4hyh,"углерод, сера, галогены",18,0,18,85
4hyh,любой тяжёлый атом,18,1,18,85
2ym5,любой углерод,12,0,12,85
2ym5,углерод и сера,12,0,12,85
2ym5,углерод и галогены,12,0,12,85
2ym5,"углерод, сера, фтор",12,0,12,85
2ym5,"углерод, сера, хлор",12,0,12,85
2ym5,"углерод, сера, галогены",12,0,12,85
2ym5,любой тяжёлый атом,12,3,12,85
4fsz,любой углерод,9,0,9,85
4fsz,углерод и сера,9,0,9,85
4fsz,углерод и галогены,9,0,9,85
4fsz,"углерод, сера, фтор",9,0,9,85
4fsz,"углерод, сера, хлор",9,0,9,85
4fsz,"углерод, сера, галогены",9,0,9,85
4fsz,любой тяжёлый атом,9,3,9,85
4fsr,любой углерод,14,0,14,85
4fsr,углерод и сера,14,0,14,85
4fsr,углерод и галогены,14,0,14,85
4fsr,"углерод, сера, фтор",14,0,14,85
4fsr,"углерод, сера, хлор",14,0,14,85
4fsr,"углерод, сера, галогены",14,0,14,85
4fsr,любой тяжёлый атом,14,3,14,85
2brn,любой углерод,15,0,15,85
2brn,углерод и сера,15,0,15,85
2brn,углерод и галогены,15,0,15,85
2brn,"углерод, сера, фтор",15,0,15,85
2brn,"углерод, сера, хлор",15,0,15,85
2brn,"углерод, сера, галогены",15,0,15,85
2brn,любой тяжёлый атом,15,2,15,85
2r0u,любой углерод,16,0,16,85
2r0u,углерод и сера,16,0,16,85
2r0u,углерод и галогены,16,0,16,85
2r0u,"углерод, сера, фтор",16,0,16,85
2r0u,"углерод, сера, хлор",16,0,16,85
2r0u,"углерод, сера, галогены",16,0,16,85
2r0u,любой тяжёлый атом,16,4,16,85
4ft5,любой углерод,14,0,15,85
4ft5,углерод и сера,14,0,15,85
4ft5,углерод и галогены,15,0,15,85
4ft5,"углерод, сера, фтор",14,0,15,85
4ft5,"углерод, сера, хлор",15,0,15,85
4ft5,"углерод, сера, галогены",15,0,15,85
4ft5,любой тяжёлый атом,15,3,15,85
3pa3,любой углерод,14,0,14,85
3pa3,углерод и сера,14,0,14,85
3pa3,углерод и галогены,14,0,14,85
3pa3,"углерод, сера, фтор",14,0,14,85
3pa3,"углерод, сера, хлор",14,0,14,85
3pa3,"углерод, сера, галогены",14,0,14,85
3pa3,любой тяжёлый атом,14,5,14,85
2wmx,любой углерод,9,0,9,85
2wmx,углерод и сера,9,0,9,85
2wmx,углерод и галогены,9,0,9,85
2wmx,"углерод, сера, фтор",9,0,9,85
2wmx,"углерод, сера, хлор",9,0,9,85
2wmx,"углерод, сера, галогены",9,0,9,85
2wmx,любой тяжёлый атом,9,3,9,85
4ft0,любой углерод,13,0,13,85
4ft0,углерод и сера,13,0,13,85
4ft0,углерод и галогены,13,0,13,85
4ft0,"углерод, сера, фтор",13,0,13,85
4ft0,"углерод, сера, хлор",13,0,13,85
4ft0,"углерод, сера, галогены",13,0,13,85
4ft0,любой тяжёлый атом,13,5,13,85
2e9v,любой углерод,14,0,15,85
2e9v,углерод и сера,14,0,15,85
2e9v,углерод и галогены,15,0,15,85
2e9v,"углерод, сера, фтор",14,0,15,85
2e9v,"углерод, сера, хлор",15,0,15,85
2e9v,"углерод, сера, галогены",15,0,15,85
2e9v,любой тяжёлый атом,15,3,15,85
4ftu,любой углерод,12,0,12,85
4ftu,углерод и сера,12,0,12,85
4ftu,углерод и галогены,12,0,12,85
4ftu,"углерод, сера, фтор",12,0,12,85
4ftu,"углерод, сера, хлор",12,0,12,85
4ftu,"углерод, сера, галогены",12,0,12,85
4ftu,любой тяжёлый атом,12,5,12,85
4ftu,любой углерод,12,0,12,85
4ftu,углерод и сера,12,0,12,85
4ftu,углерод и галогены,12,0,12,85
4ftu,"углерод, сера, фтор",12,0,12,85
4ftu,"углерод, сера, хлор",12,0,12,85
4ftu,"углерод, сера, галогены",12,0,12,85
4ftu,любой тяжёлый атом,12,5,12,85
3nlb,любой углерод,14,0,14,85
3nlb,углерод и сера,14,0,14,85
3nlb,углерод и галогены,14,0,14,85
3nlb,"углерод, сера, фтор",14,0,14,85
3nlb,"углерод, сера, хлор",14,0,14,85
3nlb,"углерод, сера, галогены",14,0,14,85
3nlb,любой тяжёлый атом,14,4,14,85
1nvq,любой углерод,17,0,17,85
1nvq,углерод и сера,17,0,17,85
1nvq,углерод и галогены,17,0,17,85
1nvq,"углерод, сера, фтор",17,0,17,85
1nvq,"углерод, сера, хлор",17,0,17,85
1nvq,"углерод, сера, галогены",17,0,17,85
1nvq,любой тяжёлый атом,17,2,17,85
2brm,любой углерод,13,0,13,85
2brm,углерод и сера,13,0,13,85
2brm,углерод и галогены,13,0,13,85
2brm,"углерод, сера, фтор",13,0,13,85
2brm,"углерод, сера, хлор",13,0,13,85
2brm,"углерод, сера, галогены",13,0,13,85
2brm,любой тяжёлый атом,13,2,13,85
2ym3,любой углерод,10,0,10,85
2ym3,углерод и сера,10,0,10,85
2ym3,углерод и галогены,10,0,10,85
2ym3,"углерод, сера, фтор",10,0,10,85
2ym3,"углерод, сера, хлор",10,0,10,85
2ym3,"углерод, сера, галогены",10,0,10,85
2ym3,любой тяжёлый атом,10,3,10,85
2ym7,любой углерод,13,0,13,85
2ym7,углерод и сера,13,0,13,85
2ym7,углерод и галогены,13,0,13,85
2ym7,"углерод, сера, фтор",13,0,13,85
2ym7,"углерод, сера, хлор",13,0,13,85
2ym7,"углерод, сера, галогены",13,0,13,85
2ym7,любой тяжёлый атом,13,3,13,85
2ydk,любой углерод,14,0,14,85
2ydk,углерод и сера,14,0,14,85
2ydk,углерод и галогены,14,0,14,85
2ydk,"углерод, сера, фтор",14,0,14,85
2ydk,"углерод, сера, хлор",14,0,14,85
2ydk,"углерод, сера, галогены",14,0,14,85
2ydk,любой тяжёлый атом,14,4,14,85
2wmq,любой углерод,11,0,11,85
2wmq,углерод и сера,11,0,11,85
2wmq,углерод и галогены,11,0,11,85
2wmq,"углерод, сера, фтор",11,0,11,85
2wmq,"углерод, сера, хлор",11,0,11,85
2wmq,"углерод, сера, галогены",11,0,11,85
2wmq,любой тяжёлый атом,11,1,11,85
4ft9,любой углерод,14,0,14,85
4ft9,углерод и сера,14,0,14,85
4ft9,углерод и галогены,14,0,14,85
4ft9,"углерод, сера, фтор",14,0,14,85
4ft9,"углерод, сера, хлор",14,0,14,85
4ft9,"углерод, сера, галогены",14,0,14,85
4ft9,любой тяжёлый атом,14,2,14,85
2ydj,любой углерод,12,0,12,85
2ydj,углерод и сера,12,0,12,85
2ydj,углерод и галогены,12,0,12,85
2ydj,"углерод, сера, фтор",12,0,12,85
2ydj,"углерод, сера, хлор",12,0,12,85
2ydj,"углерод, сера, галогены",12,0,12,85
2ydj,любой тяжёлый атом,12,5,12,85
2ym7,любой углерод,13,0,13,85
2ym7,углерод и сера,13,0,13,85
2ym7,углерод и галогены,13,0,13,85
2ym7,"углерод, сера, фтор",13,0,13,85
2ym7,"углерод, сера, хлор",13,0,13,85
2ym7,"углерод, сера, галогены",13,0,13,85
2ym7,любой тяжёлый атом,13,3,13,85
2yex,любой углерод,13,0,13,85
2yex,углерод и сера,13,0,13,85
2yex,углерод и галогены,13,0,13,85
2yex,"углерод, сера, фтор",13,0,13,85
2yex,"углерод, сера, хлор",13,0,13,85
2yex,"углерод, сера, галогены",13,0,13,85
2yex,любой тяжёлый атом,13,3,13,85
4gh2,любой углерод,13,0,13,85
4gh2,углерод и сера,13,0,13,85
4gh2,углерод и галогены,13,0,13,85
4gh2,"углерод, сера, фтор",13,0,13,85
4gh2,"углерод, сера, хлор",13,0,13,85
4gh2,"углерод, сера, галогены",13,0,13,85
4gh2,любой тяжёлый атом,13,4,13,85
4fst,любой углерод,17,0,17,85
4fst,углерод и сера,17,0,17,85
4fst,углерод и галогены,17,0,17,85
4fst,"углерод, сера, фтор",17,0,17,85
4fst,"углерод, сера, хлор",17,0,17,85
4fst,"углерод, сера, галогены",17,0,17,85
4fst,любой тяжёлый атом,17,3,17,85
4ftq,любой углерод,12,0,12,85
4ftq,углерод и сера,12,0,12,85
4ftq,углерод и галогены,12,0,12,85
4ftq,"углерод, сера, фтор",12,0,12,85
4ftq,"углерод, сера, хлор",12,0,12,85
4ftq,"углерод, сера, галогены",12,0,12,85
4ftq,любой тяжёлый атом,12,4,12,85
3tkh,любой углерод,14,0,14,85
3tkh,углерод и сера,14,0,14,85
3tkh,углерод и галогены,14,0,14,85
3tkh,"углерод, сера, фтор",14,0,14,85
3tkh,"углерод, сера, хлор",14,0,14,85
3tkh,"углерод, сера, галогены",14,0,14,85
3tkh,любой тяжёлый атом,14,0,14,85
2e9o,любой углерод,14,0,14,85
2e9o,углерод и сера,14,0,14,85
2e9o,углерод и галогены,14,0,14,85
2e9o,"углерод, сера, фтор",14,0,14,85
2e9o,"углерод, сера, хлор",14,0,14,85
2e9o,"углерод, сера, галогены",14,0,14,85
2e9o,любой тяжёлый атом,14,2,14,85
2xey,любой углерод,7,0,7,85
2xey,углерод и сера,7,0,7,85
2xey,углерод и галогены,7,0,7,85
2xey,"углерод, сера, фтор",7,0,7,85
2xey,"углерод, сера, хлор",7,0,7,85
2xey,"углерод, сера, галогены",7,0,7,85
2xey,любой тяжёлый атом,7,5,7,85
2qhm,любой углерод,12,0,12,85
2qhm,углерод и сера,12,0,12,85
2qhm,углерод и галогены,12,0,12,85
2qhm,"углерод, сера, фтор",12,0,12,85
2qhm,"углерод, сера, хлор",12,0,12,85
2qhm,"углерод, сера, галогены",12,0,12,85
2qhm,любой тяжёлый атом,12,2,12,85
4ftt,любой углерод,10,0,10,85
4ftt,углерод и сера,10,0,10,85
4ftt,углерод и галогены,10,0,10,85
4ftt,"углерод, сера, фтор",10,0,10,85
4ftt,"углерод, сера, хлор",10,0,10,85
4ftt,"углерод, сера, галогены",10,0,10,85
4ftt,любой тяжёлый атом,10,4,10,85
4fsm,любой углерод,12,0,12,85
4fsm,углерод и сера,12,0,12,85
4fsm,углерод и галогены,12,0,12,85
4fsm,"углерод, сера, фтор",12,0,12,85
4fsm,"углерод, сера, хлор",12,0,12,85
4fsm,"углерод, сера, галогены",12,0,12,85
4fsm,любой тяжёлый атом,12,4,12,85
4ft3,любой углерод,11,0,12,85
4ft3,углерод и сера,11,0,12,85
4ft3,углерод и галогены,12,0,12,85
4ft3,"углерод, сера, фтор",11,0,12,85
4ft3,"углерод, сера, хлор",12,0,12,85
4ft3,"углерод, сера, галогены",12,0,12,85
4ft3,любой тяжёлый атом,12,3,12,85
2x8d,любой углерод,7,0,7,85
2x8d,углерод и сера,7,0,7,85
2x8d,углерод и галогены,7,0,7,85
2x8d,"углерод, сера, фтор",7,0,7,85
2x8d,"углерод, сера, хлор",7,0,7,85
2x8d,"углерод, сера, галогены",7,0,7,85
2x8d,любой тяжёлый атом,7,4,7,85
2br1,любой углерод,13,0,13,85
2br1,углерод и сера,13,0,13,85
2br1,углерод и галогены,13,0,13,85
2br1,"углерод, сера, фтор",13,0,13,85
2br1,"углерод, сера, хлор",13,0,13,85
2br1,"углерод, сера, галогены",13,0,13,85
2br1,любой тяжёлый атом,13,3,13,85
4fsn,любой углерод,13,0,13,85
4fsn,углерод и сера,13,0,13,85
4fsn,углерод и галогены,13,0,13,85
4fsn,"углерод, сера, фтор",13,0,13,85
4fsn,"углерод, сера, хлор",13,0,13,85
4fsn,"углерод, сера, галогены",13,0,13,85
4fsn,любой тяжёлый атом,13,4,13,85
4ftc,любой углерод,12,0,12,85
4ftc,углерод и сера,12,0,12,85
4ftc,углерод и галогены,12,0,12,85
4ftc,"углерод, сера, фтор",12,0,12,85
4ftc,"углерод, сера, хлор",12,0,12,85
4ftc,"углерод, сера, галогены",12,0,12,85
4ftc,любой тяжёлый атом,12,3,12,85
2ayp,любой углерод,13,0,14,85
2ayp,углерод и сера,14,0,14,85
2ayp,углерод и галогены,13,0,14,85
2ayp,"углерод, сера, фтор",14,0,14,85
2ayp,"углерод, сера, хлор",14,0,14,85
2ayp,"углерод, сера, галогены",14,0,14,85
2ayp,любой тяжёлый атом,14,3,14,85
4hyi,любой углерод,17,0,17,85
4hyi,углерод и сера,17,0,17,85
4hyi,углерод и галогены,17,0,17,85
4hyi,"углерод, сера, фтор",17,0,17,85
4hyi,"углерод, сера, хлор",17,0,17,85
4hyi,"углерод, сера, галогены",17,0,17,85
4hyi,любой тяжёлый атом,17,1,17,85
4fsq,любой углерод,17,0,17,85
4fsq,углерод и сера,17,0,17,85
4fsq,углерод и галогены,17,0,17,85
4fsq,"углерод, сера, фтор",17,0,17,85
4fsq,"углерод, сера, хлор",17,0,17,85
4fsq,"углерод, сера, галогены",17,0,17,85
4fsq,любой тяжёлый атом,17,2,17,85
2cgw,любой углерод,8,0,8,85
2cgw,углерод и сера,8,0,8,85
2cgw,углерод и галогены,8,0,8,85
2cgw,"углерод, сера, фтор",8,0,8,85
2cgw,"углерод, сера, хлор",8,0,8,85
2cgw,"углерод, сера, галогены",8,0,8,85
2cgw,любой тяжёлый атом,8,8,8,85
2ydi,любой углерод,9,0,9,85
2ydi,углерод и сера,9,0,9,85
2ydi,углерод и галогены,9,0,9,85
2ydi,"углерод, сера, фтор",9,0,9,85
2ydi,"углерод, сера, хлор",9,0,9,85
2ydi,"углерод, сера, галогены",9,0,9,85
2ydi,любой тяжёлый атом,9,5,9,85
2wmt,любой углерод,10,0,10,85
2wmt,углерод и сера,10,0,10,85
2wmt,углерод и галогены,10,0,10,85
2wmt,"углерод, сера, фтор",10,0,10,85
2wmt,"углерод, сера, хлор",10,0,10,85
2wmt,"углерод, сера, галогены",10,0,10,85
2wmt,любой тяжёлый атом,10,2,10,85
2bro,любой углерод,14,0,14,85
2bro,углерод и сера,14,0,14,85
2bro,углерод и галогены,14,0,14,85
2bro,"углерод, сера, фтор",14,0,14,85
2bro,"углерод, сера, хлор",14,0,14,85
2bro,"углерод, сера, галогены",14,0,14,85
2bro,любой тяжёлый атом,14,2,14,85
2ydj,любой углерод,12,0,12,85
2ydj,углерод и сера,12,0,12,85
2ydj,углерод и галогены,12,0,12,85
2ydj,"углерод, сера, фтор",12,0,12,85
2ydj,"углерод, сера, хлор",12,0,12,85
2ydj,"углерод, сера, галогены",12,0,12,85
2ydj,любой тяжёлый атом,12,5,12,85
2e9n,любой углерод,16,0,16,85
2e9n,углерод и сера,16,0,16,85
2e9n,углерод и галогены,16,0,16,85
2e9n,"углерод, сера, фтор",16,0,16,85
2e9n,"углерод, сера, хлор",16,0,16,85
2e9n,"углерод, сера, галогены",16,0,16,85
2e9n,любой тяжёлый атом,16,3,16,85
4qyh,любой углерод,12,0,12,85
4qyh,углерод и сера,12,0,12,85
4qyh,углерод и галогены,12,0,12,85
4qyh,"углерод, сера, фтор",12,0,12,85
4qyh,"углерод, сера, хлор",12,0,12,85
4qyh,"углерод, сера, галогены",12,0,12,85
4qyh,любой тяжёлый атом,12,3,12,85
4ftr,любой углерод,14,0,14,85
4ftr,углерод и сера,14,0,14,85
4ftr,углерод и галогены,14,0,14,85
4ftr,"углерод, сера, фтор",14,0,14,85
4ftr,"углерод, сера, хлор",14,0,14,85
4ftr,"углерод, сера, галогены",14,0,14,85
4ftr,любой тяжёлый атом,14,4,14,85
3pa3,любой углерод,14,0,14,85
3pa3,углерод и сера,14,0,14,85
3pa3,углерод и галогены,14,0,14,85
3pa3,"углерод, сера, фтор",14,0,14,85
3pa3,"углерод, сера, хлор",14,0,14,85
3pa3,"углерод, сера, галогены",14,0,14,85
3pa3,любой тяжёлый атом,14,5,14,85
4ft0,любой углерод,13,0,13,85
4ft0,углерод и сера,13,0,13,85
4ft0,углерод и галогены,13,0,13,85
4ft0,"углерод, сера, фтор",13,0,13,85
4ft0,"углерод, сера, хлор",13,0,13,85
4ft0,"углерод, сера, галогены",13,0,13,85
4ft0,любой тяжёлый атом,13,5,13,85
2brh,любой углерод,11,0,11,85
2brh,углерод и сера,11,0,11,85
2brh,углерод и галогены,11,0,11,85
2brh,"углерод, сера, фтор",11,0,11,85
2brh,"углерод, сера, хлор",11,0,11,85
2brh,"углерод, сера, галогены",11,0,11,85
2brh,любой тяжёлый атом,11,2,11,85
4ftn,любой углерод,18,0,18,85
4ftn,углерод и сера,18,0,18,85
4ftn,углерод и галогены,18,0,18,85
4ftn,"углерод, сера, фтор",18,0,18,85
4ftn,"углерод, сера, хлор",18,0,18,85
4ftn,"углерод, сера, галогены",18,0,18,85
4ftn,любой тяжёлый атом,18,2,18,85
3ot3,любой углерод,15,0,16,85
3ot3,углерод и сера,15,0,16,85
3ot3,углерод и галогены,16,0,16,85
3ot3,"углерод, сера, фтор",15,0,16,85
3ot3,"углерод, сера, хлор",15,0,16,85
3ot3,"углерод, сера, галогены",16,0,16,85
3ot3,любой тяжёлый атом,16,2,16,85
2cgu,любой углерод,10,0,10,85
2cgu,углерод и сера,10,0,10,85
2cgu,углерод и галогены,10,0,10,85
2cgu,"углерод, сера, фтор",10,0,10,85
2cgu,"углерод, сера, хлор",10,0,10,85
2cgu,"углерод, сера, галогены",10,0,10,85
2cgu,любой тяжёлый атом,10,6,10,85
4jik,любой углерод,14,0,14,85
4jik,углерод и сера,14,0,14,85
4jik,углерод и галогены,14,0,14,85
4jik,"углерод, сера, фтор",14,0,14,85
4jik,"углерод, сера, хлор",14,0,14,85
4jik,"углерод, сера, галогены",14,0,14,85
4jik,любой тяжёлый атом,14,5,14,85
2x8i,любой углерод,11,0,11,85
2x8i,углерод и сера,11,0,11,85
2x8i,углерод и галогены,11,0,11,85
2x8i,"углерод, сера, фтор",11,0,11,85
2x8i,"углерод, сера, хлор",11,0,11,85
2x8i,"углерод, сера, галогены",11,0,11,85
2x8i,любой тяжёлый атом,11,3,11,85
8siw,любой углерод,16,0,17,85
8siw,углерод и сера,16,0,17,85
8siw,углерод и галогены,16,0,17,85
8siw,"углерод, сера, фтор",16,0,17,85
8siw,"углерод, сера, хлор",17,0,17,85
8siw,"углерод, сера, галогены",17,0,17,85
8siw,любой тяжёлый атом,17,2,17,85
8siv,любой углерод,16,0,17,85
8siv,углерод и сера,17,0,17,85
8siv,углерод и галогены,16,0,17,85
8siv,"углерод, сера, фтор",17,0,17,85
8siv,"углерод, сера, хлор",17,0,17,85
8siv,"углерод, сера, галогены",17,0,17,85
8siv,любой тяжёлый атом,17,1,17,85
8six,любой углерод,18,0,19,85
8six,углерод и сера,18,0,19,85
8six,углерод и галогены,18,0,19,85
8six,"углерод, сера, фтор",18,0,19,85
8six,"углерод, сера, хлор",19,0,19,85
8six,"углерод, сера, галогены",19,0,19,85
8six,любой тяжёлый атом,19,0,19,85
5f4n,любой углерод,14,0,14,85
5f4n,углерод и сера,14,0,14,85
5f4n,углерод и галогены,14,0,14,85
5f4n,"углерод, сера, фтор",14,0,14,85
5f4n,"углерод, сера, хлор",14,0,14,85
5f4n,"углерод, сера, галогены",14,0,14,85
5f4n,любой тяжёлый атом,14,5,14,85
5f4n,любой углерод,15,0,15,85
5f4n,углерод и сера,15,0,15,85
5f4n,углерод и галогены,15,0,15,85
5f4n,"углерод, сера, фтор",15,0,15,85
5f4n,"углерод, сера, хлор",15,0,15,85
5f4n,"углерод, сера, галогены",15,0,15,85
5f4n,любой тяжёлый атом,15,4,15,85
5dls,любой углерод,18,0,18,85
5dls,углерод и сера,18,0,18,85
5dls,углерод и галогены,18,0,18,85
5dls,"углерод, сера, фтор",18,0,18,85
5dls,"углерод, сера, хлор",18,0,18,85
5dls,"углерод, сера, галогены",18,0,18,85
5dls,любой тяжёлый атом,18,5,18,85
2j90,любой углерод,13,0,13,85
2j90,углерод и сера,13,0,13,85
2j90,углерод и галогены,13,0,13,85
2j90,"углерод, сера, фтор",13,0,13,85
2j90,"углерод, сера, хлор",13,0,13,85
2j90,"углерод, сера, галогены",13,0,13,85
2j90,любой тяжёлый атом,13,3,13,85
2j90,любой углерод,13,0,13,85
2j90,углерод и сера,13,0,13,85
2j90,углерод и галогены,13,0,13,85
2j90,"углерод, сера, фтор",13,0,13,85
2j90,"углерод, сера, хлор",13,0,13,85
2j90,"углерод, сера, галогены",13,0,13,85
2j90,любой тяжёлый атом,13,3,13,85
5a6n,любой углерод,6,0,7,85
5a6n,углерод и сера,7,0,7,85
5a6n,углерод и галогены,6,0,7,85
5a6n,"углерод, сера, фтор",7,0,7,85
5a6n,"углерод, сера, хлор",7,0,7,85
5a6n,"углерод, сера, галогены",7,0,7,85
5a6n,любой тяжёлый атом,7,5,7,85
3bhy,любой углерод,13,0,14,85
3bhy,углерод и сера,13,0,14,85
3bhy,углерод и галогены,14,0,14,85
3bhy,"углерод, сера, фтор",13,0,14,85
3bhy,"углерод, сера, хлор",14,0,14,85
3bhy,"углерод, сера, галогены",14,0,14,85
3bhy,любой тяжёлый атом,14,4,14,85
3bqr,любой углерод,13,0,13,85
3bqr,углерод и сера,13,0,13,85
3bqr,углерод и галогены,13,0,13,85
3bqr,"углерод, сера, фтор",13,0,13,85
3bqr,"углерод, сера, хлор",13,0,13,85
3bqr,"углерод, сера, галогены",13,0,13,85
3bqr,любой тяжёлый атом,13,3,13,85
2j90,любой углерод,13,0,13,85
2j90,углерод и сера,13,0,13,85
2j90,углерод и галогены,13,0,13,85
2j90,"углерод, сера, фтор",13,0,13,85
2j90,"углерод, сера, хлор",13,0,13,85
2j90,"углерод, сера, галогены",13,0,13,85
2j90,любой тяжёлый атом,13,3,13,85
5vja,любой углерод,12,0,12,85
5vja,углерод и сера,12,0,12,85
5vja,углерод и галогены,12,0,12,85
5vja,"углерод, сера, фтор",12,0,12,85
5vja,"углерод, сера, хлор",12,0,12,85
5vja,"углерод, сера, галогены",12,0,12,85
5vja,любой тяжёлый атом,12,2,12,85
3bhy,любой углерод,12,0,14,85
3bhy,углерод и сера,12,0,14,85
3bhy,углерод и галогены,14,0,14,85
3bhy,"углерод, сера, фтор",12,0,14,85
3bhy,"углерод, сера, хлор",14,0,14,85
3bhy,"углерод, сера, галогены",14,0,14,85
3bhy,любой тяжёлый атом,14,4,14,85
5vja,любой углерод,12,0,12,85
5vja,углерод и сера,12,0,12,85
5vja,углерод и галогены,12,0,12,85
5vja,"углерод, сера, фтор",12,0,12,85
5vja,"углерод, сера, хлор",12,0,12,85
5vja,"углерод, сера, галогены",12,0,12,85
5vja,любой тяжёлый атом,12,2,12,85
5vja,любой углерод,12,0,12,85
5vja,углерод и сера,12,0,12,85
5vja,углерод и галогены,12,0,12,85
5vja,"углерод, сера, фтор",12,0,12,85
5vja,"углерод, сера, хлор",12,0,12,85
5vja,"углерод, сера, галогены",12,0,12,85
5vja,любой тяжёлый атом,12,2,12,85
5vja,любой углерод,12,0,12,85
5vja,углерод и сера,12,0,12,85
5vja,углерод и галогены,12,0,12,85
5vja,"углерод, сера, фтор",12,0,12,85
5vja,"углерод, сера, хлор",12,0,12,85
5vja,"углерод, сера, галогены",12,0,12,85
5vja,любой тяжёлый атом,12,2,12,85
5vja,любой углерод,13,0,13,85
5vja,углерод и сера,13,0,13,85
5vja,углерод и галогены,13,0,13,85
5vja,"углерод, сера, фтор",13,0,13,85
5vja,"углерод, сера, хлор",13,0,13,85
5vja,"углерод, сера, галогены",13,0,13,85
5vja,любой тяжёлый атом,13,0,13,85
3bqr,любой углерод,13,0,13,85
3bqr,углерод и сера,13,0,13,85
3bqr,углерод и галогены,13,0,13,85
3bqr,"углерод, сера, фтор",13,0,13,85
3bqr,"углерод, сера, хлор",13,0,13,85
3bqr,"углерод, сера, галогены",13,0,13,85
3bqr,любой тяжёлый атом,13,3,13,85
5vja,любой углерод,12,0,12,85
5vja,углерод и сера,12,0,12,85
5vja,углерод и галогены,12,0,12,85
5vja,"углерод, сера, фтор",12,0,12,85
5vja,"углерод, сера, хлор",12,0,12,85
5vja,"углерод, сера, галогены",12,0,12,85
5vja,любой тяжёлый атом,12,2,12,85
5vja,любой углерод,13,0,13,85
5vja,углерод и сера,13,0,13,85
5vja,углерод и галогены,13,0,13,85
5vja,"углерод, сера, фтор",13,0,13,85
5vja,"углерод, сера, хлор",13,0,13,85
5vja,"углерод, сера, галогены",13,0,13,85
5vja,любой тяжёлый атом,13,0,13,85
5vja,любой углерод,12,0,12,85
5vja,углерод и сера,12,0,12,85
5vja,углерод и галогены,12,0,12,85
5vja,"углерод, сера, фтор",12,0,12,85
5vja,"углерод, сера, хлор",12,0,12,85
5vja,"углерод, сера, галогены",12,0,12,85
5vja,любой тяжёлый атом,12,2,12,85
5a6n,любой углерод,6,0,7,85
5a6n,углерод и сера,7,0,7,85
5a6n,углерод и галогены,6,0,7,85
5a6n,"углерод, сера, фтор",7,0,7,85
5a6n,"углерод, сера, хлор",7,0,7,85
5a6n,"углерод, сера, галогены",7,0,7,85
5a6n,любой тяжёлый атом,7,4,7,85
2j90,любой углерод,13,0,13,85
2j90,углерод и сера,13,0,13,85
2j90,углерод и галогены,13,0,13,85
2j90,"углерод, сера, фтор",13,0,13,85
2j90,"углерод, сера, хлор",13,0,13,85
2j90,"углерод, сера, галогены",13,0,13,85
2j90,любой тяжёлый атом,13,3,13,85
5ot5,любой углерод,10,0,10,85
5ot5,углерод и сера,10,0,10,85
5ot5,углерод и галогены,10,0,10,85
5ot5,"углерод, сера, фтор",10,0,10,85
5ot5,"углерод, сера, хлор",10,0,10,85
5ot5,"углерод, сера, галогены",10,0,10,85
5ot5,любой тяжёлый атом,10,0,10,85
5cqw,любой углерод,6,0,13,85
5cqw,углерод и сера,6,0,13,85
5cqw,углерод и галогены,13,0,13,85
5cqw,"углерод, сера, фтор",6,0,13,85
5cqw,"углерод, сера, хлор",6,0,13,85
5cqw,"углерод, сера, галогены",13,0,13,85
5cqw,любой тяжёлый атом,13,2,13,85
5cqu,любой углерод,10,0,15,85
5cqu,углерод и сера,10,0,15,85
5cqu,углерод и галогены,15,0,15,85
5cqu,"углерод, сера, фтор",10,0,15,85
5cqu,"углерод, сера, хлор",10,0,15,85
5cqu,"углерод, сера, галогены",15,0,15,85
5cqu,любой тяжёлый атом,15,3,15,85
5cqw,любой углерод,6,0,14,85
5cqw,углерод и сера,6,0,14,85
5cqw,углерод и галогены,14,0,14,85
5cqw,"углерод, сера, фтор",6,0,14,85
5cqw,"углерод, сера, хлор",6,0,14,85
5cqw,"углерод, сера, галогены",14,0,14,85
5cqw,любой тяжёлый атом,14,1,14,85
5cqw,любой углерод,6,0,13,85
5cqw,углерод и сера,6,0,13,85
5cqw,углерод и галогены,13,0,13,85
5cqw,"углерод, сера, фтор",6,0,13,85
5cqw,"углерод, сера, хлор",6,0,13,85
5cqw,"углерод, сера, галогены",13,0,13,85
5cqw,любой тяжёлый атом,13,2,13,85
5cqu,любой углерод,10,0,15,85
5cqu,углерод и сера,10,0,15,85
5cqu,углерод и галогены,15,0,15,85
5cqu,"углерод, сера, фтор",10,0,15,85
5cqu,"углерод, сера, хлор",10,0,15,85
5cqu,"углерод, сера, галогены",15,0,15,85
5cqu,любой тяжёлый атом,15,3,15,85
5cqw,любой углерод,6,0,14,85
5cqw,углерод и сера,6,0,14,85
5cqw,углерод и галогены,14,0,14,85
5cqw,"углерод, сера, фтор",6,0,14,85
5cqw,"углерод, сера, хлор",6,0,14,85
5cqw,"углерод, сера, галогены",14,0,14,85
5cqw,любой тяжёлый атом,14,1,14,85
7zy0,любой углерод,8,0,8,85
7zy0,углерод и сера,8,0,8,85
7zy0,углерод и галогены,8,0,8,85
7zy0,"углерод, сера, фтор",8,0,8,85
7zy0,"углерод, сера, хлор",8,0,8,85
7zy0,"углерод, сера, галогены",8,0,8,85
7zy0,любой тяжёлый атом,8,8,8,85
8aec,любой углерод,8,0,8,85
8aec,углерод и сера,8,0,8,85
8aec,углерод и галогены,8,0,8,85
8aec,"углерод, сера, фтор",8,0,8,85
8aec,"углерод, сера, хлор",8,0,8,85
8aec,"углерод, сера, галогены",8,0,8,85
8aec,любой тяжёлый атом,8,9,8,85
7zyr,любой углерод,8,0,8,85
7zyr,углерод и сера,8,0,8,85
7zyr,углерод и галогены,8,0,8,85
7zyr,"углерод, сера, фтор",8,0,8,85
7zyr,"углерод, сера, хлор",8,0,8,85
7zyr,"углерод, сера, галогены",8,0,8,85
7zyr,любой тяжёлый атом,8,9,8,85
6q4q,любой углерод,8,0,8,85
6q4q,углерод и сера,8,0,8,85
6q4q,углерод и галогены,8,0,8,85
6q4q,"углерод, сера, фтор",8,0,8,85
6q4q,"углерод, сера, хлор",8,0,8,85
6q4q,"углерод, сера, галогены",8,0,8,85
6q4q,любой тяжёлый атом,8,1,8,85
7zy2,любой углерод,7,0,7,85
7zy2,углерод и сера,7,0,7,85
7zy2,углерод и галогены,7,0,7,85
7zy2,"углерод, сера, фтор",7,0,7,85
7zy2,"углерод, сера, хлор",7,0,7,85
7zy2,"углерод, сера, галогены",7,0,7,85
7zy2,любой тяжёлый атом,7,12,7,85
5ot6,любой углерод,9,0,9,85
5ot6,углерод и сера,9,0,9,85
5ot6,углерод и галогены,9,0,9,85
5ot6,"углерод, сера, фтор",9,0,9,85
5ot6,"углерод, сера, хлор",9,0,9,85
5ot6,"углерод, сера, галогены",9,0,9,85
5ot6,любой тяжёлый атом,9,1,9,85
5mo7,любой углерод,6,0,7,85
5mo7,углерод и сера,7,0,7,85
5mo7,углерод и галогены,6,0,7,85
5mo7,"углерод, сера, фтор",7,0,7,85
5mo7,"углерод, сера, хлор",7,0,7,85
5mo7,"углерод, сера, галогены",7,0,7,85
5mo7,любой тяжёлый атом,7,1,7,85
6gmd,любой углерод,6,0,6,85
6gmd,углерод и сера,6,0,6,85
6gmd,углерод и галогены,6,0,6,85
6gmd,"углерод, сера, фтор",6,0,6,85
6gmd,"углерод, сера, хлор",6,0,6,85
6gmd,"углерод, сера, галогены",6,0,6,85
6gmd,любой тяжёлый атом,6,6,6,85
6gmd,любой углерод,7,0,7,85
6gmd,углерод и сера,7,0,7,85
6gmd,углерод и галогены,7,0,7,85
6gmd,"углерод, сера, фтор",7,0,7,85
6gmd,"углерод, сера, хлор",7,0,7,85
6gmd,"углерод, сера, галогены",7,0,7,85
6gmd,любой тяжёлый атом,7,5,7,85
5ct0,любой углерод,8,0,8,85
5ct0,углерод и сера,8,0,8,85
5ct0,углерод и галогены,8,0,8,85
5ct0,"углерод, сера, фтор",8,0,8,85
5ct0,"углерод, сера, хлор",8,0,8,85
5ct0,"углерод, сера, галогены",8,0,8,85
5ct0,любой тяжёлый атом,8,0,8,85
6gmd,любой углерод,7,0,7,85
6gmd,углерод и сера,7,0,7,85
6gmd,углерод и галогены,7,0,7,85
6gmd,"углерод, сера, фтор",7,0,7,85
6gmd,"углерод, сера, хлор",7,0,7,85
6gmd,"углерод, сера, галогены",7,0,7,85
6gmd,любой тяжёлый атом,7,5,7,85
6gmd,любой углерод,6,0,6,85
6gmd,углерод и сера,6,0,6,85
6gmd,углерод и галогены,6,0,6,85
6gmd,"углерод, сера, фтор",6,0,6,85
6gmd,"углерод, сера, хлор",6,0,6,85
6gmd,"углерод, сера, галогены",6,0,6,85
6gmd,любой тяжёлый атом,6,6,6,85
7qge,любой углерод,4,0,8,85
7qge,углерод и сера,4,0,8,85
7qge,углерод и галогены,8,0,8,85
7qge,"углерод, сера, фтор",4,0,8,85
7qge,"углерод, сера, хлор",4,0,8,85
7qge,"углерод, сера, галогены",8,0,8,85
7qge,любой тяжёлый атом,8,1,8,85
7qgb,любой углерод,6,0,8,85
7qgb,углерод и сера,6,0,8,85
7qgb,углерод и галогены,8,0,8,85
7qgb,"углерод, сера, фтор",6,0,8,85
7qgb,"углерод, сера, хлор",6,0,8,85
7qgb,"углерод, сера, галогены",8,0,8,85
7qgb,любой тяжёлый атом,8,3,8,85
7qge,любой углерод,4,0,9,85
7qge,углерод и сера,4,0,9,85
7qge,углерод и галогены,9,0,9,85
7qge,"углерод, сера, фтор",4,0,9,85
7qge,"углерод, сера, хлор",4,0,9,85
7qge,"углерод, сера, галогены",9,0,9,85
7qge,любой тяжёлый атом,9,6,9,85
7qgb,любой углерод,6,0,8,85
7qgb,углерод и сера,6,0,8,85
7qgb,углерод и галогены,8,0,8,85
7qgb,"углерод, сера, фтор",6,0,8,85
7qgb,"углерод, сера, хлор",6,0,8,85
7qgb,"углерод, сера, галогены",8,0,8,85
7qgb,любой тяжёлый атом,8,3,8,85
7qgd,любой углерод,6,0,8,85
7qgd,углерод и сера,6,0,8,85
7qgd,углерод и галогены,8,0,8,85
7qgd,"углерод, сера, фтор",6,0,8,85
7qgd,"углерод, сера, хлор",6,0,8,85
7qgd,"углерод, сера, галогены",8,0,8,85
7qgd,любой тяжёлый атом,8,4,8,85
7qgd,любой углерод,6,0,8,85
7qgd,углерод и сера,6,0,8,85
7qgd,углерод и галогены,8,0,8,85
7qgd,"углерод, сера, фтор",6,0,8,85
7qgd,"углерод, сера, хлор",6,0,8,85
7qgd,"углерод, сера, галогены",8,0,8,85
7qgd,любой тяжёлый атом,8,4,8,85
5kwh,любой углерод,16,0,16,85
5kwh,углерод и сера,16,0,16,85
5kwh,углерод и галогены,16,0,16,85
5kwh,"углерод, сера, фтор",16,0,16,85
5kwh,"углерод, сера, хлор",16,0,16,85
5kwh,"углерод, сера, галогены",16,0,16,85
5kwh,любой тяжёлый атом,16,1,16,85
5kwh,любой углерод,18,0,18,85
5kwh,углерод и сера,18,0,18,85
5kwh,углерод и галогены,18,0,18,85
5kwh,"углерод, сера, фтор",18,0,18,85
5kwh,"углерод, сера, хлор",18,0,18,85
5kwh,"углерод, сера, галогены",18,0,18,85
5kwh,любой тяжёлый атом,18,2,18,85
5kwh,любой углерод,16,0,16,85
5kwh,углерод и сера,16,0,16,85
5kwh,углерод и галогены,16,0,16,85
5kwh,"углерод, сера, фтор",16,0,16,85
5kwh,"углерод, сера, хлор",16,0,16,85
5kwh,"углерод, сера, галогены",16,0,16,85
5kwh,любой тяжёлый атом,16,1,16,85
5kwh,любой углерод,18,0,18,85
5kwh,углерод и сера,18,0,18,85
5kwh,углерод и галогены,18,0,18,85
5kwh,"углерод, сера, фтор",18,0,18,85
5kwh,"углерод, сера, хлор",18,0,18,85
5kwh,"углерод, сера, галогены",18,0,18,85
5kwh,любой тяжёлый атом,18,2,18,85
5ku8,любой углерод,17,0,17,85
5ku8,углерод и сера,17,0,17,85
5ku8,углерод и галогены,17,0,17,85
5ku8,"углерод, сера, фтор",17,0,17,85
5ku8,"углерод, сера, хлор",17,0,17,85
5ku8,"углерод, сера, галогены",17,0,17,85
5ku8,любой тяжёлый атом,17,3,17,85
5ku8,любой углерод,17,0,17,85
5ku8,углерод и сера,17,0,17,85
5ku8,углерод и галогены,17,0,17,85
5ku8,"углерод, сера, фтор",17,0,17,85
5ku8,"углерод, сера, хлор",17,0,17,85
5ku8,"углерод, сера, галогены",17,0,17,85
5ku8,любой тяжёлый атом,17,3,17,85
5mp8,любой углерод,6,0,6,85
5mp8,углерод и сера,6,0,6,85
5mp8,углерод и галогены,6,0,6,85
5mp8,"углерод, сера, фтор",6,0,6,85
5mp8,"углерод, сера, хлор",6,0,6,85
5mp8,"углерод, сера, галогены",6,0,6,85
5mp8,любой тяжёлый атом,6,12,6,85
5moe,любой углерод,6,0,6,85
5moe,углерод и сера,6,0,6,85
5moe,углерод и галогены,6,0,6,85
5moe,"углерод, сера, фтор",6,0,6,85
5moe,"углерод, сера, хлор",6,0,6,85
5moe,"углерод, сера, галогены",6,0,6,85
5moe,любой тяжёлый атом,6,12,6,85
5mp8,любой углерод,6,0,6,85
5mp8,углерод и сера,6,0,6,85
5mp8,углерод и галогены,6,0,6,85
5mp8,"углерод, сера, фтор",6,0,6,85
5mp8,"углерод, сера, хлор",6,0,6,85
5mp8,"углерод, сера, галогены",6,0,6,85
5mp8,любой тяжёлый атом,6,12,6,85
5mp8,любой углерод,8,0,8,85
5mp8,углерод и сера,8,0,8,85
5mp8,углерод и галогены,8,0,8,85
5mp8,"углерод, сера, фтор",8,0,8,85
5mp8,"углерод, сера, хлор",8,0,8,85
5mp8,"углерод, сера, галогены",8,0,8,85
5mp8,любой тяжёлый атом,8,11,8,85
5t1h,любой углерод,15,0,15,85
5t1h,углерод и сера,15,0,15,85
5t1h,углерод и галогены,15,0,15,85
5t1h,"углерод, сера, фтор",15,0,15,85
5t1h,"углерод, сера, хлор",15,0,15,85
5t1h,"углерод, сера, галогены",15,0,15,85
5t1h,любой тяжёлый атом,15,0,15,85
5mo8,любой углерод,15,0,15,85
5mo8,углерод и сера,15,0,15,85
5mo8,углерод и галогены,15,0,15,85
5mo8,"углерод, сера, фтор",15,0,15,85
5mo8,"углерод, сера, хлор",15,0,15,85
5mo8,"углерод, сера, галогены",15,0,15,85
5mo8,любой тяжёлый атом,15,0,15,85
5moe,любой углерод,6,0,6,85
5moe,углерод и сера,6,0,6,85
5moe,углерод и галогены,6,0,6,85
5moe,"углерод, сера, фтор",6,0,6,85
5moe,"углерод, сера, хлор",6,0,6,85
5moe,"углерод, сера, галогены",6,0,6,85
5moe,любой тяжёлый атом,6,12,6,85
5mow,любой углерод,7,0,8,85
5mow,углерод и сера,7,0,8,85
5mow,углерод и галогены,8,0,8,85
5mow,"углерод, сера, фтор",7,0,8,85
5mow,"углерод, сера, хлор",7,0,8,85
5mow,"углерод, сера, галогены",8,0,8,85
5mow,любой тяжёлый атом,8,3,8,85
5moh,любой углерод,8,0,8,85
5moh,углерод и сера,8,0,8,85
5moh,углерод и галогены,8,0,8,85
5moh,"углерод, сера, фтор",8,0,8,85
5moh,"углерод, сера, хлор",8,0,8,85
5moh,"углерод, сера, галогены",8,0,8,85
5moh,любой тяжёлый атом,8,4,8,85
5mo5,любой углерод,9,0,9,85
5mo5,углерод и сера,9,0,9,85
5mo5,углерод и галогены,9,0,9,85
5mo5,"углерод, сера, фтор",9,0,9,85
5mo5,"углерод, сера, хлор",9,0,9,85
5mo5,"углерод, сера, галогены",9,0,9,85
5mo5,любой тяжёлый атом,9,1,9,85
5mov,любой углерод,9,0,9,85
5mov,углерод и сера,9,0,9,85
5mov,углерод и галогены,9,0,9,85
5mov,"углерод, сера, фтор",9,0,9,85
5mov,"углерод, сера, хлор",9,0,9,85
5mov,"углерод, сера, галогены",9,0,9,85
5mov,любой тяжёлый атом,9,2,9,85
5mo8,любой углерод,15,0,15,85
5mo8,углерод и сера,15,0,15,85
5mo8,углерод и галогены,15,0,15,85
5mo8,"углерод, сера, фтор",15,0,15,85
5mo8,"углерод, сера, хлор",15,0,15,85
5mo8,"углерод, сера, галогены",15,0,15,85
5mo8,любой тяжёлый атом,15,0,15,85
5mow,любой углерод,7,0,8,85
5mow,углерод и сера,7,0,8,85
5mow,углерод и галогены,8,0,8,85
5mow,"углерод, сера, фтор",7,0,8,85
5mow,"углерод, сера, хлор",7,0,8,85
5mow,"углерод, сера, галогены",8,0,8,85
5mow,любой тяжёлый атом,8,3,8,85
5mpj,любой углерод,8,0,8,85
5mpj,углерод и сера,8,0,8,85
5mpj,углерод и галогены,8,0,8,85
5mpj,"углерод, сера, фтор",8,0,8,85
5mpj,"углерод, сера, хлор",8,0,8,85
5mpj,"углерод, сера, галогены",8,0,8,85
5mpj,любой тяжёлый атом,8,11,8,85
5moe,любой углерод,9,0,9,85
5moe,углерод и сера,9,0,9,85
5moe,углерод и галогены,9,0,9,85
5moe,"углерод, сера, фтор",9,0,9,85
5moe,"углерод, сера, хлор",9,0,9,85
5moe,"углерод, сера, галогены",9,0,9,85
5moe,любой тяжёлый атом,9,11,9,85
5mo5,любой углерод,9,0,9,85
5mo5,углерод и сера,9,0,9,85
5mo5,углерод и галогены,9,0,9,85
5mo5,"углерод, сера, фтор",9,0,9,85
5mo5,"углерод, сера, хлор",9,0,9,85
5mo5,"углерод, сера, галогены",9,0,9,85
5mo5,любой тяжёлый атом,9,1,9,85
5moh,любой углерод,8,0,8,85
5moh,углерод и сера,8,0,8,85
5moh,углерод и галогены,8,0,8,85
5moh,"углерод, сера, фтор",8,0,8,85
5moh,"углерод, сера, хлор",8,0,8,85
5moh,"углерод, сера, галогены",8,0,8,85
5moh,любой тяжёлый атом,8,4,8,85
5mov,любой углерод,9,0,9,85
5mov,углерод и сера,9,0,9,85
5mov,углерод и галогены,9,0,9,85
5mov,"углерод, сера, фтор",9,0,9,85
5mov,"углерод, сера, хлор",9,0,9,85
5mov,"углерод, сера, галогены",9,0,9,85
5mov,любой тяжёлый атом,9,2,9,85
5mo8,любой углерод,15,0,15,85
5mo8,углерод и сера,15,0,15,85
5mo8,углерод и галогены,15,0,15,85
5mo8,"углерод, сера, фтор",15,0,15,85
5mo8,"углерод, сера, хлор",15,0,15,85
5mo8,"углерод, сера, галогены",15,0,15,85
5mo8,любой тяжёлый атом,15,0,15,85
5mo8,любой углерод,15,0,15,85
5mo8,углерод и сера,15,0,15,85
5mo8,углерод и галогены,15,0,15,85
5mo8,"углерод, сера, фтор",15,0,15,85
5mo8,"углерод, сера, хлор",15,0,15,85
5mo8,"углерод, сера, галогены",15,0,15,85
5mo8,любой тяжёлый атом,15,0,15,85
5moe,любой углерод,9,0,9,85
5moe,углерод и сера,9,0,9,85
5moe,углерод и галогены,9,0,9,85
5moe,"углерод, сера, фтор",9,0,9,85
5moe,"углерод, сера, хлор",9,0,9,85
5moe,"углерод, сера, галогены",9,0,9,85
5moe,любой тяжёлый атом,9,11,9,85
5mp8,любой углерод,8,0,8,85
5mp8,углерод и сера,8,0,8,85
5mp8,углерод и галогены,8,0,8,85
5mp8,"углерод, сера, фтор",8,0,8,85
5mp8,"углерод, сера, хлор",8,0,8,85
5mp8,"углерод, сера, галогены",8,0,8,85
5mp8,любой тяжёлый атом,8,11,8,85
8bgc,любой углерод,12,0,12,85
8bgc,углерод и сера,12,0,12,85
8bgc,углерод и галогены,12,0,12,85
8bgc,"углерод, сера, фтор",12,0,12,85
8bgc,"углерод, сера, хлор",12,0,12,85
8bgc,"углерод, сера, галогены",12,0,12,85
8bgc,любой тяжёлый атом,12,3,12,85
7zyk,любой углерод,7,0,7,85
7zyk,углерод и сера,7,0,7,85
7zyk,углерод и галогены,7,0,7,85
7zyk,"углерод, сера, фтор",7,0,7,85
7zyk,"углерод, сера, хлор",7,0,7,85
7zyk,"углерод, сера, галогены",7,0,7,85
7zyk,любой тяжёлый атом,7,10,7,85
7zyk,любой углерод,7,0,7,85
7zyk,углерод и сера,7,0,7,85
7zyk,углерод и галогены,7,0,7,85
7zyk,"углерод, сера, фтор",7,0,7,85
7zyk,"углерод, сера, хлор",7,0,7,85
7zyk,"углерод, сера, галогены",7,0,7,85
7zyk,любой тяжёлый атом,7,10,7,85
5t1h,любой углерод,15,0,15,85
5t1h,углерод и сера,15,0,15,85
5t1h,углерод и галогены,15,0,15,85
5t1h,"углерод, сера, фтор",15,0,15,85
5t1h,"углерод, сера, хлор",15,0,15,85
5t1h,"углерод, сера, галогены",15,0,15,85
5t1h,любой тяжёлый атом,15,0,15,85
5t1h,любой углерод,15,0,15,85
5t1h,углерод и сера,15,0,15,85
5t1h,углерод и галогены,15,0,15,85
5t1h,"углерод, сера, фтор",15,0,15,85
5t1h,"углерод, сера, хлор",15,0,15,85
5t1h,"углерод, сера, галогены",15,0,15,85
5t1h,любой тяжёлый атом,15,0,15,85
7qux,любой углерод,7,0,7,85
7qux,углерод и сера,7,0,7,85
7qux,углерод и галогены,7,0,7,85
7qux,"углерод, сера, фтор",7,0,7,85
7qux,"углерод, сера, хлор",7,0,7,85
7qux,"углерод, сера, галогены",7,0,7,85
7qux,любой тяжёлый атом,7,10,7,85
7qux,любой углерод,7,0,7,85
7qux,углерод и сера,7,0,7,85
7qux,углерод и галогены,7,0,7,85
7qux,"углерод, сера, фтор",7,0,7,85
7qux,"углерод, сера, хлор",7,0,7,85
7qux,"углерод, сера, галогены",7,0,7,85
7qux,любой тяжёлый атом,7,10,7,85
5t1h,любой углерод,15,0,15,85
5t1h,углерод и сера,15,0,15,85
5t1h,углерод и галогены,15,0,15,85
5t1h,"углерод, сера, фтор",15,0,15,85
5t1h,"углерод, сера, хлор",15,0,15,85
5t1h,"углерод, сера, галогены",15,0,15,85
5t1h,любой тяжёлый атом,15,0,15,85
7x4h,любой углерод,11,0,11,85
7x4h,углерод и сера,11,0,11,85
7x4h,углерод и галогены,11,0,11,85
7x4h,"углерод, сера, фтор",11,0,11,85
7x4h,"углерод, сера, хлор",11,0,11,85
7x4h,"углерод, сера, галогены",11,0,11,85
7x4h,любой тяжёлый атом,11,3,11,85
7x4h,любой углерод,11,0,11,85
7x4h,углерод и сера,11,0,11,85
7x4h,углерод и галогены,11,0,11,85
7x4h,"углерод, сера, фтор",11,0,11,85
7x4h,"углерод, сера, хлор",11,0,11,85
7x4h,"углерод, сера, галогены",11,0,11,85
7x4h,любой тяжёлый атом,11,3,11,85
5n1v,любой углерод,15,0,15,85
5n1v,углерод и сера,15,0,15,85
5n1v,углерод и галогены,15,0,15,85
5n1v,"углерод, сера, фтор",15,0,15,85
5n1v,"углерод, сера, хлор",15,0,15,85
5n1v,"углерод, сера, галогены",15,0,15,85
5n1v,любой тяжёлый атом,15,2,15,85
5n1v,любой углерод,15,0,15,85
5n1v,углерод и сера,15,0,15,85
5n1v,углерод и галогены,15,0,15,85
5n1v,"углерод, сера, фтор",15,0,15,85
5n1v,"углерод, сера, хлор",15,0,15,85
5n1v,"углерод, сера, галогены",15,0,15,85
5n1v,любой тяжёлый атом,15,2,15,85
5n1v,любой углерод,15,0,15,85
5n1v,углерод и сера,15,0,15,85
5n1v,углерод и галогены,15,0,15,85
5n1v,"углерод, сера, фтор",15,0,15,85
5n1v,"углерод, сера, хлор",15,0,15,85
5n1v,"углерод, сера, галогены",15,0,15,85
5n1v,любой тяжёлый атом,15,2,15,85
5n1v,любой углерод,15,0,15,85
5n1v,углерод и сера,15,0,15,85
5n1v,углерод и галогены,15,0,15,85
5n1v,"углерод, сера, фтор",15,0,15,85
5n1v,"углерод, сера, хлор",15,0,15,85
5n1v,"углерод, сера, галогены",15,0,15,85
5n1v,любой тяжёлый атом,15,2,15,85
8pvo,любой углерод,13,0,13,85
8pvo,углерод и сера,13,0,13,85
8pvo,углерод и галогены,13,0,13,85
8pvo,"углерод, сера, фтор",13,0,13,85
8pvo,"углерод, сера, хлор",13,0,13,85
8pvo,"углерод, сера, галогены",13,0,13,85
8pvo,любой тяжёлый атом,13,2,13,85
5ct0,любой углерод,8,0,8,85
5ct0,углерод и сера,8,0,8,85
5ct0,углерод и галогены,8,0,8,85
5ct0,"углерод, сера, фтор",8,0,8,85
5ct0,"углерод, сера, хлор",8,0,8,85
5ct0,"углерод, сера, галогены",8,0,8,85
5ct0,любой тяжёлый атом,8,1,8,85
5mmf,любой углерод,8,0,8,85
5mmf,углерод и сера,8,0,8,85
5mmf,углерод и галогены,8,0,8,85
5mmf,"углерод, сера, фтор",8,0,8,85
5mmf,"углерод, сера, хлор",8,0,8,85
5mmf,"углерод, сера, галогены",8,0,8,85
5mmf,любой тяжёлый атом,8,0,8,85
5cvf,любой углерод,7,0,7,85
5cvf,углерод и сера,7,0,7,85
5cvf,углерод и галогены,7,0,7,85
5cvf,"углерод, сера, фтор",7,0,7,85
5cvf,"углерод, сера, хлор",7,0,7,85
5cvf,"углерод, сера, галогены",7,0,7,85
5cvf,любой тяжёлый атом,7,12,7,85
5csh,любой углерод,6,0,6,85
5csh,углерод и сера,6,0,6,85
5csh,углерод и галогены,6,0,6,85
5csh,"углерод, сера, фтор",6,0,6,85
5csh,"углерод, сера, хлор",6,0,6,85
5csh,"углерод, сера, галогены",6,0,6,85
5csh,любой тяжёлый атом,6,5,6,85
5cu4,любой углерод,16,0,16,85
5cu4,углерод и сера,16,0,16,85
5cu4,углерод и галогены,16,0,16,85
5cu4,"углерод, сера, фтор",16,0,16,85
5cu4,"углерод, сера, хлор",16,0,16,85
5cu4,"углерод, сера, галогены",16,0,16,85
5cu4,любой тяжёлый атом,16,0,16,85
5csh,любой углерод,7,0,7,85
5csh,углерод и сера,7,0,7,85
5csh,углерод и галогены,7,0,7,85
5csh,"углерод, сера, фтор",7,0,7,85
5csh,"углерод, сера, хлор",7,0,7,85
5csh,"углерод, сера, галогены",7,0,7,85
5csh,любой тяжёлый атом,7,10,7,85
5cu3,любой углерод,17,0,17,85
5cu3,углерод и сера,17,0,17,85
5cu3,углерод и галогены,17,0,17,85
5cu3,"углерод, сера, фтор",17,0,17,85
5cu3,"углерод, сера, хлор",17,0,17,85
5cu3,"углерод, сера, галогены",17,0,17,85
5cu3,любой тяжёлый атом,17,1,17,85
5csh,любой углерод,6,0,6,85
5csh,углерод и сера,6,0,6,85
5csh,углерод и галогены,6,0,6,85
5csh,"углерод, сера, фтор",6,0,6,85
5csh,"углерод, сера, хлор",6,0,6,85
5csh,"углерод, сера, галогены",6,0,6,85
5csh,любой тяжёлый атом,6,5,6,85
7b8h,любой углерод,8,0,8,85
7b8h,углерод и сера,8,0,8,85
7b8h,углерод и галогены,8,0,8,85
7b8h,"углерод, сера, фтор",8,0,8,85
7b8h,"углерод, сера, хлор",8,0,8,85
7b8h,"углерод, сера, галогены",8,0,8,85
7b8h,любой тяжёлый атом,8,1,8,85
5cvh,любой углерод,8,0,8,85
5cvh,углерод и сера,8,0,8,85
5cvh,углерод и галогены,8,0,8,85
5cvh,"углерод, сера, фтор",8,0,8,85
5cvh,"углерод, сера, хлор",8,0,8,85
5cvh,"углерод, сера, галогены",8,0,8,85
5cvh,любой тяжёлый атом,8,11,8,85
5cu4,любой углерод,15,0,15,85
5cu4,углерод и сера,15,0,15,85
5cu4,углерод и галогены,15,0,15,85
5cu4,"углерод, сера, фтор",15,0,15,85
5cu4,"углерод, сера, хлор",15,0,15,85
5cu4,"углерод, сера, галогены",15,0,15,85
5cu4,любой тяжёлый атом,15,0,15,85
7a4q,любой углерод,12,0,12,85
7a4q,углерод и сера,12,0,12,85
7a4q,углерод и галогены,12,0,12,85
7a4q,"углерод, сера, фтор",12,0,12,85
7a4q,"углерод, сера, хлор",12,0,12,85
7a4q,"углерод, сера, галогены",12,0,12,85
7a4q,любой тяжёлый атом,12,2,12,85
7a4q,любой углерод,12,0,12,85
7a4q,углерод и сера,12,0,12,85
7a4q,углерод и галогены,12,0,12,85
7a4q,"углерод, сера, фтор",12,0,12,85
7a4q,"углерод, сера, хлор",12,0,12,85
7a4q,"углерод, сера, галогены",12,0,12,85
7a4q,любой тяжёлый атом,12,2,12,85
5cvh,любой углерод,8,0,8,85
5cvh,углерод и сера,8,0,8,85
5cvh,углерод и галогены,8,0,8,85
5cvh,"углерод, сера, фтор",8,0,8,85
5cvh,"углерод, сера, хлор",8,0,8,85
5cvh,"углерод, сера, галогены",8,0,8,85
5cvh,любой тяжёлый атом,8,11,8,85
5cvh,любой углерод,8,0,8,85
5cvh,углерод и сера,8,0,8,85
5cvh,углерод и галогены,8,0,8,85
5cvh,"углерод, сера, фтор",8,0,8,85
5cvh,"углерод, сера, хлор",8,0,8,85
5cvh,"углерод, сера, галогены",8,0,8,85
5cvh,любой тяжёлый атом,8,12,8,85
5cvf,любой углерод,7,0,7,85
5cvf,углерод и сера,7,0,7,85
5cvf,углерод и галогены,7,0,7,85
5cvf,"углерод, сера, фтор",7,0,7,85
5cvf,"углерод, сера, хлор",7,0,7,85
5cvf,"углерод, сера, галогены",7,0,7,85
5cvf,любой тяжёлый атом,7,12,7,85
5csh,любой углерод,7,0,7,85
5csh,углерод и сера,7,0,7,85
5csh,углерод и галогены,7,0,7,85
5csh,"углерод, сера, фтор",7,0,7,85
5csh,"углерод, сера, хлор",7,0,7,85
5csh,"углерод, сера, галогены",7,0,7,85
5csh,любой тяжёлый атом,7,10,7,85
8ae7,любой углерод,7,0,7,85
8ae7,углерод и сера,7,0,7,85
8ae7,углерод и галогены,7,0,7,85
8ae7,"углерод, сера, фтор",7,0,7,85
8ae7,"углерод, сера, хлор",7,0,7,85
8ae7,"углерод, сера, галогены",7,0,7,85
8ae7,любой тяжёлый атом,7,11,7,85
8aem,любой углерод,8,0,8,85
8aem,углерод и сера,8,0,8,85
8aem,углерод и галогены,8,0,8,85
8aem,"углерод, сера, фтор",8,0,8,85
8aem,"углерод, сера, хлор",8,0,8,85
8aem,"углерод, сера, галогены",8,0,8,85
8aem,любой тяжёлый атом,8,10,8,85
8ae7,любой углерод,7,0,7,85
8ae7,углерод и сера,7,0,7,85
8ae7,углерод и галогены,7,0,7,85
8ae7,"углерод, сера, фтор",7,0,7,85
8ae7,"углерод, сера, хлор",7,0,7,85
8ae7,"углерод, сера, галогены",7,0,7,85
8ae7,любой тяжёлый атом,7,11,7,85
8aem,любой углерод,7,0,8,85
8aem,углерод и сера,8,0,8,85
8aem,углерод и галогены,7,0,8,85
8aem,"углерод, сера, фтор",8,0,8,85
8aem,"углерод, сера, хлор",8,0,8,85
8aem,"углерод, сера, галогены",8,0,8,85
8aem,любой тяжёлый атом,8,10,8,85
5m4i,любой углерод,11,0,13,85
5m4i,углерод и сера,11,0,13,85
5m4i,углерод и галогены,13,0,13,85
5m4i,"углерод, сера, фтор",11,0,13,85
5m4i,"углерод, сера, хлор",13,0,13,85
5m4i,"углерод, сера, галогены",13,0,13,85
5m4i,любой тяжёлый атом,13,3,13,85
8p06,любой углерод,14,0,14,85
8p06,углерод и сера,14,0,14,85
8p06,углерод и галогены,14,0,14,85
8p06,"углерод, сера, фтор",14,0,14,85
8p06,"углерод, сера, хлор",14,0,14,85
8p06,"углерод, сера, галогены",14,0,14,85
8p06,любой тяжёлый атом,14,3,14,85
8p07,любой углерод,15,0,15,85
8p07,углерод и сера,15,0,15,85
8p07,углерод и галогены,15,0,15,85
8p07,"углерод, сера, фтор",15,0,15,85
8p07,"углерод, сера, хлор",15,0,15,85
8p07,"углерод, сера, галогены",15,0,15,85
8p07,любой тяжёлый атом,15,0,15,85
5cx9,любой углерод,10,0,10,85
5cx9,углерод и сера,10,0,10,85
5cx9,углерод и галогены,10,0,10,85
5cx9,"углерод, сера, фтор",10,0,10,85
5cx9,"углерод, сера, хлор",10,0,10,85
5cx9,"углерод, сера, галогены",10,0,10,85
5cx9,любой тяжёлый атом,10,2,10,85
5cx9,любой углерод,10,0,10,85
5cx9,углерод и сера,10,0,10,85
5cx9,углерод и галогены,10,0,10,85
5cx9,"углерод, сера, фтор",10,0,10,85
5cx9,"углерод, сера, хлор",10,0,10,85
5cx9,"углерод, сера, галогены",10,0,10,85
5cx9,любой тяжёлый атом,10,1,10,85
5ctp,любой углерод,9,0,9,85
5ctp,углерод и сера,9,0,9,85
5ctp,углерод и галогены,9,0,9,85
5ctp,"углерод, сера, фтор",9,0,9,85
5ctp,"углерод, сера, хлор",9,0,9,85
5ctp,"углерод, сера, галогены",9,0,9,85
5ctp,любой тяжёлый атом,9,1,9,85
5cx9,любой углерод,10,0,10,85
5cx9,углерод и сера,10,0,10,85
5cx9,углерод и галогены,10,0,10,85
5cx9,"углерод, сера, фтор",10,0,10,85
5cx9,"углерод, сера, хлор",10,0,10,85
5cx9,"углерод, сера, галогены",10,0,10,85
5cx9,любой тяжёлый атом,10,1,10,85
5ctp,любой углерод,7,0,8,85
5ctp,углерод и сера,8,0,8,85
5ctp,углерод и галогены,7,0,8,85
5ctp,"углерод, сера, фтор",8,0,8,85
5ctp,"углерод, сера, хлор",8,0,8,85
5ctp,"углерод, сера, галогены",8,0,8,85
5ctp,любой тяжёлый атом,8,0,8,85
5cx9,любой углерод,10,0,10,85
5cx9,углерод и сера,10,0,10,85
5cx9,углерод и галогены,10,0,10,85
5cx9,"углерод, сера, фтор",10,0,10,85
5cx9,"углерод, сера, хлор",10,0,10,85
5cx9,"углерод, сера, галогены",10,0,10,85
5cx9,любой тяжёлый атом,10,2,10,85
5ctp,любой углерод,8,0,8,85
5ctp,углерод и сера,8,0,8,85
5ctp,углерод и галогены,8,0,8,85
5ctp,"углерод, сера, фтор",8,0,8,85
5ctp,"углерод, сера, хлор",8,0,8,85
5ctp,"углерод, сера, галогены",8,0,8,85
5ctp,любой тяжёлый атом,8,0,8,85
5ctp,любой углерод,9,0,9,85
5ctp,углерод и сера,9,0,9,85
5ctp,углерод и галогены,9,0,9,85
5ctp,"углерод, сера, фтор",9,0,9,85
5ctp,"углерод, сера, хлор",9,0,9,85
5ctp,"углерод, сера, галогены",9,0,9,85
5ctp,любой тяжёлый атом,9,1,9,85
7qgc,любой углерод,8,0,10,85
7qgc,углерод и сера,8,0,10,85
7qgc,углерод и галогены,10,0,10,85
7qgc,"углерод, сера, фтор",8,0,10,85
7qgc,"углерод, сера, хлор",8,0,10,85
7qgc,"углерод, сера, галогены",10,0,10,85
7qgc,любой тяжёлый атом,10,2,10,85
8p05,любой углерод,16,0,16,85
8p05,углерод и сера,16,0,16,85
8p05,углерод и галогены,16,0,16,85
8p05,"углерод, сера, фтор",16,0,16,85
8p05,"углерод, сера, хлор",16,0,16,85
8p05,"углерод, сера, галогены",16,0,16,85
8p05,любой тяжёлый атом,16,2,16,85
7zwe,любой углерод,11,0,11,85
7zwe,углерод и сера,11,0,11,85
7zwe,углерод и галогены,11,0,11,85
7zwe,"углерод, сера, фтор",11,0,11,85
7zwe,"углерод, сера, хлор",11,0,11,85
7zwe,"углерод, сера, галогены",11,0,11,85
7zwe,любой тяжёлый атом,11,5,11,85
7zwg,любой углерод,11,0,12,85
7zwg,углерод и сера,12,0,12,85
7zwg,углерод и галогены,11,0,12,85
7zwg,"углерод, сера, фтор",12,0,12,85
7zwg,"углерод, сера, хлор",12,0,12,85
7zwg,"углерод, сера, галогены",12,0,12,85
7zwg,любой тяжёлый атом,12,3,12,85
7zwg,любой углерод,11,0,12,85
7zwg,углерод и сера,12,0,12,85
7zwg,углерод и галогены,11,0,12,85
7zwg,"углерод, сера, фтор",12,0,12,85
7zwg,"углерод, сера, хлор",12,0,12,85
7zwg,"углерод, сера, галогены",12,0,12,85
7zwg,любой тяжёлый атом,12,3,12,85
7zwe,любой углерод,12,0,12,85
7zwe,углерод и сера,12,0,12,85
7zwe,углерод и галогены,12,0,12,85
7zwe,"углерод, сера, фтор",12,0,12,85
7zwe,"углерод, сера, хлор",12,0,12,85
7zwe,"углерод, сера, галогены",12,0,12,85
7zwe,любой тяжёлый атом,12,4,12,85
7qgc,любой углерод,7,0,9,85
7qgc,углерод и сера,7,0,9,85
7qgc,углерод и галогены,9,0,9,85
7qgc,"углерод, сера, фтор",7,0,9,85
7qgc,"углерод, сера, хлор",7,0,9,85
7qgc,"углерод, сера, галогены",9,0,9,85
7qgc,любой тяжёлый атом,9,2,9,85
5m4f,любой углерод,13,0,13,85
5m4f,углерод и сера,13,0,13,85
5m4f,углерод и галогены,13,0,13,85
5m4f,"углерод, сера, фтор",13,0,13,85
5m4f,"углерод, сера, хлор",13,0,13,85
5m4f,"углерод, сера, галогены",13,0,13,85
5m4f,любой тяжёлый атом,13,3,13,85
5m44,любой углерод,11,0,11,85
5m44,углерод и сера,11,0,11,85
5m44,углерод и галогены,11,0,11,85
5m44,"углерод, сера, фтор",11,0,11,85
5m44,"углерод, сера, хлор",11,0,11,85
5m44,"углерод, сера, галогены",11,0,11,85
5m44,любой тяжёлый атом,11,3,11,85
5m4c,любой углерод,13,0,14,85
5m4c,углерод и сера,14,0,14,85
5m4c,углерод и галогены,13,0,14,85
5m4c,"углерод, сера, фтор",14,0,14,85
5m4c,"углерод, сера, хлор",14,0,14,85
5m4c,"углерод, сера, галогены",14,0,14,85
5m4c,любой тяжёлый атом,14,2,14,85
5m4c,любой углерод,13,0,14,85
5m4c,углерод и сера,14,0,14,85
5m4c,углерод и галогены,13,0,14,85
5m4c,"углерод, сера, фтор",14,0,14,85
5m4c,"углерод, сера, хлор",14,0,14,85
5m4c,"углерод, сера, галогены",14,0,14,85
5m4c,любой тяжёлый атом,14,2,14,85
5m4f,любой углерод,13,0,13,85
5m4f,углерод и сера,13,0,13,85
5m4f,углерод и галогены,13,0,13,85
5m4f,"углерод, сера, фтор",13,0,13,85
5m4f,"углерод, сера, хлор",13,0,13,85
5m4f,"углерод, сера, галогены",13,0,13,85
5m4f,любой тяжёлый атом,13,3,13,85
6q38,любой углерод,7,0,7,85
6q38,углерод и сера,7,0,7,85
6q38,углерод и галогены,7,0,7,85
6q38,"углерод, сера, фтор",7,0,7,85
6q38,"углерод, сера, хлор",7,0,7,85
6q38,"углерод, сера, галогены",7,0,7,85
6q38,любой тяжёлый атом,7,1,7,85
7b8h,любой углерод,8,0,8,85
7b8h,углерод и сера,8,0,8,85
7b8h,углерод и галогены,8,0,8,85
7b8h,"углерод, сера, фтор",8,0,8,85
7b8h,"углерод, сера, хлор",8,0,8,85
7b8h,"углерод, сера, галогены",8,0,8,85
7b8h,любой тяжёлый атом,8,1,8,85
7ay9,любой углерод,16,0,16,85
7ay9,углерод и сера,16,0,16,85
7ay9,углерод и галогены,16,0,16,85
7ay9,"углерод, сера, фтор",16,0,16,85
7ay9,"углерод, сера, хлор",16,0,16,85
7ay9,"углерод, сера, галогены",16,0,16,85
7ay9,любой тяжёлый атом,16,1,16,85
7aya,любой углерод,17,0,17,85
7aya,углерод и сера,17,0,17,85
7aya,углерод и галогены,17,0,17,85
7aya,"углерод, сера, фтор",17,0,17,85
7aya,"углерод, сера, хлор",17,0,17,85
7aya,"углерод, сера, галогены",17,0,17,85
7aya,любой тяжёлый атом,17,1,17,85
7aya,любой углерод,17,0,17,85
7aya,углерод и сера,17,0,17,85
7aya,углерод и галогены,17,0,17,85
7aya,"углерод, сера, фтор",17,0,17,85
7aya,"углерод, сера, хлор",17,0,17,85
7aya,"углерод, сера, галогены",17,0,17,85
7aya,любой тяжёлый атом,17,1,17,85
6hou,любой углерод,8,0,8,85
6hou,углерод и сера,8,0,8,85
6hou,углерод и галогены,8,0,8,85
6hou,"углерод, сера, фтор",8,0,8,85
6hou,"углерод, сера, хлор",8,0,8,85
6hou,"углерод, сера, галогены",8,0,8,85
6hou,любой тяжёлый атом,8,3,8,85
6hot,любой углерод,9,0,9,85
6hot,углерод и сера,9,0,9,85
6hot,углерод и галогены,9,0,9,85
6hot,"углерод, сера, фтор",9,0,9,85
6hot,"углерод, сера, хлор",9,0,9,85
6hot,"углерод, сера, галогены",9,0,9,85
6hot,любой тяжёлый атом,9,3,9,85
6hoq,любой углерод,10,0,10,85
6hoq,углерод и сера,10,0,10,85
6hoq,углерод и галогены,10,0,10,85
6hoq,"углерод, сера, фтор",10,0,10,85
6hoq,"углерод, сера, хлор",10,0,10,85
6hoq,"углерод, сера, галогены",10,0,10,85
6hoq,любой тяжёлый атом,10,2,10,85
5mmr,любой углерод,8,0,8,85
5mmr,углерод и сера,8,0,8,85
5mmr,углерод и галогены,8,0,8,85
5mmr,"углерод, сера, фтор",8,0,8,85
5mmr,"углерод, сера, хлор",8,0,8,85
5mmr,"углерод, сера, галогены",8,0,8,85
5mmr,любой тяжёлый атом,8,1,8,85
6hor,любой углерод,10,0,10,85
6hor,углерод и сера,10,0,10,85
6hor,углерод и галогены,10,0,10,85
6hor,"углерод, сера, фтор",10,0,10,85
6hor,"углерод, сера, хлор",10,0,10,85
6hor,"углерод, сера, галогены",10,0,10,85
6hor,любой тяжёлый атом,10,3,10,85
6hot,любой углерод,9,0,9,85
6hot,углерод и сера,9,0,9,85
6hot,углерод и галогены,9,0,9,85
6hot,"углерод, сера, фтор",9,0,9,85
6hot,"углерод, сера, хлор",9,0,9,85
6hot,"углерод, сера, галогены",9,0,9,85
6hot,любой тяжёлый атом,9,3,9,85
6hop,любой углерод,9,0,9,85
6hop,углерод и сера,9,0,9,85
6hop,углерод и галогены,9,0,9,85
6hop,"углерод, сера, фтор",9,0,9,85
6hop,"углерод, сера, хлор",9,0,9,85
6hop,"углерод, сера, галогены",9,0,9,85
6hop,любой тяжёлый атом,9,3,9,85
6hoq,любой углерод,10,0,10,85
6hoq,углерод и сера,10,0,10,85
6hoq,углерод и галогены,10,0,10,85
6hoq,"углерод, сера, фтор",10,0,10,85
6hoq,"углерод, сера, хлор",10,0,10,85
6hoq,"углерод, сера, галогены",10,0,10,85
6hoq,любой тяжёлый атом,10,2,10,85
6hou,любой углерод,8,0,8,85
6hou,углерод и сера,8,0,8,85
6hou,углерод и галогены,8,0,8,85
6hou,"углерод, сера, фтор",8,0,8,85
6hou,"углерод, сера, хлор",8,0,8,85
6hou,"углерод, сера, галогены",8,0,8,85
6hou,любой тяжёлый атом,8,3,8,85
6hor,любой углерод,10,0,10,85
6hor,углерод и сера,10,0,10,85
6hor,углерод и галогены,10,0,10,85
6hor,"углерод, сера, фтор",10,0,10,85
6hor,"углерод, сера, хлор",10,0,10,85
6hor,"углерод, сера, галогены",10,0,10,85
6hor,любой тяжёлый атом,10,4,10,85
6hop,любой углерод,9,0,9,85
6hop,углерод и сера,9,0,9,85
6hop,углерод и галогены,9,0,9,85
6hop,"углерод, сера, фтор",9,0,9,85
6hop,"углерод, сера, хлор",9,0,9,85
6hop,"углерод, сера, галогены",9,0,9,85
6hop,любой тяжёлый атом,9,4,9,85
6hop,любой углерод,10,0,10,85
6hop,углерод и сера,10,0,10,85
6hop,углерод и галогены,10,0,10,85
6hop,"углерод, сера, фтор",10,0,10,85
6hop,"углерод, сера, хлор",10,0,10,85
6hop,"углерод, сера, галогены",10,0,10,85
6hop,любой тяжёлый атом,10,2,10,85
6hop,любой углерод,8,0,8,85
6hop,углерод и сера,8,0,8,85
6hop,углерод и галогены,8,0,8,85
6hop,"углерод, сера, фтор",8,0,8,85
6hop,"углерод, сера, хлор",8,0,8,85
6hop,"углерод, сера, галогены",8,0,8,85
6hop,любой тяжёлый атом,8,3,8,85
6ypg,любой углерод,13,0,13,85
6ypg,углерод и сера,13,0,13,85
6ypg,углерод и галогены,13,0,13,85
6ypg,"углерод, сера, фтор",13,0,13,85
6ypg,"углерод, сера, хлор",13,0,13,85
6ypg,"углерод, сера, галогены",13,0,13,85
6ypg,любой тяжёлый атом,13,1,13,85
6ypn,любой углерод,7,0,7,85
6ypn,углерод и сера,7,0,7,85
6ypn,углерод и галогены,7,0,7,85
6ypn,"углерод, сера, фтор",7,0,7,85
6ypn,"углерод, сера, хлор",7,0,7,85
6ypn,"углерод, сера, галогены",7,0,7,85
6ypn,любой тяжёлый атом,7,8,7,85
6yph,любой углерод,11,0,12,85
6yph,углерод и сера,12,0,12,85
6yph,углерод и галогены,11,0,12,85
6yph,"углерод, сера, фтор",12,0,12,85
6yph,"углерод, сера, хлор",12,0,12,85
6yph,"углерод, сера, галогены",12,0,12,85
6yph,любой тяжёлый атом,12,2,12,85
6yph,любой углерод,11,0,12,85
6yph,углерод и сера,12,0,12,85
6yph,углерод и галогены,11,0,12,85
6yph,"углерод, сера, фтор",12,0,12,85
6yph,"углерод, сера, хлор",12,0,12,85
6yph,"углерод, сера, галогены",12,0,12,85
6yph,любой тяжёлый атом,12,2,12,85
6yph,любой углерод,12,0,12,85
6yph,углерод и сера,12,0,12,85
6yph,углерод и галогены,12,0,12,85
6yph,"углерод, сера, фтор",12,0,12,85
6yph,"углерод, сера, хлор",12,0,12,85
6yph,"углерод, сера, галогены",12,0,12,85
6yph,любой тяжёлый атом,12,2,12,85
6ypg,любой углерод,13,0,13,85
6ypg,углерод и сера,13,0,13,85
6ypg,углерод и галогены,13,0,13,85
6ypg,"углерод, сера, фтор",13,0,13,85
6ypg,"углерод, сера, хлор",13,0,13,85
6ypg,"углерод, сера, галогены",13,0,13,85
6ypg,любой тяжёлый атом,13,1,13,85
6yph,любой углерод,11,0,11,85
6yph,углерод и сера,11,0,11,85
6yph,углерод и галогены,11,0,11,85
6yph,"углерод, сера, фтор",11,0,11,85
6yph,"углерод, сера, хлор",11,0,11,85
6yph,"углерод, сера, галогены",11,0,11,85
6yph,любой тяжёлый атом,11,2,11,85
6ypj,любой углерод,9,0,10,85
6ypj,углерод и сера,10,0,10,85
6ypj,углерод и галогены,9,0,10,85
6ypj,"углерод, сера, фтор",10,0,10,85
6ypj,"углерод, сера, хлор",10,0,10,85
6ypj,"углерод, сера, галогены",10,0,10,85
6ypj,любой тяжёлый атом,10,2,10,85
6ypj,любой углерод,9,0,10,85
6ypj,углерод и сера,10,0,10,85
6ypj,углерод и галогены,9,0,10,85
6ypj,"углерод, сера, фтор",10,0,10,85
6ypj,"углерод, сера, хлор",10,0,10,85
6ypj,"углерод, сера, галогены",10,0,10,85
6ypj,любой тяжёлый атом,10,2,10,85
6ypn,любой углерод,7,0,7,85
6ypn,углерод и сера,7,0,7,85
6ypn,углерод и галогены,7,0,7,85
6ypn,"углерод, сера, фтор",7,0,7,85
6ypn,"углерод, сера, хлор",7,0,7,85
6ypn,"углерод, сера, галогены",7,0,7,85
6ypn,любой тяжёлый атом,7,8,7,85
6tei,любой углерод,13,0,14,85
6tei,углерод и сера,14,0,14,85
6tei,углерод и галогены,13,0,14,85
6tei,"углерод, сера, фтор",14,0,14,85
6tei,"углерод, сера, хлор",14,0,14,85
6tei,"углерод, сера, галогены",14,0,14,85
6tei,любой тяжёлый атом,14,1,14,85
6yul,любой углерод,12,0,12,85
6yul,углерод и сера,12,0,12,85
6yul,углерод и галогены,12,0,12,85
6yul,"углерод, сера, фтор",12,0,12,85
6yul,"углерод, сера, хлор",12,0,12,85
6yul,"углерод, сера, галогены",12,0,12,85
6yul,любой тяжёлый атом,12,4,12,85
6tei,любой углерод,12,0,12,85
6tei,углерод и сера,12,0,12,85
6tei,углерод и галогены,12,0,12,85
6tei,"углерод, сера, фтор",12,0,12,85
6tei,"углерод, сера, хлор",12,0,12,85
6tei,"углерод, сера, галогены",12,0,12,85
6tei,любой тяжёлый атом,12,2,12,85
6tei,любой углерод,13,0,14,85
6tei,углерод и сера,14,0,14,85
6tei,углерод и галогены,13,0,14,85
6tei,"углерод, сера, фтор",14,0,14,85
6tei,"углерод, сера, хлор",14,0,14,85
6tei,"углерод, сера, галогены",14,0,14,85
6tei,любой тяжёлый атом,14,1,14,85
6tei,любой углерод,12,0,12,85
6tei,углерод и сера,12,0,12,85
6tei,углерод и галогены,12,0,12,85
6tei,"углерод, сера, фтор",12,0,12,85
6tei,"углерод, сера, хлор",12,0,12,85
6tei,"углерод, сера, галогены",12,0,12,85
6tei,любой тяжёлый атом,12,2,12,85
6yum,любой углерод,15,0,15,85
6yum,углерод и сера,15,0,15,85
6yum,углерод и галогены,15,0,15,85
6yum,"углерод, сера, фтор",15,0,15,85
6yum,"углерод, сера, хлор",15,0,15,85
6yum,"углерод, сера, галогены",15,0,15,85
6yum,любой тяжёлый атом,15,3,15,85
6z84,любой углерод,15,0,15,85
6z84,углерод и сера,15,0,15,85
6z84,углерод и галогены,15,0,15,85
6z84,"углерод, сера, фтор",15,0,15,85
6z84,"углерод, сера, хлор",15,0,15,85
6z84,"углерод, сера, галогены",15,0,15,85
6z84,любой тяжёлый атом,15,1,15,85
6z84,любой углерод,15,0,15,85
6z84,углерод и сера,15,0,15,85
6z84,углерод и галогены,15,0,15,85
6z84,"углерод, сера, фтор",15,0,15,85
6z84,"углерод, сера, хлор",15,0,15,85
6z84,"углерод, сера, галогены",15,0,15,85
6z84,любой тяжёлый атом,15,0,15,85
6z83,любой углерод,16,0,16,85
6z83,углерод и сера,16,0,16,85
6z83,углерод и галогены,16,0,16,85
6z83,"углерод, сера, фтор",16,0,16,85
6z83,"углерод, сера, хлор",16,0,16,85
6z83,"углерод, сера, галогены",16,0,16,85
6z83,любой тяжёлый атом,16,1,16,85
6z83,любой углерод,16,0,16,85
6z83,углерод и сера,16,0,16,85
6z83,углерод и галогены,16,0,16,85
6z83,"углерод, сера, фтор",16,0,16,85
6z83,"углерод, сера, хлор",16,0,16,85
6z83,"углерод, сера, галогены",16,0,16,85
6z83,любой тяжёлый атом,16,1,16,85
6hnw,любой углерод,11,0,11,85
6hnw,углерод и сера,11,0,11,85
6hnw,углерод и галогены,11,0,11,85
6hnw,"углерод, сера, фтор",11,0,11,85
6hnw,"углерод, сера, хлор",11,0,11,85
6hnw,"углерод, сера, галогены",11,0,11,85
6hnw,любой тяжёлый атом,11,4,11,85
6hny,любой углерод,13,0,13,85
6hny,углерод и сера,13,0,13,85
6hny,углерод и галогены,13,0,13,85
6hny,"углерод, сера, фтор",13,0,13,85
6hny,"углерод, сера, хлор",13,0,13,85
6hny,"углерод, сера, галогены",13,0,13,85
6hny,любой тяжёлый атом,13,3,13,85
6hnw,любой углерод,11,0,11,85
6hnw,углерод и сера,11,0,11,85
6hnw,углерод и галогены,11,0,11,85
6hnw,"углерод, сера, фтор",11,0,11,85
6hnw,"углерод, сера, хлор",11,0,11,85
6hnw,"углерод, сера, галогены",11,0,11,85
6hnw,любой тяжёлый атом,11,4,11,85
6hny,любой углерод,13,0,13,85
6hny,углерод и сера,13,0,13,85
6hny,углерод и галогены,13,0,13,85
6hny,"углерод, сера, фтор",13,0,13,85
6hny,"углерод, сера, хлор",13,0,13,85
6hny,"углерод, сера, галогены",13,0,13,85
6hny,любой тяжёлый атом,13,3,13,85
6jwa,любой углерод,8,0,9,85
6jwa,углерод и сера,8,0,9,85
6jwa,углерод и галогены,9,0,9,85
6jwa,"углерод, сера, фтор",8,0,9,85
6jwa,"углерод, сера, хлор",8,0,9,85
6jwa,"углерод, сера, галогены",9,0,9,85
6jwa,любой тяжёлый атом,9,3,9,85
5ot6,любой углерод,9,0,9,85
5ot6,углерод и сера,9,0,9,85
5ot6,углерод и галогены,9,0,9,85
5ot6,"углерод, сера, фтор",9,0,9,85
5ot6,"углерод, сера, хлор",9,0,9,85
5ot6,"углерод, сера, галогены",9,0,9,85
5ot6,любой тяжёлый атом,9,1,9,85
6fvg,любой углерод,8,0,8,85
6fvg,углерод и сера,8,0,8,85
6fvg,углерод и галогены,8,0,8,85
6fvg,"углерод, сера, фтор",8,0,8,85
6fvg,"углерод, сера, хлор",8,0,8,85
6fvg,"углерод, сера, галогены",8,0,8,85
6fvg,любой тяжёлый атом,8,11,8,85
6fvg,любой углерод,8,0,8,85
6fvg,углерод и сера,8,0,8,85
6fvg,углерод и галогены,8,0,8,85
6fvg,"углерод, сера, фтор",8,0,8,85
6fvg,"углерод, сера, хлор",8,0,8,85
6fvg,"углерод, сера, галогены",8,0,8,85
6fvg,любой тяжёлый атом,8,11,8,85
6rcm,любой углерод,14,0,15,85
6rcm,углерод и сера,15,0,15,85
6rcm,углерод и галогены,14,0,15,85
6rcm,"углерод, сера, фтор",15,0,15,85
6rcm,"углерод, сера, хлор",15,0,15,85
6rcm,"углерод, сера, галогены",15,0,15,85
6rcm,любой тяжёлый атом,15,3,15,85
6rfe,любой углерод,9,0,13,85
6rfe,углерод и сера,11,0,13,85
6rfe,углерод и галогены,11,0,13,85
6rfe,"углерод, сера, фтор",11,0,13,85
6rfe,"углерод, сера, хлор",11,0,13,85
6rfe,"углерод, сера, галогены",13,0,13,85
6rfe,любой тяжёлый атом,13,4,13,85
6a1c,любой углерод,12,0,13,85
6a1c,углерод и сера,12,0,13,85
6a1c,углерод и галогены,13,0,13,85
6a1c,"углерод, сера, фтор",12,0,13,85
6a1c,"углерод, сера, хлор",12,0,13,85
6a1c,"углерод, сера, галогены",13,0,13,85
6a1c,любой тяжёлый атом,13,6,13,85
6hbn,любой углерод,13,0,13,85
6hbn,углерод и сера,13,0,13,85
6hbn,углерод и галогены,13,0,13,85
6hbn,"углерод, сера, фтор",13,0,13,85
6hbn,"углерод, сера, хлор",13,0,13,85
6hbn,"углерод, сера, галогены",13,0,13,85
6hbn,любой тяжёлый атом,13,4,13,85
6rfe,любой углерод,10,0,13,85
6rfe,углерод и сера,11,0,13,85
6rfe,углерод и галогены,12,0,13,85
6rfe,"углерод, сера, фтор",11,0,13,85
6rfe,"углерод, сера, хлор",11,0,13,85
6rfe,"углерод, сера, галогены",13,0,13,85
6rfe,любой тяжёлый атом,13,4,13,85
6hme,любой углерод,14,0,14,85
6hme,углерод и сера,14,0,14,85
6hme,углерод и галогены,14,0,14,85
6hme,"углерод, сера, фтор",14,0,14,85
6hme,"углерод, сера, хлор",14,0,14,85
6hme,"углерод, сера, галогены",14,0,14,85
6hme,любой тяжёлый атом,14,3,14,85
6rb1,любой углерод,10,0,14,85
6rb1,углерод и сера,11,0,14,85
6rb1,углерод и галогены,10,0,14,85
6rb1,"углерод, сера, фтор",14,0,14,85
6rb1,"углерод, сера, хлор",11,0,14,85
6rb1,"углерод, сера, галогены",14,0,14,85
6rb1,любой тяжёлый атом,14,4,14,85
6rcb,любой углерод,11,0,12,85
6rcb,углерод и сера,12,0,12,85
6rcb,углерод и галогены,11,0,12,85
6rcb,"углерод, сера, фтор",12,0,12,85
6rcb,"углерод, сера, хлор",12,0,12,85
6rcb,"углерод, сера, галогены",12,0,12,85
6rcb,любой тяжёлый атом,12,4,12,85
6rcm,любой углерод,15,0,15,85
6rcm,углерод и сера,15,0,15,85
6rcm,углерод и галогены,15,0,15,85
6rcm,"углерод, сера, фтор",15,0,15,85
6rcm,"углерод, сера, хлор",15,0,15,85
6rcm,"углерод, сера, галогены",15,0,15,85
6rcm,любой тяжёлый атом,15,3,15,85
6rb1,любой углерод,11,0,14,85
6rb1,углерод и сера,11,0,14,85
6rb1,углерод и галогены,11,0,14,85
6rb1,"углерод, сера, фтор",14,0,14,85
6rb1,"углерод, сера, хлор",11,0,14,85
6rb1,"углерод, сера, галогены",14,0,14,85
6rb1,любой тяжёлый атом,14,4,14,85
6l22,любой углерод,9,0,9,85
6l22,углерод и сера,9,0,9,85
6l22,углерод и галогены,9,0,9,85
6l22,"углерод, сера, фтор",9,0,9,85
6l22,"углерод, сера, хлор",9,0,9,85
6l22,"углерод, сера, галогены",9,0,9,85
6l22,любой тяжёлый атом,9,6,9,85
6l24,любой углерод,10,0,10,85
6l24,углерод и сера,10,0,10,85
6l24,углерод и галогены,10,0,10,85
6l24,"углерод, сера, фтор",10,0,10,85
6l24,"углерод, сера, хлор",10,0,10,85
6l24,"углерод, сера, галогены",10,0,10,85
6l24,любой тяжёлый атом,10,3,10,85
6l24,любой углерод,11,0,11,85
6l24,углерод и сера,11,0,11,85
6l24,углерод и галогены,11,0,11,85
6l24,"углерод, сера, фтор",11,0,11,85
6l24,"углерод, сера, хлор",11,0,11,85
6l24,"углерод, сера, галогены",11,0,11,85
6l24,любой тяжёлый атом,11,3,11,85
6l21,любой углерод,9,0,9,85
6l21,углерод и сера,9,0,9,85
6l21,углерод и галогены,9,0,9,85
6l21,"углерод, сера, фтор",9,0,9,85
6l21,"углерод, сера, хлор",9,0,9,85
6l21,"углерод, сера, галогены",9,0,9,85
6l21,любой тяжёлый атом,9,8,9,85
6l1z,любой углерод,10,0,10,85
6l1z,углерод и сера,10,0,10,85
6l1z,углерод и галогены,10,0,10,85
6l1z,"углерод, сера, фтор",10,0,10,85
6l1z,"углерод, сера, хлор",10,0,10,85
6l1z,"углерод, сера, галогены",10,0,10,85
6l1z,любой тяжёлый атом,10,3,10,85
6l22,любой углерод,8,0,9,85
6l22,углерод и сера,9,0,9,85
6l22,углерод и галогены,8,0,9,85
6l22,"углерод, сера, фтор",9,0,9,85
6l22,"углерод, сера, хлор",9,0,9,85
6l22,"углерод, сера, галогены",9,0,9,85
6l22,любой тяжёлый атом,9,7,9,85
5csp,любой углерод,8,0,8,85
5csp,углерод и сера,8,0,8,85
5csp,углерод и галогены,8,0,8,85
5csp,"углерод, сера, фтор",8,0,8,85
5csp,"углерод, сера, хлор",8,0,8,85
5csp,"углерод, сера, галогены",8,0,8,85
5csp,любой тяжёлый атом,8,1,8,85
5mmr,любой углерод,8,0,8,85
5mmr,углерод и сера,8,0,8,85
5mmr,углерод и галогены,8,0,8,85
5mmr,"углерод, сера, фтор",8,0,8,85
5mmr,"углерод, сера, хлор",8,0,8,85
5mmr,"углерод, сера, галогены",8,0,8,85
5mmr,любой тяжёлый атом,8,1,8,85
6qy7,любой углерод,12,0,12,85
6qy7,углерод и сера,12,0,12,85
6qy7,углерод и галогены,12,0,12,85
6qy7,"углерод, сера, фтор",12,0,12,85
6qy7,"углерод, сера, хлор",12,0,12,85
6qy7,"углерод, сера, галогены",12,0,12,85
6qy7,любой тяжёлый атом,12,4,12,85
6qy7,любой углерод,11,0,11,85
6qy7,углерод и сера,11,0,11,85
6qy7,углерод и галогены,11,0,11,85
6qy7,"углерод, сера, фтор",11,0,11,85
6qy7,"углерод, сера, хлор",11,0,11,85
6qy7,"углерод, сера, галогены",11,0,11,85
6qy7,любой тяжёлый атом,11,4,11,85
6qy7,любой углерод,12,0,12,85
6qy7,углерод и сера,12,0,12,85
6qy7,углерод и галогены,12,0,12,85
6qy7,"углерод, сера, фтор",12,0,12,85
6qy7,"углерод, сера, хлор",12,0,12,85
6qy7,"углерод, сера, галогены",12,0,12,85
6qy7,любой тяжёлый атом,12,6,12,85
6qy7,любой углерод,12,0,12,85
6qy7,углерод и сера,12,0,12,85
6qy7,углерод и галогены,12,0,12,85
6qy7,"углерод, сера, фтор",12,0,12,85
6qy7,"углерод, сера, хлор",12,0,12,85
6qy7,"углерод, сера, галогены",12,0,12,85
6qy7,любой тяжёлый атом,12,6,12,85
5oni,любой углерод,15,0,15,85
5oni,углерод и сера,15,0,15,85
5oni,углерод и галогены,15,0,15,85
5oni,"углерод, сера, фтор",15,0,15,85
5oni,"углерод, сера, хлор",15,0,15,85
5oni,"углерод, сера, галогены",15,0,15,85
5oni,любой тяжёлый атом,15,3,15,85
5oni,любой углерод,15,0,15,85
5oni,углерод и сера,15,0,15,85
5oni,углерод и галогены,15,0,15,85
5oni,"углерод, сера, фтор",15,0,15,85
5oni,"углерод, сера, хлор",15,0,15,85
5oni,"углерод, сера, галогены",15,0,15,85
5oni,любой тяжёлый атом,15,3,15,85
5ct0,любой углерод,8,0,8,85
5ct0,углерод и сера,8,0,8,85
5ct0,углерод и галогены,8,0,8,85
5ct0,"углерод, сера, фтор",8,0,8,85
5ct0,"углерод, сера, хлор",8,0,8,85
5ct0,"углерод, сера, галогены",8,0,8,85
5ct0,любой тяжёлый атом,8,1,8,85
5omy,любой углерод,13,0,13,85
5omy,углерод и сера,13,0,13,85
5omy,углерод и галогены,13,0,13,85
5omy,"углерод, сера, фтор",13,0,13,85
5omy,"углерод, сера, хлор",13,0,13,85
5omy,"углерод, сера, галогены",13,0,13,85
5omy,любой тяжёлый атом,13,4,13,85
5omy,любой углерод,13,0,13,85
5omy,углерод и сера,13,0,13,85
5omy,углерод и галогены,13,0,13,85
5omy,"углерод, сера, фтор",13,0,13,85
5omy,"углерод, сера, хлор",13,0,13,85
5omy,"углерод, сера, галогены",13,0,13,85
5omy,любой тяжёлый атом,13,4,13,85
5oni,любой углерод,15,0,15,85
5oni,углерод и сера,15,0,15,85
5oni,углерод и галогены,15,0,15,85
5oni,"углерод, сера, фтор",15,0,15,85
5oni,"углерод, сера, хлор",15,0,15,85
5oni,"углерод, сера, галогены",15,0,15,85
5oni,любой тяжёлый атом,15,3,15,85
5oni,любой углерод,15,0,15,85
5oni,углерод и сера,15,0,15,85
5oni,углерод и галогены,15,0,15,85
5oni,"углерод, сера, фтор",15,0,15,85
5oni,"углерод, сера, хлор",15,0,15,85
5oni,"углерод, сера, галогены",15,0,15,85
5oni,любой тяжёлый атом,15,3,15,85
7zyd,любой углерод,8,0,8,85
7zyd,углерод и сера,8,0,8,85
7zyd,углерод и галогены,8,0,8,85
7zyd,"углерод, сера, фтор",8,0,8,85
7zyd,"углерод, сера, хлор",8,0,8,85
7zyd,"углерод, сера, галогены",8,0,8,85
7zyd,любой тяжёлый атом,8,8,8,85
7zy0,любой углерод,8,0,8,85
7zy0,углерод и сера,8,0,8,85
7zy0,углерод и галогены,8,0,8,85
7zy0,"углерод, сера, фтор",8,0,8,85
7zy0,"углерод, сера, хлор",8,0,8,85
7zy0,"углерод, сера, галогены",8,0,8,85
7zy0,любой тяжёлый атом,8,8,8,85
5cu6,любой углерод,8,0,8,85
5cu6,углерод и сера,8,0,8,85
5cu6,углерод и галогены,8,0,8,85
5cu6,"углерод, сера, фтор",8,0,8,85
5cu6,"углерод, сера, хлор",8,0,8,85
5cu6,"углерод, сера, галогены",8,0,8,85
5cu6,любой тяжёлый атом,8,9,8,85
5cu3,любой углерод,17,0,17,85
5cu3,углерод и сера,17,0,17,85
5cu3,углерод и галогены,17,0,17,85
5cu3,"углерод, сера, фтор",17,0,17,85
5cu3,"углерод, сера, хлор",17,0,17,85
5cu3,"углерод, сера, галогены",17,0,17,85
5cu3,любой тяжёлый атом,17,0,17,85
7zyo,любой углерод,8,0,8,85
7zyo,углерод и сера,8,0,8,85
7zyo,углерод и галогены,8,0,8,85
7zyo,"углерод, сера, фтор",8,0,8,85
7zyo,"углерод, сера, хлор",8,0,8,85
7zyo,"углерод, сера, галогены",8,0,8,85
7zyo,любой тяжёлый атом,8,10,8,85
5oue,любой углерод,8,0,8,85
5oue,углерод и сера,8,0,8,85
5oue,углерод и галогены,8,0,8,85
5oue,"углерод, сера, фтор",8,0,8,85
5oue,"углерод, сера, хлор",8,0,8,85
5oue,"углерод, сера, галогены",8,0,8,85
5oue,любой тяжёлый атом,8,2,8,85
6hme,любой углерод,14,0,14,85
6hme,углерод и сера,14,0,14,85
6hme,углерод и галогены,14,0,14,85
6hme,"углерод, сера, фтор",14,0,14,85
6hme,"углерод, сера, хлор",14,0,14,85
6hme,"углерод, сера, галогены",14,0,14,85
6hme,любой тяжёлый атом,14,3,14,85
5ot5,любой углерод,12,0,12,85
5ot5,углерод и сера,12,0,12,85
5ot5,углерод и галогены,12,0,12,85
5ot5,"углерод, сера, фтор",12,0,12,85
5ot5,"углерод, сера, хлор",12,0,12,85
5ot5,"углерод, сера, галогены",12,0,12,85
5ot5,любой тяжёлый атом,12,0,12,85
6hme,любой углерод,14,0,14,85
6hme,углерод и сера,14,0,14,85
6hme,углерод и галогены,14,0,14,85
6hme,"углерод, сера, фтор",14,0,14,85
6hme,"углерод, сера, хлор",14,0,14,85
6hme,"углерод, сера, галогены",14,0,14,85
6hme,любой тяжёлый атом,14,3,14,85
5orj,любой углерод,8,0,8,85
5orj,углерод и сера,8,0,8,85
5orj,углерод и галогены,8,0,8,85
5orj,"углерод, сера, фтор",8,0,8,85
5orj,"углерод, сера, хлор",8,0,8,85
5orj,"углерод, сера, галогены",8,0,8,85
5orj,любой тяжёлый атом,8,11,8,85
5os8,любой углерод,8,0,8,85
5os8,углерод и сера,8,0,8,85
5os8,углерод и галогены,8,0,8,85
5os8,"углерод, сера, фтор",8,0,8,85
5os8,"углерод, сера, хлор",8,0,8,85
5os8,"углерод, сера, галогены",8,0,8,85
5os8,любой тяжёлый атом,8,5,8,85
6hme,любой углерод,14,0,14,85
6hme,углерод и сера,14,0,14,85
6hme,углерод и галогены,14,0,14,85
6hme,"углерод, сера, фтор",14,0,14,85
6hme,"углерод, сера, хлор",14,0,14,85
6hme,"углерод, сера, галогены",14,0,14,85
6hme,любой тяжёлый атом,14,3,14,85
5os7,любой углерод,7,0,7,85
5os7,углерод и сера,7,0,7,85
5os7,углерод и галогены,7,0,7,85
5os7,"углерод, сера, фтор",7,0,7,85
5os7,"углерод, сера, хлор",7,0,7,85
5os7,"углерод, сера, галогены",7,0,7,85
5os7,любой тяжёлый атом,7,5,7,85
5ouu,любой углерод,10,0,10,85
5ouu,углерод и сера,10,0,10,85
5ouu,углерод и галогены,10,0,10,85
5ouu,"углерод, сера, фтор",10,0,10,85
5ouu,"углерод, сера, хлор",10,0,10,85
5ouu,"углерод, сера, галогены",10,0,10,85
5ouu,любой тяжёлый атом,10,1,10,85
5oto,любой углерод,8,0,11,85
5oto,углерод и сера,8,0,11,85
5oto,углерод и галогены,11,0,11,85
5oto,"углерод, сера, фтор",8,0,11,85
5oto,"углерод, сера, хлор",11,0,11,85
5oto,"углерод, сера, галогены",11,0,11,85
5oto,любой тяжёлый атом,11,0,11,85
5oth,любой углерод,11,0,11,85
5oth,углерод и сера,11,0,11,85
5oth,углерод и галогены,11,0,11,85
5oth,"углерод, сера, фтор",11,0,11,85
5oth,"углерод, сера, хлор",11,0,11,85
5oth,"углерод, сера, галогены",11,0,11,85
5oth,любой тяжёлый атом,11,1,11,85
5oqu,любой углерод,8,0,8,85
5oqu,углерод и сера,8,0,8,85
5oqu,углерод и галогены,8,0,8,85
5oqu,"углерод, сера, фтор",8,0,8,85
5oqu,"углерод, сера, хлор",8,0,8,85
5oqu,"углерод, сера, галогены",8,0,8,85
5oqu,любой тяжёлый атом,8,11,8,85
5otl,любой углерод,11,0,11,85
5otl,углерод и сера,11,0,11,85
5otl,углерод и галогены,11,0,11,85
5otl,"углерод, сера, фтор",11,0,11,85
5otl,"углерод, сера, хлор",11,0,11,85
5otl,"углерод, сера, галогены",11,0,11,85
5otl,любой тяжёлый атом,11,0,11,85
5oyf,любой углерод,12,0,12,85
5oyf,углерод и сера,12,0,12,85
5oyf,углерод и галогены,12,0,12,85
5oyf,"углерод, сера, фтор",12,0,12,85
5oyf,"углерод, сера, хлор",12,0,12,85
5oyf,"углерод, сера, галогены",12,0,12,85
5oyf,любой тяжёлый атом,12,0,12,85
5otz,любой углерод,4,0,7,85
5otz,углерод и сера,4,0,7,85
5otz,углерод и галогены,4,0,7,85
5otz,"углерод, сера, фтор",7,0,7,85
5otz,"углерод, сера, хлор",4,0,7,85
5otz,"углерод, сера, галогены",7,0,7,85
5otz,любой тяжёлый атом,7,0,7,85
5n9l,любой углерод,13,0,14,85
5n9l,углерод и сера,13,0,14,85
5n9l,углерод и галогены,14,0,14,85
5n9l,"углерод, сера, фтор",13,0,14,85
5n9l,"углерод, сера, хлор",14,0,14,85
5n9l,"углерод, сера, галогены",14,0,14,85
5n9l,любой тяжёлый атом,14,5,14,85
5oqu,любой углерод,7,0,7,85
5oqu,углерод и сера,7,0,7,85
5oqu,углерод и галогены,7,0,7,85
5oqu,"углерод, сера, фтор",7,0,7,85
5oqu,"углерод, сера, хлор",7,0,7,85
5oqu,"углерод, сера, галогены",7,0,7,85
5oqu,любой тяжёлый атом,7,11,7,85
5orj,любой углерод,8,0,8,85
5orj,углерод и сера,8,0,8,85
5orj,углерод и галогены,8,0,8,85
5orj,"углерод, сера, фтор",8,0,8,85
5orj,"углерод, сера, хлор",8,0,8,85
5orj,"углерод, сера, галогены",8,0,8,85
5orj,любой тяжёлый атом,8,12,8,85
5oth,любой углерод,12,0,12,85
5oth,углерод и сера,12,0,12,85
5oth,углерод и галогены,12,0,12,85
5oth,"углерод, сера, фтор",12,0,12,85
5oth,"углерод, сера, хлор",12,0,12,85
5oth,"углерод, сера, галогены",12,0,12,85
5oth,любой тяжёлый атом,12,0,12,85
5os7,любой углерод,6,0,6,85
5os7,углерод и сера,6,0,6,85
5os7,углерод и галогены,6,0,6,85
5os7,"углерод, сера, фтор",6,0,6,85
5os7,"углерод, сера, хлор",6,0,6,85
5os7,"углерод, сера, галогены",6,0,6,85
5os7,любой тяжёлый атом,6,6,6,85
5oqu,любой углерод,8,0,8,85
5oqu,углерод и сера,8,0,8,85
5oqu,углерод и галогены,8,0,8,85
5oqu,"углерод, сера, фтор",8,0,8,85
5oqu,"углерод, сера, хлор",8,0,8,85
5oqu,"углерод, сера, галогены",8,0,8,85
5oqu,любой тяжёлый атом,8,11,8,85
5n9n,любой углерод,13,0,13,85
5n9n,углерод и сера,13,0,13,85
5n9n,углерод и галогены,13,0,13,85
5n9n,"углерод, сера, фтор",13,0,13,85
5n9n,"углерод, сера, хлор",13,0,13,85
5n9n,"углерод, сера, галогены",13,0,13,85
5n9n,любой тяжёлый атом,13,4,13,85
8aek,любой углерод,8,0,8,85
8aek,углерод и сера,8,0,8,85
8aek,углерод и галогены,8,0,8,85
8aek,"углерод, сера, фтор",8,0,8,85
8aek,"углерод, сера, хлор",8,0,8,85
8aek,"углерод, сера, галогены",8,0,8,85
8aek,любой тяжёлый атом,8,9,8,85
6q4q,любой углерод,8,0,8,85
6q4q,углерод и сера,8,0,8,85
6q4q,углерод и галогены,8,0,8,85
6q4q,"углерод, сера, фтор",8,0,8,85
6q4q,"углерод, сера, хлор",8,0,8,85
6q4q,"углерод, сера, галогены",8,0,8,85
6q4q,любой тяжёлый атом,8,1,8,85
5osl,любой углерод,7,0,7,85
5osl,углерод и сера,7,0,7,85
5osl,углерод и галогены,7,0,7,85
5osl,"углерод, сера, фтор",7,0,7,85
5osl,"углерод, сера, хлор",7,0,7,85
5osl,"углерод, сера, галогены",7,0,7,85
5osl,любой тяжёлый атом,7,9,7,85
6ehu,любой углерод,11,0,11,85
6ehu,углерод и сера,11,0,11,85
6ehu,углерод и галогены,11,0,11,85
6ehu,"углерод, сера, фтор",11,0,11,85
6ehu,"углерод, сера, хлор",11,0,11,85
6ehu,"углерод, сера, галогены",11,0,11,85
6ehu,любой тяжёлый атом,11,2,11,85
5otd,любой углерод,9,0,9,85
5otd,углерод и сера,9,0,9,85
5otd,углерод и галогены,9,0,9,85
5otd,"углерод, сера, фтор",9,0,9,85
5otd,"углерод, сера, хлор",9,0,9,85
5otd,"углерод, сера, галогены",9,0,9,85
5otd,любой тяжёлый атом,9,2,9,85
5otl,любой углерод,10,0,10,85
5otl,углерод и сера,10,0,10,85
5otl,углерод и галогены,10,0,10,85
5otl,"углерод, сера, фтор",10,0,10,85
5otl,"углерод, сера, хлор",10,0,10,85
5otl,"углерод, сера, галогены",10,0,10,85
5otl,любой тяжёлый атом,10,2,10,85
5otr,любой углерод,7,0,7,85
5otr,углерод и сера,7,0,7,85
5otr,углерод и галогены,7,0,7,85
5otr,"углерод, сера, фтор",7,0,7,85
5otr,"углерод, сера, хлор",7,0,7,85
5otr,"углерод, сера, галогены",7,0,7,85
5otr,любой тяжёлый атом,7,5,7,85
5ouu,любой углерод,11,0,11,85
5ouu,углерод и сера,11,0,11,85
5ouu,углерод и галогены,11,0,11,85
5ouu,"углерод, сера, фтор",11,0,11,85
5ouu,"углерод, сера, хлор",11,0,11,85
5ouu,"углерод, сера, галогены",11,0,11,85
5ouu,любой тяжёлый атом,11,1,11,85
5oto,любой углерод,8,0,10,85
5oto,углерод и сера,8,0,10,85
5oto,углерод и галогены,10,0,10,85
5oto,"углерод, сера, фтор",8,0,10,85
5oto,"углерод, сера, хлор",10,0,10,85
5oto,"углерод, сера, галогены",10,0,10,85
5oto,любой тяжёлый атом,10,1,10,85
5otq,любой углерод,10,0,10,85
5otq,углерод и сера,10,0,10,85
5otq,углерод и галогены,10,0,10,85
5otq,"углерод, сера, фтор",10,0,10,85
5otq,"углерод, сера, хлор",10,0,10,85
5otq,"углерод, сера, галогены",10,0,10,85
5otq,любой тяжёлый атом,10,3,10,85
5otr,любой углерод,7,0,7,85
5otr,углерод и сера,7,0,7,85
5otr,углерод и галогены,7,0,7,85
5otr,"углерод, сера, фтор",7,0,7,85
5otr,"углерод, сера, хлор",7,0,7,85
5otr,"углерод, сера, галогены",7,0,7,85
5otr,любой тяжёлый атом,7,5,7,85
6a1c,любой углерод,12,0,13,85
6a1c,углерод и сера,12,0,13,85
6a1c,углерод и галогены,13,0,13,85
6a1c,"углерод, сера, фтор",12,0,13,85
6a1c,"углерод, сера, хлор",12,0,13,85
6a1c,"углерод, сера, галогены",13,0,13,85
6a1c,любой тяжёлый атом,13,6,13,85
6eii,любой углерод,11,0,11,85
6eii,углерод и сера,11,0,11,85
6eii,углерод и галогены,11,0,11,85
6eii,"углерод, сера, фтор",11,0,11,85
6eii,"углерод, сера, хлор",11,0,11,85
6eii,"углерод, сера, галогены",11,0,11,85
6eii,любой тяжёлый атом,11,0,11,85
5os7,любой углерод,7,0,7,85
5os7,углерод и сера,7,0,7,85
5os7,углерод и галогены,7,0,7,85
5os7,"углерод, сера, фтор",7,0,7,85
5os7,"углерод, сера, хлор",7,0,7,85
5os7,"углерод, сера, галогены",7,0,7,85
5os7,любой тяжёлый атом,7,5,7,85
6hbn,любой углерод,14,0,14,85
6hbn,углерод и сера,14,0,14,85
6hbn,углерод и галогены,14,0,14,85
6hbn,"углерод, сера, фтор",14,0,14,85
6hbn,"углерод, сера, хлор",14,0,14,85
6hbn,"углерод, сера, галогены",14,0,14,85
6hbn,любой тяжёлый атом,14,3,14,85
5os7,любой углерод,6,0,6,85
5os7,углерод и сера,6,0,6,85
5os7,углерод и галогены,6,0,6,85
5os7,"углерод, сера, фтор",6,0,6,85
5os7,"углерод, сера, хлор",6,0,6,85
5os7,"углерод, сера, галогены",6,0,6,85
5os7,любой тяжёлый атом,6,6,6,85
5ork,любой углерод,6,0,6,85
5ork,углерод и сера,6,0,6,85
5ork,углерод и галогены,6,0,6,85
5ork,"углерод, сера, фтор",6,0,6,85
5ork,"углерод, сера, хлор",6,0,6,85
5ork,"углерод, сера, галогены",6,0,6,85
5ork,любой тяжёлый атом,6,13,6,85
6eii,любой углерод,10,0,10,85
6eii,углерод и сера,10,0,10,85
6eii,углерод и галогены,10,0,10,85
6eii,"углерод, сера, фтор",10,0,10,85
6eii,"углерод, сера, хлор",10,0,10,85
6eii,"углерод, сера, галогены",10,0,10,85
6eii,любой тяжёлый атом,10,0,10,85
6hbn,любой углерод,14,0,14,85
6hbn,углерод и сера,14,0,14,85
6hbn,углерод и галогены,14,0,14,85
6hbn,"углерод, сера, фтор",14,0,14,85
6hbn,"углерод, сера, хлор",14,0,14,85
6hbn,"углерод, сера, галогены",14,0,14,85
6hbn,любой тяжёлый атом,14,3,14,85
5oto,любой углерод,8,0,10,85
5oto,углерод и сера,8,0,10,85
5oto,углерод и галогены,10,0,10,85
5oto,"углерод, сера, фтор",8,0,10,85
5oto,"углерод, сера, хлор",10,0,10,85
5oto,"углерод, сера, галогены",10,0,10,85
5oto,любой тяжёлый атом,10,0,10,85
5otz,любой углерод,4,0,7,85
5otz,углерод и сера,4,0,7,85
5otz,углерод и галогены,4,0,7,85
5otz,"углерод, сера, фтор",7,0,7,85
5otz,"углерод, сера, хлор",4,0,7,85
5otz,"углерод, сера, галогены",7,0,7,85
5otz,любой тяжёлый атом,7,0,7,85
5otq,любой углерод,10,0,10,85
5otq,углерод и сера,10,0,10,85
5otq,углерод и галогены,10,0,10,85
5otq,"углерод, сера, фтор",10,0,10,85
5otq,"углерод, сера, хлор",10,0,10,85
5otq,"углерод, сера, галогены",10,0,10,85
5otq,любой тяжёлый атом,10,3,10,85
5n9l,любой углерод,12,0,13,85
5n9l,углерод и сера,12,0,13,85
5n9l,углерод и галогены,13,0,13,85
5n9l,"углерод, сера, фтор",12,0,13,85
5n9l,"углерод, сера, хлор",13,0,13,85
5n9l,"углерод, сера, галогены",13,0,13,85
5n9l,любой тяжёлый атом,13,5,13,85
5orj,любой углерод,8,0,8,85
5orj,углерод и сера,8,0,8,85
5orj,углерод и галогены,8,0,8,85
5orj,"углерод, сера, фтор",8,0,8,85
5orj,"углерод, сера, хлор",8,0,8,85
5orj,"углерод, сера, галогены",8,0,8,85
5orj,любой тяжёлый атом,8,12,8,85
6eii,любой углерод,11,0,11,85
6eii,углерод и сера,11,0,11,85
6eii,углерод и галогены,11,0,11,85
6eii,"углерод, сера, фтор",11,0,11,85
6eii,"углерод, сера, хлор",11,0,11,85
6eii,"углерод, сера, галогены",11,0,11,85
6eii,любой тяжёлый атом,11,0,11,85
5ork,любой углерод,8,0,8,85
5ork,углерод и сера,8,0,8,85
5ork,углерод и галогены,8,0,8,85
5ork,"углерод, сера, фтор",8,0,8,85
5ork,"углерод, сера, хлор",8,0,8,85
5ork,"углерод, сера, галогены",8,0,8,85
5ork,любой тяжёлый атом,8,11,8,85
5ot5,любой углерод,10,0,10,85
5ot5,углерод и сера,10,0,10,85
5ot5,углерод и галогены,10,0,10,85
5ot5,"углерод, сера, фтор",10,0,10,85
5ot5,"углерод, сера, хлор",10,0,10,85
5ot5,"углерод, сера, галогены",10,0,10,85
5ot5,любой тяжёлый атом,10,0,10,85
6q4q,любой углерод,8,0,8,85
6q4q,углерод и сера,8,0,8,85
6q4q,углерод и галогены,8,0,8,85
6q4q,"углерод, сера, фтор",8,0,8,85
6q4q,"углерод, сера, хлор",8,0,8,85
6q4q,"углерод, сера, галогены",8,0,8,85
6q4q,любой тяжёлый атом,8,1,8,85
5ouu,любой углерод,11,0,11,85
5ouu,углерод и сера,11,0,11,85
5ouu,углерод и галогены,11,0,11,85
5ouu,"углерод, сера, фтор",11,0,11,85
5ouu,"углерод, сера, хлор",11,0,11,85
5ouu,"углерод, сера, галогены",11,0,11,85
5ouu,любой тяжёлый атом,11,1,11,85
6hbn,любой углерод,13,0,13,85
6hbn,углерод и сера,13,0,13,85
6hbn,углерод и галогены,13,0,13,85
6hbn,"углерод, сера, фтор",13,0,13,85
6hbn,"углерод, сера, хлор",13,0,13,85
6hbn,"углерод, сера, галогены",13,0,13,85
6hbn,любой тяжёлый атом,13,4,13,85
5oyf,любой углерод,11,0,11,85
5oyf,углерод и сера,11,0,11,85
5oyf,углерод и галогены,11,0,11,85
5oyf,"углерод, сера, фтор",11,0,11,85
5oyf,"углерод, сера, хлор",11,0,11,85
5oyf,"углерод, сера, галогены",11,0,11,85
5oyf,любой тяжёлый атом,11,1,11,85
5oth,любой углерод,11,0,11,85
5oth,углерод и сера,11,0,11,85
5oth,углерод и галогены,11,0,11,85
5oth,"углерод, сера, фтор",11,0,11,85
5oth,"углерод, сера, хлор",11,0,11,85
5oth,"углерод, сера, галогены",11,0,11,85
5oth,любой тяжёлый атом,11,1,11,85
6q38,любой углерод,7,0,7,85
6q38,углерод и сера,7,0,7,85
6q38,углерод и галогены,7,0,7,85
6q38,"углерод, сера, фтор",7,0,7,85
6q38,"углерод, сера, хлор",7,0,7,85
6q38,"углерод, сера, галогены",7,0,7,85
6q38,любой тяжёлый атом,7,1,7,85
5ct0,любой углерод,8,0,8,85
5ct0,углерод и сера,8,0,8,85
5ct0,углерод и галогены,8,0,8,85
5ct0,"углерод, сера, фтор",8,0,8,85
5ct0,"углерод, сера, хлор",8,0,8,85
5ct0,"углерод, сера, галогены",8,0,8,85
5ct0,любой тяжёлый атом,8,0,8,85
6tlo,любой углерод,4,0,9,85
6tlo,углерод и сера,4,0,9,85
6tlo,углерод и галогены,9,0,9,85
6tlo,"углерод, сера, фтор",4,0,9,85
6tlo,"углерод, сера, хлор",4,0,9,85
6tlo,"углерод, сера, галогены",9,0,9,85
6tlo,любой тяжёлый атом,9,2,9,85
6tls,любой углерод,5,0,7,85
6tls,углерод и сера,5,0,7,85
6tls,углерод и галогены,7,0,7,85
6tls,"углерод, сера, фтор",5,0,7,85
6tls,"углерод, сера, хлор",5,0,7,85
6tls,"углерод, сера, галогены",7,0,7,85
6tls,любой тяжёлый атом,7,3,7,85
6tlp,любой углерод,7,0,9,85
6tlp,углерод и сера,7,0,9,85
6tlp,углерод и галогены,9,0,9,85
6tlp,"углерод, сера, фтор",7,0,9,85
6tlp,"углерод, сера, хлор",7,0,9,85
6tlp,"углерод, сера, галогены",9,0,9,85
6tlp,любой тяжёлый атом,9,2,9,85
6tlv,любой углерод,6,0,7,85
6tlv,углерод и сера,6,0,7,85
6tlv,углерод и галогены,7,0,7,85
6tlv,"углерод, сера, фтор",6,0,7,85
6tlv,"углерод, сера, хлор",6,0,7,85
6tlv,"углерод, сера, галогены",7,0,7,85
6tlv,любой тяжёлый атом,7,2,7,85
6tlp,любой углерод,7,0,9,85
6tlp,углерод и сера,7,0,9,85
6tlp,углерод и галогены,9,0,9,85
6tlp,"углерод, сера, фтор",7,0,9,85
6tlp,"углерод, сера, хлор",7,0,9,85
6tlp,"углерод, сера, галогены",9,0,9,85
6tlp,любой тяжёлый атом,9,3,9,85
6tll,любой углерод,5,0,10,85
6tll,углерод и сера,5,0,10,85
6tll,углерод и галогены,10,0,10,85
6tll,"углерод, сера, фтор",5,0,10,85
6tll,"углерод, сера, хлор",5,0,10,85
6tll,"углерод, сера, галогены",10,0,10,85
6tll,любой тяжёлый атом,10,0,10,85
6tls,любой углерод,5,0,8,85
6tls,углерод и сера,5,0,8,85
6tls,углерод и галогены,8,0,8,85
6tls,"углерод, сера, фтор",5,0,8,85
6tls,"углерод, сера, хлор",5,0,8,85
6tls,"углерод, сера, галогены",8,0,8,85
6tls,любой тяжёлый атом,8,3,8,85
6tlr,любой углерод,5,0,7,85
6tlr,углерод и сера,5,0,7,85
6tlr,углерод и галогены,7,0,7,85
6tlr,"углерод, сера, фтор",5,0,7,85
6tlr,"углерод, сера, хлор",5,0,7,85
6tlr,"углерод, сера, галогены",7,0,7,85
6tlr,любой тяжёлый атом,7,1,7,85
6tlv,любой углерод,6,0,8,85
6tlv,углерод и сера,6,0,8,85
6tlv,углерод и галогены,8,0,8,85
6tlv,"углерод, сера, фтор",6,0,8,85
6tlv,"углерод, сера, хлор",6,0,8,85
6tlv,"углерод, сера, галогены",8,0,8,85
6tlv,любой тяжёлый атом,8,2,8,85
6tlw,любой углерод,6,0,7,85
6tlw,углерод и сера,6,0,7,85
6tlw,углерод и галогены,7,0,7,85
6tlw,"углерод, сера, фтор",6,0,7,85
6tlw,"углерод, сера, хлор",6,0,7,85
6tlw,"углерод, сера, галогены",7,0,7,85
6tlw,любой тяжёлый атом,7,2,7,85
6tlw,любой углерод,6,0,8,85
6tlw,углерод и сера,6,0,8,85
6tlw,углерод и галогены,8,0,8,85
6tlw,"углерод, сера, фтор",6,0,8,85
6tlw,"углерод, сера, хлор",6,0,8,85
6tlw,"углерод, сера, галогены",8,0,8,85
6tlw,любой тяжёлый атом,8,2,8,85
6tlr,любой углерод,6,0,10,85
6tlr,углерод и сера,6,0,10,85
6tlr,углерод и галогены,10,0,10,85
6tlr,"углерод, сера, фтор",6,0,10,85
6tlr,"углерод, сера, хлор",6,0,10,85
6tlr,"углерод, сера, галогены",10,0,10,85
6tlr,любой тяжёлый атом,10,1,10,85
6q4q,любой углерод,8,0,8,85
6q4q,углерод и сера,8,0,8,85
6q4q,углерод и галогены,8,0,8,85
6q4q,"углерод, сера, фтор",8,0,8,85
6q4q,"углерод, сера, хлор",8,0,8,85
6q4q,"углерод, сера, галогены",8,0,8,85
6q4q,любой тяжёлый атом,8,1,8,85
6tlu,любой углерод,8,0,11,85
6tlu,углерод и сера,8,0,11,85
6tlu,углерод и галогены,11,0,11,85
6tlu,"углерод, сера, фтор",8,0,11,85
6tlu,"углерод, сера, хлор",8,0,11,85
6tlu,"углерод, сера, галогены",11,0,11,85
6tlu,любой тяжёлый атом,11,2,11,85
6tlu,любой углерод,6,0,9,85
6tlu,углерод и сера,6,0,9,85
6tlu,углерод и галогены,9,0,9,85
6tlu,"углерод, сера, фтор",6,0,9,85
6tlu,"углерод, сера, хлор",6,0,9,85
6tlu,"углерод, сера, галогены",9,0,9,85
6tlu,любой тяжёлый атом,9,1,9,85
6tlo,любой углерод,5,0,9,85
6tlo,углерод и сера,5,0,9,85
6tlo,углерод и галогены,9,0,9,85
6tlo,"углерод, сера, фтор",5,0,9,85
6tlo,"углерод, сера, хлор",5,0,9,85
6tlo,"углерод, сера, галогены",9,0,9,85
6tlo,любой тяжёлый атом,9,3,9,85
6tll,любой углерод,4,0,10,85
6tll,углерод и сера,4,0,10,85
6tll,углерод и галогены,10,0,10,85
6tll,"углерод, сера, фтор",4,0,10,85
6tll,"углерод, сера, хлор",4,0,10,85
6tll,"углерод, сера, галогены",10,0,10,85
6tll,любой тяжёлый атом,10,2,10,85
5otl,любой углерод,11,0,11,85
5otl,углерод и сера,11,0,11,85
5otl,углерод и галогены,11,0,11,85
5otl,"углерод, сера, фтор",11,0,11,85
5otl,"углерод, сера, хлор",11,0,11,85
5otl,"углерод, сера, галогены",11,0,11,85
5otl,любой тяжёлый атом,11,1,11,85
5n9n,любой углерод,13,0,13,85
5n9n,углерод и сера,13,0,13,85
5n9n,углерод и галогены,13,0,13,85
5n9n,"углерод, сера, фтор",13,0,13,85
5n9n,"углерод, сера, хлор",13,0,13,85
5n9n,"углерод, сера, галогены",13,0,13,85
5n9n,любой тяжёлый атом,13,4,13,85
5ouu,любой углерод,11,0,11,85
5ouu,углерод и сера,11,0,11,85
5ouu,углерод и галогены,11,0,11,85
5ouu,"углерод, сера, фтор",11,0,11,85
5ouu,"углерод, сера, хлор",11,0,11,85
5ouu,"углерод, сера, галогены",11,0,11,85
5ouu,любой тяжёлый атом,11,0,11,85
6ehu,любой углерод,11,0,11,85
6ehu,углерод и сера,11,0,11,85
6ehu,углерод и галогены,11,0,11,85
6ehu,"углерод, сера, фтор",11,0,11,85
6ehu,"углерод, сера, хлор",11,0,11,85
6ehu,"углерод, сера, галогены",11,0,11,85
6ehu,любой тяжёлый атом,11,2,11,85
5orj,любой углерод,8,0,8,85
5orj,углерод и сера,8,0,8,85
5orj,углерод и галогены,8,0,8,85
5orj,"углерод, сера, фтор",8,0,8,85
5orj,"углерод, сера, хлор",8,0,8,85
5orj,"углерод, сера, галогены",8,0,8,85
5orj,любой тяжёлый атом,8,11,8,85
5os8,любой углерод,9,0,9,85
5os8,углерод и сера,9,0,9,85
5os8,углерод и галогены,9,0,9,85
5os8,"углерод, сера, фтор",9,0,9,85
5os8,"углерод, сера, хлор",9,0,9,85
5os8,"углерод, сера, галогены",9,0,9,85
5os8,любой тяжёлый атом,9,5,9,85
5oti,любой углерод,11,0,11,85
5oti,углерод и сера,11,0,11,85
5oti,углерод и галогены,11,0,11,85
5oti,"углерод, сера, фтор",11,0,11,85
5oti,"углерод, сера, хлор",11,0,11,85
5oti,"углерод, сера, галогены",11,0,11,85
5oti,любой тяжёлый атом,11,0,11,85
5oum,любой углерод,8,0,8,85
5oum,углерод и сера,8,0,8,85
5oum,углерод и галогены,8,0,8,85
5oum,"углерод, сера, фтор",8,0,8,85
5oum,"углерод, сера, хлор",8,0,8,85
5oum,"углерод, сера, галогены",8,0,8,85
5oum,любой тяжёлый атом,8,1,8,85
5osz,любой углерод,11,0,11,85
5osz,углерод и сера,11,0,11,85
5osz,углерод и галогены,11,0,11,85
5osz,"углерод, сера, фтор",11,0,11,85
5osz,"углерод, сера, хлор",11,0,11,85
5osz,"углерод, сера, галогены",11,0,11,85
5osz,любой тяжёлый атом,11,3,11,85
5oth,любой углерод,12,0,12,85
5oth,углерод и сера,12,0,12,85
5oth,углерод и галогены,12,0,12,85
5oth,"углерод, сера, фтор",12,0,12,85
5oth,"углерод, сера, хлор",12,0,12,85
5oth,"углерод, сера, галогены",12,0,12,85
5oth,любой тяжёлый атом,12,0,12,85
5oti,любой углерод,11,0,11,85
5oti,углерод и сера,11,0,11,85
5oti,углерод и галогены,11,0,11,85
5oti,"углерод, сера, фтор",11,0,11,85
5oti,"углерод, сера, хлор",11,0,11,85
5oti,"углерод, сера, галогены",11,0,11,85
5oti,любой тяжёлый атом,11,0,11,85
1pjk,любой углерод,6,0,6,85
1pjk,углерод и сера,6,0,6,85
1pjk,углерод и галогены,6,0,6,85
1pjk,"углерод, сера, фтор",6,0,6,85
1pjk,"углерод, сера, хлор",6,0,6,85
1pjk,"углерод, сера, галогены",6,0,6,85
1pjk,любой тяжёлый атом,6,12,6,85
3at4,любой углерод,13,0,13,85
3at4,углерод и сера,13,0,13,85
3at4,углерод и галогены,13,0,13,85
3at4,"углерод, сера, фтор",13,0,13,85
3at4,"углерод, сера, хлор",13,0,13,85
3at4,"углерод, сера, галогены",13,0,13,85
3at4,любой тяжёлый атом,13,2,13,85
3owl,любой углерод,9,0,9,85
3owl,углерод и сера,9,0,9,85
3owl,углерод и галогены,9,0,9,85
3owl,"углерод, сера, фтор",9,0,9,85
3owl,"углерод, сера, хлор",9,0,9,85
3owl,"углерод, сера, галогены",9,0,9,85
3owl,любой тяжёлый атом,9,3,9,85
3q9x,любой углерод,11,0,11,85
3q9x,углерод и сера,11,0,11,85
3q9x,углерод и галогены,11,0,11,85
3q9x,"углерод, сера, фтор",11,0,11,85
3q9x,"углерод, сера, хлор",11,0,11,85
3q9x,"углерод, сера, галогены",11,0,11,85
3q9x,любой тяжёлый атом,11,3,11,85
4rll,любой углерод,10,0,10,85
4rll,углерод и сера,10,0,10,85
4rll,углерод и галогены,10,0,10,85
4rll,"углерод, сера, фтор",10,0,10,85
4rll,"углерод, сера, хлор",10,0,10,85
4rll,"углерод, сера, галогены",10,0,10,85
4rll,любой тяжёлый атом,10,3,10,85
3q9w,любой углерод,11,0,11,85
3q9w,углерод и сера,11,0,11,85
3q9w,углерод и галогены,11,0,11,85
3q9w,"углерод, сера, фтор",11,0,11,85
3q9w,"углерод, сера, хлор",11,0,11,85
3q9w,"углерод, сера, галогены",11,0,11,85
3q9w,любой тяжёлый атом,11,3,11,85
3juh,любой углерод,11,0,11,85
3juh,углерод и сера,11,0,11,85
3juh,углерод и галогены,11,0,11,85
3juh,"углерод, сера, фтор",11,0,11,85
3juh,"углерод, сера, хлор",11,0,11,85
3juh,"углерод, сера, галогены",11,0,11,85
3juh,любой тяжёлый атом,11,10,11,85
3nga,любой углерод,14,0,15,85
3nga,углерод и сера,14,0,15,85
3nga,углерод и галогены,15,0,15,85
3nga,"углерод, сера, фтор",14,0,15,85
3nga,"углерод, сера, хлор",15,0,15,85
3nga,"углерод, сера, галогены",15,0,15,85
3nga,любой тяжёлый атом,15,2,15,85
2zjw,любой углерод,7,0,7,85
2zjw,углерод и сера,7,0,7,85
2zjw,углерод и галогены,7,0,7,85
2zjw,"углерод, сера, фтор",7,0,7,85
2zjw,"углерод, сера, хлор",7,0,7,85
2zjw,"углерод, сера, галогены",7,0,7,85
2zjw,любой тяжёлый атом,7,3,7,85
3mb6,любой углерод,10,0,10,85
3mb6,углерод и сера,10,0,10,85
3mb6,углерод и галогены,10,0,10,85
3mb6,"углерод, сера, фтор",10,0,10,85
3mb6,"углерод, сера, хлор",10,0,10,85
3mb6,"углерод, сера, галогены",10,0,10,85
3mb6,любой тяжёлый атом,10,3,10,85
3q9z,любой углерод,10,0,10,85
3q9z,углерод и сера,10,0,10,85
3q9z,углерод и галогены,10,0,10,85
3q9z,"углерод, сера, фтор",10,0,10,85
3q9z,"углерод, сера, хлор",10,0,10,85
3q9z,"углерод, сера, галогены",10,0,10,85
3q9z,любой тяжёлый атом,10,7,10,85
3war,любой углерод,7,0,7,85
3war,углерод и сера,7,0,7,85
3war,углерод и галогены,7,0,7,85
3war,"углерод, сера, фтор",7,0,7,85
3war,"углерод, сера, хлор",7,0,7,85
3war,"углерод, сера, галогены",7,0,7,85
3war,любой тяжёлый атом,7,1,7,85
3q9z,любой углерод,10,0,10,85
3q9z,углерод и сера,10,0,10,85
3q9z,углерод и галогены,10,0,10,85
3q9z,"углерод, сера, фтор",10,0,10,85
3q9z,"углерод, сера, хлор",10,0,10,85
3q9z,"углерод, сера, галогены",10,0,10,85
3q9z,любой тяжёлый атом,10,7,10,85
3juh,любой углерод,11,0,11,85
3juh,углерод и сера,11,0,11,85
3juh,углерод и галогены,11,0,11,85
3juh,"углерод, сера, фтор",11,0,11,85
3juh,"углерод, сера, хлор",11,0,11,85
3juh,"углерод, сера, галогены",11,0,11,85
3juh,любой тяжёлый атом,11,10,11,85
4uba,любой углерод,12,0,12,85
4uba,углерод и сера,12,0,12,85
4uba,углерод и галогены,12,0,12,85
4uba,"углерод, сера, фтор",12,0,12,85
4uba,"углерод, сера, хлор",12,0,12,85
4uba,"углерод, сера, галогены",12,0,12,85
4uba,любой тяжёлый атом,12,3,12,85
3owk,любой углерод,11,0,11,85
3owk,углерод и сера,11,0,11,85
3owk,углерод и галогены,11,0,11,85
3owk,"углерод, сера, фтор",11,0,11,85
3owk,"углерод, сера, хлор",11,0,11,85
3owk,"углерод, сера, галогены",11,0,11,85
3owk,любой тяжёлый атом,11,2,11,85
3q9w,любой углерод,11,0,11,85
3q9w,углерод и сера,11,0,11,85
3q9w,углерод и галогены,11,0,11,85
3q9w,"углерод, сера, фтор",11,0,11,85
3q9w,"углерод, сера, хлор",11,0,11,85
3q9w,"углерод, сера, галогены",11,0,11,85
3q9w,любой тяжёлый атом,11,3,11,85
3q9z,любой углерод,10,0,10,85
3q9z,углерод и сера,10,0,10,85
3q9z,углерод и галогены,10,0,10,85
3q9z,"углерод, сера, фтор",10,0,10,85
3q9z,"углерод, сера, хлор",10,0,10,85
3q9z,"углерод, сера, галогены",10,0,10,85
3q9z,любой тяжёлый атом,10,6,10,85
3axw,любой углерод,9,0,9,85
3axw,углерод и сера,9,0,9,85
3axw,углерод и галогены,9,0,9,85
3axw,"углерод, сера, фтор",9,0,9,85
3axw,"углерод, сера, хлор",9,0,9,85
3axw,"углерод, сера, галогены",9,0,9,85
3axw,любой тяжёлый атом,9,5,9,85
3nga,любой углерод,14,0,15,85
3nga,углерод и сера,14,0,15,85
3nga,углерод и галогены,15,0,15,85
3nga,"углерод, сера, фтор",14,0,15,85
3nga,"углерод, сера, хлор",15,0,15,85
3nga,"углерод, сера, галогены",15,0,15,85
3nga,любой тяжёлый атом,15,2,15,85
3u87,любой углерод,6,0,6,85
3u87,углерод и сера,6,0,6,85
3u87,углерод и галогены,6,0,6,85
3u87,"углерод, сера, фтор",6,0,6,85
3u87,"углерод, сера, хлор",6,0,6,85
3u87,"углерод, сера, галогены",6,0,6,85
3u87,любой тяжёлый атом,6,14,6,85
4grb,любой углерод,14,0,14,85
4grb,углерод и сера,14,0,14,85
4grb,углерод и галогены,14,0,14,85
4grb,"углерод, сера, фтор",14,0,14,85
4grb,"углерод, сера, хлор",14,0,14,85
4grb,"углерод, сера, галогены",14,0,14,85
4grb,любой тяжёлый атом,14,2,14,85
4bxa,любой углерод,6,0,13,85
4bxa,углерод и сера,6,0,13,85
4bxa,углерод и галогены,13,0,13,85
4bxa,"углерод, сера, фтор",6,0,13,85
4bxa,"углерод, сера, хлор",6,0,13,85
4bxa,"углерод, сера, галогены",13,0,13,85
4bxa,любой тяжёлый атом,13,2,13,85
3wow,любой углерод,7,0,7,85
3wow,углерод и сера,7,0,7,85
3wow,углерод и галогены,7,0,7,85
3wow,"углерод, сера, фтор",7,0,7,85
3wow,"углерод, сера, хлор",7,0,7,85
3wow,"углерод, сера, галогены",7,0,7,85
3wow,любой тяжёлый атом,7,12,7,85
3q9x,любой углерод,10,0,10,85
3q9x,углерод и сера,10,0,10,85
3q9x,углерод и галогены,10,0,10,85
3q9x,"углерод, сера, фтор",10,0,10,85
3q9x,"углерод, сера, хлор",10,0,10,85
3q9x,"углерод, сера, галогены",10,0,10,85
3q9x,любой тяжёлый атом,10,2,10,85
4bxb,любой углерод,10,0,15,85
4bxb,углерод и сера,10,0,15,85
4bxb,углерод и галогены,15,0,15,85
4bxb,"углерод, сера, фтор",10,0,15,85
4bxb,"углерод, сера, хлор",10,0,15,85
4bxb,"углерод, сера, галогены",15,0,15,85
4bxb,любой тяжёлый атом,15,3,15,85
3mb7,любой углерод,12,0,12,85
3mb7,углерод и сера,12,0,12,85
3mb7,углерод и галогены,12,0,12,85
3mb7,"углерод, сера, фтор",12,0,12,85
3mb7,"углерод, сера, хлор",12,0,12,85
3mb7,"углерод, сера, галогены",12,0,12,85
3mb7,любой тяжёлый атом,12,1,12,85
4rll,любой углерод,10,0,10,85
4rll,углерод и сера,10,0,10,85
4rll,углерод и галогены,10,0,10,85
4rll,"углерод, сера, фтор",10,0,10,85
4rll,"углерод, сера, хлор",10,0,10,85
4rll,"углерод, сера, галогены",10,0,10,85
4rll,любой тяжёлый атом,10,3,10,85
3owj,любой углерод,10,0,10,85
3owj,углерод и сера,10,0,10,85
3owj,углерод и галогены,10,0,10,85
3owj,"углерод, сера, фтор",10,0,10,85
3owj,"углерод, сера, хлор",10,0,10,85
3owj,"углерод, сера, галогены",10,0,10,85
3owj,любой тяжёлый атом,10,4,10,85
4bxa,любой углерод,5,0,13,85
4bxa,углерод и сера,5,0,13,85
4bxa,углерод и галогены,13,0,13,85
4bxa,"углерод, сера, фтор",5,0,13,85
4bxa,"углерод, сера, хлор",5,0,13,85
4bxa,"углерод, сера, галогены",13,0,13,85
4bxa,любой тяжёлый атом,13,2,13,85
4bxa,любой углерод,6,0,13,85
4bxa,углерод и сера,6,0,13,85
4bxa,углерод и галогены,13,0,13,85
4bxa,"углерод, сера, фтор",6,0,13,85
4bxa,"углерод, сера, хлор",6,0,13,85
4bxa,"углерод, сера, галогены",13,0,13,85
4bxa,любой тяжёлый атом,13,2,13,85
3mb7,любой углерод,12,0,12,85
3mb7,углерод и сера,12,0,12,85
3mb7,углерод и галогены,12,0,12,85
3mb7,"углерод, сера, фтор",12,0,12,85
3mb7,"углерод, сера, хлор",12,0,12,85
3mb7,"углерод, сера, галогены",12,0,12,85
3mb7,любой тяжёлый атом,12,1,12,85
3juh,любой углерод,11,0,11,85
3juh,углерод и сера,11,0,11,85
3juh,углерод и галогены,11,0,11,85
3juh,"углерод, сера, фтор",11,0,11,85
3juh,"углерод, сера, хлор",11,0,11,85
3juh,"углерод, сера, галогены",11,0,11,85
3juh,любой тяжёлый атом,11,12,11,85
4bxb,любой углерод,10,0,15,85
4bxb,углерод и сера,10,0,15,85
4bxb,углерод и галогены,15,0,15,85
4bxb,"углерод, сера, фтор",10,0,15,85
4bxb,"углерод, сера, хлор",10,0,15,85
4bxb,"углерод, сера, галогены",15,0,15,85
4bxb,любой тяжёлый атом,15,3,15,85
3h30,любой углерод,7,0,9,85
3h30,углерод и сера,7,0,9,85
3h30,углерод и галогены,9,0,9,85
3h30,"углерод, сера, фтор",7,0,9,85
3h30,"углерод, сера, хлор",9,0,9,85
3h30,"углерод, сера, галогены",9,0,9,85
3h30,любой тяжёлый атом,9,2,9,85
4ub7,любой углерод,11,0,13,85
4ub7,углерод и сера,11,0,13,85
4ub7,углерод и галогены,13,0,13,85
4ub7,"углерод, сера, фтор",11,0,13,85
4ub7,"углерод, сера, хлор",11,0,13,85
4ub7,"углерод, сера, галогены",13,0,13,85
4ub7,любой тяжёлый атом,13,4,13,85
3rps,любой углерод,6,0,13,85
3rps,углерод и сера,7,0,13,85
3rps,углерод и галогены,12,0,13,85
3rps,"углерод, сера, фтор",7,0,13,85
3rps,"углерод, сера, хлор",7,0,13,85
3rps,"углерод, сера, галогены",13,0,13,85
3rps,любой тяжёлый атом,13,0,13,85
3war,любой углерод,8,0,8,85
3war,углерод и сера,8,0,8,85
3war,углерод и галогены,8,0,8,85
3war,"углерод, сера, фтор",8,0,8,85
3war,"углерод, сера, хлор",8,0,8,85
3war,"углерод, сера, галогены",8,0,8,85
3war,любой тяжёлый атом,8,1,8,85
4kwp,любой углерод,6,0,13,85
4kwp,углерод и сера,6,0,13,85
4kwp,углерод и галогены,13,0,13,85
4kwp,"углерод, сера, фтор",6,0,13,85
4kwp,"углерод, сера, хлор",6,0,13,85
4kwp,"углерод, сера, галогены",13,0,13,85
4kwp,любой тяжёлый атом,13,0,13,85
3owk,любой углерод,11,0,11,85
3owk,углерод и сера,11,0,11,85
3owk,углерод и галогены,11,0,11,85
3owk,"углерод, сера, фтор",11,0,11,85
3owk,"углерод, сера, хлор",11,0,11,85
3owk,"углерод, сера, галогены",11,0,11,85
3owk,любой тяжёлый атом,11,2,11,85
3wil,любой углерод,11,0,11,85
3wil,углерод и сера,11,0,11,85
3wil,углерод и галогены,11,0,11,85
3wil,"углерод, сера, фтор",11,0,11,85
3wil,"углерод, сера, хлор",11,0,11,85
3wil,"углерод, сера, галогены",11,0,11,85
3wil,любой тяжёлый атом,11,5,11,85
3owj,любой углерод,10,0,10,85
3owj,углерод и сера,10,0,10,85
3owj,углерод и галогены,10,0,10,85
3owj,"углерод, сера, фтор",10,0,10,85
3owj,"углерод, сера, хлор",10,0,10,85
3owj,"углерод, сера, галогены",10,0,10,85
3owj,любой тяжёлый атом,10,4,10,85
3juh,любой углерод,11,0,11,85
3juh,углерод и сера,11,0,11,85
3juh,углерод и галогены,11,0,11,85
3juh,"углерод, сера, фтор",11,0,11,85
3juh,"углерод, сера, хлор",11,0,11,85
3juh,"углерод, сера, галогены",11,0,11,85
3juh,любой тяжёлый атом,11,12,11,85
3c13,любой углерод,10,0,10,85
3c13,углерод и сера,10,0,10,85
3c13,углерод и галогены,10,0,10,85
3c13,"углерод, сера, фтор",10,0,10,85
3c13,"углерод, сера, хлор",10,0,10,85
3c13,"углерод, сера, галогены",10,0,10,85
3c13,любой тяжёлый атом,10,3,10,85
3h30,любой углерод,10,0,12,85
3h30,углерод и сера,10,0,12,85
3h30,углерод и галогены,12,0,12,85
3h30,"углерод, сера, фтор",10,0,12,85
3h30,"углерод, сера, хлор",12,0,12,85
3h30,"углерод, сера, галогены",12,0,12,85
3h30,любой тяжёлый атом,12,1,12,85
4kwp,любой углерод,6,0,13,85
4kwp,углерод и сера,6,0,13,85
4kwp,углерод и галогены,13,0,13,85
4kwp,"углерод, сера, фтор",6,0,13,85
4kwp,"углерод, сера, хлор",6,0,13,85
4kwp,"углерод, сера, галогены",13,0,13,85
4kwp,любой тяжёлый атом,13,0,13,85
3h30,любой углерод,10,0,12,85
3h30,углерод и сера,10,0,12,85
3h30,углерод и галогены,12,0,12,85
3h30,"углерод, сера, фтор",10,0,12,85
3h30,"углерод, сера, хлор",12,0,12,85
3h30,"углерод, сера, галогены",12,0,12,85
3h30,любой тяжёлый атом,12,1,12,85
3bqc,любой углерод,11,0,11,85
3bqc,углерод и сера,11,0,11,85
3bqc,углерод и галогены,11,0,11,85
3bqc,"углерод, сера, фтор",11,0,11,85
3bqc,"углерод, сера, хлор",11,0,11,85
3bqc,"углерод, сера, галогены",11,0,11,85
3bqc,любой тяжёлый атом,11,3,11,85
3pe1,любой углерод,13,0,14,85
3pe1,углерод и сера,13,0,14,85
3pe1,углерод и галогены,14,0,14,85
3pe1,"углерод, сера, фтор",13,0,14,85
3pe1,"углерод, сера, хлор",14,0,14,85
3pe1,"углерод, сера, галогены",14,0,14,85
3pe1,любой тяжёлый атом,14,3,14,85
3q9x,любой углерод,11,0,11,85
3q9x,углерод и сера,11,0,11,85
3q9x,углерод и галогены,11,0,11,85
3q9x,"углерод, сера, фтор",11,0,11,85
3q9x,"углерод, сера, хлор",11,0,11,85
3q9x,"углерод, сера, галогены",11,0,11,85
3q9x,любой тяжёлый атом,11,2,11,85
4bxa,любой углерод,5,0,13,85
4bxa,углерод и сера,5,0,13,85
4bxa,углерод и галогены,13,0,13,85
4bxa,"углерод, сера, фтор",5,0,13,85
4bxa,"углерод, сера, хлор",5,0,13,85
4bxa,"углерод, сера, галогены",13,0,13,85
4bxa,любой тяжёлый атом,13,2,13,85
3bqc,любой углерод,11,0,11,85
3bqc,углерод и сера,11,0,11,85
3bqc,углерод и галогены,11,0,11,85
3bqc,"углерод, сера, фтор",11,0,11,85
3bqc,"углерод, сера, хлор",11,0,11,85
3bqc,"углерод, сера, галогены",11,0,11,85
3bqc,любой тяжёлый атом,11,3,11,85
4gub,любой углерод,16,0,16,85
4gub,углерод и сера,16,0,16,85
4gub,углерод и галогены,16,0,16,85
4gub,"углерод, сера, фтор",16,0,16,85
4gub,"углерод, сера, хлор",16,0,16,85
4gub,"углерод, сера, галогены",16,0,16,85
4gub,любой тяжёлый атом,16,3,16,85
3q9y,любой углерод,8,0,9,85
3q9y,углерод и сера,9,0,9,85
3q9y,углерод и галогены,8,0,9,85
3q9y,"углерод, сера, фтор",9,0,9,85
3q9y,"углерод, сера, хлор",9,0,9,85
3q9y,"углерод, сера, галогены",9,0,9,85
3q9y,любой тяжёлый атом,9,2,9,85
1pjk,любой углерод,6,0,6,85
1pjk,углерод и сера,6,0,6,85
1pjk,углерод и галогены,6,0,6,85
1pjk,"углерод, сера, фтор",6,0,6,85
1pjk,"углерод, сера, хлор",6,0,6,85
1pjk,"углерод, сера, галогены",6,0,6,85
1pjk,любой тяжёлый атом,6,12,6,85
3h30,любой углерод,7,0,9,85
3h30,углерод и сера,7,0,9,85
3h30,углерод и галогены,9,0,9,85
3h30,"углерод, сера, фтор",7,0,9,85
3h30,"углерод, сера, хлор",9,0,9,85
3h30,"углерод, сера, галогены",9,0,9,85
3h30,любой тяжёлый атом,9,2,9,85
3r0t,любой углерод,13,0,14,85
3r0t,углерод и сера,13,0,14,85
3r0t,углерод и галогены,13,0,14,85
3r0t,"углерод, сера, фтор",14,0,14,85
3r0t,"углерод, сера, хлор",13,0,14,85
3r0t,"углерод, сера, галогены",14,0,14,85
3r0t,любой тяжёлый атом,14,5,14,85
3mb6,любой углерод,10,0,10,85
3mb6,углерод и сера,10,0,10,85
3mb6,углерод и галогены,10,0,10,85
3mb6,"углерод, сера, фтор",10,0,10,85
3mb6,"углерод, сера, хлор",10,0,10,85
3mb6,"углерод, сера, галогены",10,0,10,85
3mb6,любой тяжёлый атом,10,3,10,85
3pe1,любой углерод,13,0,14,85
3pe1,углерод и сера,13,0,14,85
3pe1,углерод и галогены,14,0,14,85
3pe1,"углерод, сера, фтор",13,0,14,85
3pe1,"углерод, сера, хлор",14,0,14,85
3pe1,"углерод, сера, галогены",14,0,14,85
3pe1,любой тяжёлый атом,14,3,14,85
3owl,любой углерод,9,0,9,85
3owl,углерод и сера,9,0,9,85
3owl,углерод и галогены,9,0,9,85
3owl,"углерод, сера, фтор",9,0,9,85
3owl,"углерод, сера, хлор",9,0,9,85
3owl,"углерод, сера, галогены",9,0,9,85
3owl,любой тяжёлый атом,9,3,9,85
3nsz,любой углерод,8,0,8,85
3nsz,углерод и сера,8,0,8,85
3nsz,углерод и галогены,8,0,8,85
3nsz,"углерод, сера, фтор",8,0,8,85
3nsz,"углерод, сера, хлор",8,0,8,85
3nsz,"углерод, сера, галогены",8,0,8,85
3nsz,любой тяжёлый атом,8,12,8,85
3at3,любой углерод,13,0,13,85
3at3,углерод и сера,13,0,13,85
3at3,углерод и галогены,13,0,13,85
3at3,"углерод, сера, фтор",13,0,13,85
3at3,"углерод, сера, хлор",13,0,13,85
3at3,"углерод, сера, галогены",13,0,13,85
3at3,любой тяжёлый атом,13,4,13,85
2pvr,любой углерод,8,0,8,85
2pvr,углерод и сера,8,0,8,85
2pvr,углерод и галогены,8,0,8,85
2pvr,"углерод, сера, фтор",8,0,8,85
2pvr,"углерод, сера, хлор",8,0,8,85
2pvr,"углерод, сера, галогены",8,0,8,85
2pvr,любой тяжёлый атом,8,10,8,85
3amy,любой углерод,10,0,10,85
3amy,углерод и сера,10,0,10,85
3amy,углерод и галогены,10,0,10,85
3amy,"углерод, сера, фтор",10,0,10,85
3amy,"углерод, сера, хлор",10,0,10,85
3amy,"углерод, сера, галогены",10,0,10,85
3amy,любой тяжёлый атом,10,6,10,85
3pe2,любой углерод,14,0,14,85
3pe2,углерод и сера,14,0,14,85
3pe2,углерод и галогены,14,0,14,85
3pe2,"углерод, сера, фтор",14,0,14,85
3pe2,"углерод, сера, хлор",14,0,14,85
3pe2,"углерод, сера, галогены",14,0,14,85
3pe2,любой тяжёлый атом,14,2,14,85
2pvr,любой углерод,8,0,8,85
2pvr,углерод и сера,8,0,8,85
2pvr,углерод и галогены,8,0,8,85
2pvr,"углерод, сера, фтор",8,0,8,85
2pvr,"углерод, сера, хлор",8,0,8,85
2pvr,"углерод, сера, галогены",8,0,8,85
2pvr,любой тяжёлый атом,8,10,8,85
3q9z,любой углерод,10,0,10,85
3q9z,углерод и сера,10,0,10,85
3q9z,углерод и галогены,10,0,10,85
3q9z,"углерод, сера, фтор",10,0,10,85
3q9z,"углерод, сера, хлор",10,0,10,85
3q9z,"углерод, сера, галогены",10,0,10,85
3q9z,любой тяжёлый атом,10,6,10,85
3nga,любой углерод,14,0,15,85
3nga,углерод и сера,14,0,15,85
3nga,углерод и галогены,15,0,15,85
3nga,"углерод, сера, фтор",14,0,15,85
3nga,"углерод, сера, хлор",15,0,15,85
3nga,"углерод, сера, галогены",15,0,15,85
3nga,любой тяжёлый атом,15,2,15,85
3nsz,любой углерод,8,0,8,85
3nsz,углерод и сера,8,0,8,85
3nsz,углерод и галогены,8,0,8,85
3nsz,"углерод, сера, фтор",8,0,8,85
3nsz,"углерод, сера, хлор",8,0,8,85
3nsz,"углерод, сера, галогены",8,0,8,85
3nsz,любой тяжёлый атом,8,12,8,85
3u87,любой углерод,8,0,8,85
3u87,углерод и сера,8,0,8,85
3u87,углерод и галогены,8,0,8,85
3u87,"углерод, сера, фтор",8,0,8,85
3u87,"углерод, сера, хлор",8,0,8,85
3u87,"углерод, сера, галогены",8,0,8,85
3u87,любой тяжёлый атом,8,11,8,85
3nga,любой углерод,14,0,15,85
3nga,углерод и сера,14,0,15,85
3nga,углерод и галогены,15,0,15,85
3nga,"углерод, сера, фтор",14,0,15,85
3nga,"углерод, сера, хлор",15,0,15,85
3nga,"углерод, сера, галогены",15,0,15,85
3nga,любой тяжёлый атом,15,2,15,85
3q9x,любой углерод,11,0,11,85
3q9x,углерод и сера,11,0,11,85
3q9x,углерод и галогены,11,0,11,85
3q9x,"углерод, сера, фтор",11,0,11,85
3q9x,"углерод, сера, хлор",11,0,11,85
3q9x,"углерод, сера, галогены",11,0,11,85
3q9x,любой тяжёлый атом,11,3,11,85
3r0t,любой углерод,13,0,14,85
3r0t,углерод и сера,13,0,14,85
3r0t,углерод и галогены,13,0,14,85
3r0t,"углерод, сера, фтор",14,0,14,85
3r0t,"углерод, сера, хлор",13,0,14,85
3r0t,"углерод, сера, галогены",14,0,14,85
3r0t,любой тяжёлый атом,14,5,14,85
3pe2,любой углерод,14,0,14,85
3pe2,углерод и сера,14,0,14,85
3pe2,углерод и галогены,14,0,14,85
3pe2,"углерод, сера, фтор",14,0,14,85
3pe2,"углерод, сера, хлор",14,0,14,85
3pe2,"углерод, сера, галогены",14,0,14,85
3pe2,любой тяжёлый атом,14,2,14,85
4uba,любой углерод,10,0,10,85
4uba,углерод и сера,10,0,10,85
4uba,углерод и галогены,10,0,10,85
4uba,"углерод, сера, фтор",10,0,10,85
4uba,"углерод, сера, хлор",10,0,10,85
4uba,"углерод, сера, галогены",10,0,10,85
4uba,любой тяжёлый атом,10,4,10,85
3q9y,любой углерод,8,0,9,85
3q9y,углерод и сера,9,0,9,85
3q9y,углерод и галогены,8,0,9,85
3q9y,"углерод, сера, фтор",9,0,9,85
3q9y,"углерод, сера, хлор",9,0,9,85
3q9y,"углерод, сера, галогены",9,0,9,85
3q9y,любой тяжёлый атом,9,2,9,85
3u4u,любой углерод,15,0,15,85
3u4u,углерод и сера,15,0,15,85
3u4u,углерод и галогены,15,0,15,85
3u4u,"углерод, сера, фтор",15,0,15,85
3u4u,"углерод, сера, хлор",15,0,15,85
3u4u,"углерод, сера, галогены",15,0,15,85
3u4u,любой тяжёлый атом,15,2,15,85
3mb6,любой углерод,10,0,10,85
3mb6,углерод и сера,10,0,10,85
3mb6,углерод и галогены,10,0,10,85
3mb6,"углерод, сера, фтор",10,0,10,85
3mb6,"углерод, сера, хлор",10,0,10,85
3mb6,"углерод, сера, галогены",10,0,10,85
3mb6,любой тяжёлый атом,10,3,10,85
3c13,любой углерод,10,0,10,85
3c13,углерод и сера,10,0,10,85
3c13,углерод и галогены,10,0,10,85
3c13,"углерод, сера, фтор",10,0,10,85
3c13,"углерод, сера, хлор",10,0,10,85
3c13,"углерод, сера, галогены",10,0,10,85
3c13,любой тяжёлый атом,10,3,10,85
5mo6,любой углерод,7,0,7,85
5mo6,углерод и сера,7,0,7,85
5mo6,углерод и галогены,7,0,7,85
5mo6,"углерод, сера, фтор",7,0,7,85
5mo6,"углерод, сера, хлор",7,0,7,85
5mo6,"углерод, сера, галогены",7,0,7,85
5mo6,любой тяжёлый атом,7,2,7,85
5osl,любой углерод,7,0,7,85
5osl,углерод и сера,7,0,7,85
5osl,углерод и галогены,7,0,7,85
5osl,"углерод, сера, фтор",7,0,7,85
5osl,"углерод, сера, хлор",7,0,7,85
5osl,"углерод, сера, галогены",7,0,7,85
5osl,любой тяжёлый атом,7,9,7,85
5ork,любой углерод,6,0,6,85
5ork,углерод и сера,6,0,6,85
5ork,углерод и галогены,6,0,6,85
5ork,"углерод, сера, фтор",6,0,6,85
5ork,"углерод, сера, хлор",6,0,6,85
5ork,"углерод, сера, галогены",6,0,6,85
5ork,любой тяжёлый атом,6,13,6,85
7a4b,любой углерод,6,0,8,85
7a4b,углерод и сера,6,0,8,85
7a4b,углерод и галогены,8,0,8,85
7a4b,"углерод, сера, фтор",6,0,8,85
7a4b,"углерод, сера, хлор",6,0,8,85
7a4b,"углерод, сера, галогены",8,0,8,85
7a4b,любой тяжёлый атом,8,2,8,85
7a4b,любой углерод,7,0,9,85
7a4b,углерод и сера,7,0,9,85
7a4b,углерод и галогены,9,0,9,85
7a4b,"углерод, сера, фтор",7,0,9,85
7a4b,"углерод, сера, хлор",7,0,9,85
7a4b,"углерод, сера, галогены",9,0,9,85
7a4b,любой тяжёлый атом,9,1,9,85
7a4b,любой углерод,6,0,8,85
7a4b,углерод и сера,6,0,8,85
7a4b,углерод и галогены,8,0,8,85
7a4b,"углерод, сера, фтор",6,0,8,85
7a4b,"углерод, сера, хлор",6,0,8,85
7a4b,"углерод, сера, галогены",8,0,8,85
7a4b,любой тяжёлый атом,8,2,8,85
7a49,любой углерод,7,0,10,85
7a49,углерод и сера,7,0,10,85
7a49,углерод и галогены,10,0,10,85
7a49,"углерод, сера, фтор",7,0,10,85
7a49,"углерод, сера, хлор",10,0,10,85
7a49,"углерод, сера, галогены",10,0,10,85
7a49,любой тяжёлый атом,10,2,10,85
5oum,любой углерод,8,0,8,85
5oum,углерод и сера,8,0,8,85
5oum,углерод и галогены,8,0,8,85
5oum,"углерод, сера, фтор",8,0,8,85
5oum,"углерод, сера, хлор",8,0,8,85
5oum,"углерод, сера, галогены",8,0,8,85
5oum,любой тяжёлый атом,8,1,8,85
7a49,любой углерод,7,0,9,85
7a49,углерод и сера,7,0,9,85
7a49,углерод и галогены,9,0,9,85
7a49,"углерод, сера, фтор",7,0,9,85
7a49,"углерод, сера, хлор",8,0,9,85
7a49,"углерод, сера, галогены",9,0,9,85
7a49,любой тяжёлый атом,9,2,9,85
7a4c,любой углерод,5,0,9,85
7a4c,углерод и сера,5,0,9,85
7a4c,углерод и галогены,9,0,9,85
7a4c,"углерод, сера, фтор",5,0,9,85
7a4c,"углерод, сера, хлор",5,0,9,85
7a4c,"углерод, сера, галогены",9,0,9,85
7a4c,любой тяжёлый атом,9,1,9,85
7a4c,любой углерод,4,0,7,85
7a4c,углерод и сера,4,0,7,85
7a4c,углерод и галогены,7,0,7,85
7a4c,"углерод, сера, фтор",4,0,7,85
7a4c,"углерод, сера, хлор",4,0,7,85
7a4c,"углерод, сера, галогены",7,0,7,85
7a4c,любой тяжёлый атом,7,2,7,85
7a4b,любой углерод,7,0,9,85
7a4b,углерод и сера,7,0,9,85
7a4b,углерод и галогены,9,0,9,85
7a4b,"углерод, сера, фтор",7,0,9,85
7a4b,"углерод, сера, хлор",7,0,9,85
7a4b,"углерод, сера, галогены",9,0,9,85
7a4b,любой тяжёлый атом,9,1,9,85
7a4c,любой углерод,4,0,7,85
7a4c,углерод и сера,4,0,7,85
7a4c,углерод и галогены,7,0,7,85
7a4c,"углерод, сера, фтор",4,0,7,85
7a4c,"углерод, сера, хлор",4,0,7,85
7a4c,"углерод, сера, галогены",7,0,7,85
7a4c,любой тяжёлый атом,7,2,7,85
5csp,любой углерод,8,0,8,85
5csp,углерод и сера,8,0,8,85
5csp,углерод и галогены,8,0,8,85
5csp,"углерод, сера, фтор",8,0,8,85
5csp,"углерод, сера, хлор",8,0,8,85
5csp,"углерод, сера, галогены",8,0,8,85
5csp,любой тяжёлый атом,8,1,8,85
7a4c,любой углерод,5,0,9,85
7a4c,углерод и сера,5,0,9,85
7a4c,углерод и галогены,9,0,9,85
7a4c,"углерод, сера, фтор",5,0,9,85
7a4c,"углерод, сера, хлор",5,0,9,85
7a4c,"углерод, сера, галогены",9,0,9,85
7a4c,любой тяжёлый атом,9,1,9,85
5oqu,любой углерод,7,0,7,85
5oqu,углерод и сера,7,0,7,85
5oqu,углерод и галогены,7,0,7,85
5oqu,"углерод, сера, фтор",7,0,7,85
5oqu,"углерод, сера, хлор",7,0,7,85
5oqu,"углерод, сера, галогены",7,0,7,85
5oqu,любой тяжёлый атом,7,11,7,85
5otl,любой углерод,10,0,10,85
5otl,углерод и сера,10,0,10,85
5otl,углерод и галогены,10,0,10,85
5otl,"углерод, сера, фтор",10,0,10,85
5otl,"углерод, сера, хлор",10,0,10,85
5otl,"углерод, сера, галогены",10,0,10,85
5otl,любой тяжёлый атом,10,2,10,85
5csp,любой углерод,9,0,9,85
5csp,углерод и сера,9,0,9,85
5csp,углерод и галогены,9,0,9,85
5csp,"углерод, сера, фтор",9,0,9,85
5csp,"углерод, сера, хлор",9,0,9,85
5csp,"углерод, сера, галогены",9,0,9,85
5csp,любой тяжёлый атом,9,1,9,85
7zy2,любой углерод,7,0,7,85
7zy2,углерод и сера,7,0,7,85
7zy2,углерод и галогены,7,0,7,85
7zy2,"углерод, сера, фтор",7,0,7,85
7zy2,"углерод, сера, хлор",7,0,7,85
7zy2,"углерод, сера, галогены",7,0,7,85
7zy2,любой тяжёлый атом,7,12,7,85
5n9k,любой углерод,12,0,12,85
5n9k,углерод и сера,12,0,12,85
5n9k,углерод и галогены,12,0,12,85
5n9k,"углерод, сера, фтор",12,0,12,85
5n9k,"углерод, сера, хлор",12,0,12,85
5n9k,"углерод, сера, галогены",12,0,12,85
5n9k,любой тяжёлый атом,12,5,12,85
5osz,любой углерод,12,0,12,85
5osz,углерод и сера,12,0,12,85
5osz,углерод и галогены,12,0,12,85
5osz,"углерод, сера, фтор",12,0,12,85
5osz,"углерод, сера, хлор",12,0,12,85
5osz,"углерод, сера, галогены",12,0,12,85
5osz,любой тяжёлый атом,12,1,12,85
6ehu,любой углерод,13,0,13,85
6ehu,углерод и сера,13,0,13,85
6ehu,углерод и галогены,13,0,13,85
6ehu,"углерод, сера, фтор",13,0,13,85
6ehu,"углерод, сера, хлор",13,0,13,85
6ehu,"углерод, сера, галогены",13,0,13,85
6ehu,любой тяжёлый атом,13,0,13,85
5osz,любой углерод,11,0,11,85
5osz,углерод и сера,11,0,11,85
5osz,углерод и галогены,11,0,11,85
5osz,"углерод, сера, фтор",11,0,11,85
5osz,"углерод, сера, хлор",11,0,11,85
5osz,"углерод, сера, галогены",11,0,11,85
5osz,любой тяжёлый атом,11,3,11,85
6eii,любой углерод,10,0,10,85
6eii,углерод и сера,10,0,10,85
6eii,углерод и галогены,10,0,10,85
6eii,"углерод, сера, фтор",10,0,10,85
6eii,"углерод, сера, хлор",10,0,10,85
6eii,"углерод, сера, галогены",10,0,10,85
6eii,любой тяжёлый атом,10,0,10,85
5oto,любой углерод,8,0,11,85
5oto,углерод и сера,8,0,11,85
5oto,углерод и галогены,11,0,11,85
5oto,"углерод, сера, фтор",8,0,11,85
5oto,"углерод, сера, хлор",11,0,11,85
5oto,"углерод, сера, галогены",11,0,11,85
5oto,любой тяжёлый атом,11,0,11,85
5ot5,любой углерод,12,0,12,85
5ot5,углерод и сера,12,0,12,85
5ot5,углерод и галогены,12,0,12,85
5ot5,"углерод, сера, фтор",12,0,12,85
5ot5,"углерод, сера, хлор",12,0,12,85
5ot5,"углерод, сера, галогены",12,0,12,85
5ot5,любой тяжёлый атом,12,0,12,85
5otd,любой углерод,9,0,9,85
5otd,углерод и сера,9,0,9,85
5otd,углерод и галогены,9,0,9,85
5otd,"углерод, сера, фтор",9,0,9,85
5otd,"углерод, сера, хлор",9,0,9,85
5otd,"углерод, сера, галогены",9,0,9,85
5otd,любой тяжёлый атом,9,2,9,85
6ehu,любой углерод,13,0,13,85
6ehu,углерод и сера,13,0,13,85
6ehu,углерод и галогены,13,0,13,85
6ehu,"углерод, сера, фтор",13,0,13,85
6ehu,"углерод, сера, хлор",13,0,13,85
6ehu,"углерод, сера, галогены",13,0,13,85
6ehu,любой тяжёлый атом,13,0,13,85
5osr,любой углерод,8,0,8,85
5osr,углерод и сера,8,0,8,85
5osr,углерод и галогены,8,0,8,85
5osr,"углерод, сера, фтор",8,0,8,85
5osr,"углерод, сера, хлор",8,0,8,85
5osr,"углерод, сера, галогены",8,0,8,85
5osr,любой тяжёлый атом,8,8,8,85
5osp,любой углерод,8,0,8,85
5osp,углерод и сера,8,0,8,85
5osp,углерод и галогены,8,0,8,85
5osp,"углерод, сера, фтор",8,0,8,85
5osp,"углерод, сера, хлор",8,0,8,85
5osp,"углерод, сера, галогены",8,0,8,85
5osp,любой тяжёлый атом,8,10,8,85
5ots,любой углерод,11,0,11,85
5ots,углерод и сера,11,0,11,85
5ots,углерод и галогены,11,0,11,85
5ots,"углерод, сера, фтор",11,0,11,85
5ots,"углерод, сера, хлор",11,0,11,85
5ots,"углерод, сера, галогены",11,0,11,85
5ots,любой тяжёлый атом,11,3,11,85
5owh,любой углерод,8,0,12,85
5owh,углерод и сера,8,0,12,85
5owh,углерод и галогены,12,0,12,85
5owh,"углерод, сера, фтор",8,0,12,85
5owh,"углерод, сера, хлор",8,0,12,85
5owh,"углерод, сера, галогены",12,0,12,85
5owh,любой тяжёлый атом,12,3,12,85
5owl,любой углерод,8,0,12,85
5owl,углерод и сера,8,0,12,85
5owl,углерод и галогены,12,0,12,85
5owl,"углерод, сера, фтор",8,0,12,85
5owl,"углерод, сера, хлор",8,0,12,85
5owl,"углерод, сера, галогены",12,0,12,85
5owl,любой тяжёлый атом,12,0,12,85
5osr,любой углерод,8,0,8,85
5osr,углерод и сера,8,0,8,85
5osr,углерод и галогены,8,0,8,85
5osr,"углерод, сера, фтор",8,0,8,85
5osr,"углерод, сера, хлор",8,0,8,85
5osr,"углерод, сера, галогены",8,0,8,85
5osr,любой тяжёлый атом,8,8,8,85
5owl,любой углерод,8,0,12,85
5owl,углерод и сера,8,0,12,85
5owl,углерод и галогены,12,0,12,85
5owl,"углерод, сера, фтор",8,0,12,85
5owl,"углерод, сера, хлор",8,0,12,85
5owl,"углерод, сера, галогены",12,0,12,85
5owl,любой тяжёлый атом,12,0,12,85
5owl,любой углерод,7,0,12,85
5owl,углерод и сера,7,0,12,85
5owl,углерод и галогены,12,0,12,85
5owl,"углерод, сера, фтор",7,0,12,85
5owl,"углерод, сера, хлор",7,0,12,85
5owl,"углерод, сера, галогены",12,0,12,85
5owl,любой тяжёлый атом,12,0,12,85
5owl,любой углерод,7,0,12,85
5owl,углерод и сера,7,0,12,85
5owl,углерод и галогены,12,0,12,85
5owl,"углерод, сера, фтор",7,0,12,85
5owl,"углерод, сера, хлор",7,0,12,85
5owl,"углерод, сера, галогены",12,0,12,85
5owl,любой тяжёлый атом,12,0,12,85
5ots,любой углерод,11,0,11,85
5ots,углерод и сера,11,0,11,85
5ots,углерод и галогены,11,0,11,85
5ots,"углерод, сера, фтор",11,0,11,85
5ots,"углерод, сера, хлор",11,0,11,85
5ots,"углерод, сера, галогены",11,0,11,85
5ots,любой тяжёлый атом,11,3,11,85
5ork,любой углерод,8,0,8,85
5ork,углерод и сера,8,0,8,85
5ork,углерод и галогены,8,0,8,85
5ork,"углерод, сера, фтор",8,0,8,85
5ork,"углерод, сера, хлор",8,0,8,85
5ork,"углерод, сера, галогены",8,0,8,85
5ork,любой тяжёлый атом,8,11,8,85
5otp,любой углерод,8,0,10,85
5otp,углерод и сера,8,0,10,85
5otp,углерод и галогены,10,0,10,85
5otp,"углерод, сера, фтор",8,0,10,85
5otp,"углерод, сера, хлор",10,0,10,85
5otp,"углерод, сера, галогены",10,0,10,85
5otp,любой тяжёлый атом,10,1,10,85
5osp,любой углерод,8,0,8,85
5osp,углерод и сера,8,0,8,85
5osp,углерод и галогены,8,0,8,85
5osp,"углерод, сера, фтор",8,0,8,85
5osp,"углерод, сера, хлор",8,0,8,85
5osp,"углерод, сера, галогены",8,0,8,85
5osp,любой тяжёлый атом,8,10,8,85
5otp,любой углерод,8,0,10,85
5otp,углерод и сера,8,0,10,85
5otp,углерод и галогены,10,0,10,85
5otp,"углерод, сера, фтор",8,0,10,85
5otp,"углерод, сера, хлор",10,0,10,85
5otp,"углерод, сера, галогены",10,0,10,85
5otp,любой тяжёлый атом,10,1,10,85
5n9k,любой углерод,12,0,12,85
5n9k,углерод и сера,12,0,12,85
5n9k,углерод и галогены,12,0,12,85
5n9k,"углерод, сера, фтор",12,0,12,85
5n9k,"углерод, сера, хлор",12,0,12,85
5n9k,"углерод, сера, галогены",12,0,12,85
5n9k,любой тяжёлый атом,12,4,12,85
7bu4,любой углерод,13,0,13,85
7bu4,углерод и сера,13,0,13,85
7bu4,углерод и галогены,13,0,13,85
7bu4,"углерод, сера, фтор",13,0,13,85
7bu4,"углерод, сера, хлор",13,0,13,85
7bu4,"углерод, сера, галогены",13,0,13,85
7bu4,любой тяжёлый атом,13,5,13,85
5otd,любой углерод,8,0,8,85
5otd,углерод и сера,8,0,8,85
5otd,углерод и галогены,8,0,8,85
5otd,"углерод, сера, фтор",8,0,8,85
5otd,"углерод, сера, хлор",8,0,8,85
5otd,"углерод, сера, галогены",8,0,8,85
5otd,любой тяжёлый атом,8,2,8,85
5otd,любой углерод,8,0,8,85
5otd,углерод и сера,8,0,8,85
5otd,углерод и галогены,8,0,8,85
5otd,"углерод, сера, фтор",8,0,8,85
5otd,"углерод, сера, хлор",8,0,8,85
5otd,"углерод, сера, галогены",8,0,8,85
5otd,любой тяжёлый атом,8,2,8,85
7bu4,любой углерод,13,0,13,85
7bu4,углерод и сера,13,0,13,85
7bu4,углерод и галогены,13,0,13,85
7bu4,"углерод, сера, фтор",13,0,13,85
7bu4,"углерод, сера, хлор",13,0,13,85
7bu4,"углерод, сера, галогены",13,0,13,85
7bu4,любой тяжёлый атом,13,5,13,85
5mmf,любой углерод,8,0,8,85
5mmf,углерод и сера,8,0,8,85
5mmf,углерод и галогены,8,0,8,85
5mmf,"углерод, сера, фтор",8,0,8,85
5mmf,"углерод, сера, хлор",8,0,8,85
5mmf,"углерод, сера, галогены",8,0,8,85
5mmf,любой тяжёлый атом,8,0,8,85
5b0x,любой углерод,12,0,13,85
5b0x,углерод и сера,13,0,13,85
5b0x,углерод и галогены,12,0,13,85
5b0x,"углерод, сера, фтор",13,0,13,85
5b0x,"углерод, сера, хлор",13,0,13,85
5b0x,"углерод, сера, галогены",13,0,13,85
5b0x,любой тяжёлый атом,13,3,13,85
7l1x,любой углерод,13,0,13,85
7l1x,углерод и сера,13,0,13,85
7l1x,углерод и галогены,13,0,13,85
7l1x,"углерод, сера, фтор",13,0,13,85
7l1x,"углерод, сера, хлор",13,0,13,85
7l1x,"углерод, сера, галогены",13,0,13,85
7l1x,любой тяжёлый атом,13,3,13,85
8qwy,любой углерод,13,0,13,85
8qwy,углерод и сера,13,0,13,85
8qwy,углерод и галогены,13,0,13,85
8qwy,"углерод, сера, фтор",13,0,13,85
8qwy,"углерод, сера, хлор",13,0,13,85
8qwy,"углерод, сера, галогены",13,0,13,85
8qwy,любой тяжёлый атом,13,3,13,85
8c5q,любой углерод,17,0,19,85
8c5q,углерод и сера,17,0,19,85
8c5q,углерод и галогены,17,0,19,85
8c5q,"углерод, сера, фтор",19,0,19,85
8c5q,"углерод, сера, хлор",17,0,19,85
8c5q,"углерод, сера, галогены",19,0,19,85
8c5q,любой тяжёлый атом,19,4,19,85
8qwz,любой углерод,13,0,13,85
8qwz,углерод и сера,13,0,13,85
8qwz,углерод и галогены,13,0,13,85
8qwz,"углерод, сера, фтор",13,0,13,85
8qwz,"углерод, сера, хлор",13,0,13,85
8qwz,"углерод, сера, галогены",13,0,13,85
8qwz,любой тяжёлый атом,13,1,13,85
8c5q,любой углерод,17,0,19,85
8c5q,углерод и сера,17,0,19,85
8c5q,углерод и галогены,17,0,19,85
8c5q,"углерод, сера, фтор",19,0,19,85
8c5q,"углерод, сера, хлор",17,0,19,85
8c5q,"углерод, сера, галогены",19,0,19,85
8c5q,любой тяжёлый атом,19,4,19,85
7l1x,любой углерод,13,0,13,85
7l1x,углерод и сера,13,0,13,85
7l1x,углерод и галогены,13,0,13,85
7l1x,"углерод, сера, фтор",13,0,13,85
7l1x,"углерод, сера, хлор",13,0,13,85
7l1x,"углерод, сера, галогены",13,0,13,85
7l1x,любой тяжёлый атом,13,3,13,85
5mo7,любой углерод,6,0,7,85
5mo7,углерод и сера,7,0,7,85
5mo7,углерод и галогены,6,0,7,85
5mo7,"углерод, сера, фтор",7,0,7,85
5mo7,"углерод, сера, хлор",7,0,7,85
5mo7,"углерод, сера, галогены",7,0,7,85
5mo7,любой тяжёлый атом,7,1,7,85
5mo6,любой углерод,7,0,7,85
5mo6,углерод и сера,7,0,7,85
5mo6,углерод и галогены,7,0,7,85
5mo6,"углерод, сера, фтор",7,0,7,85
5mo6,"углерод, сера, хлор",7,0,7,85
5mo6,"углерод, сера, галогены",7,0,7,85
5mo6,любой тяжёлый атом,7,2,7,85
7at5,любой углерод,9,0,13,85
7at5,углерод и сера,9,0,13,85
7at5,углерод и галогены,13,0,13,85
7at5,"углерод, сера, фтор",9,0,13,85
7at5,"углерод, сера, хлор",9,0,13,85
7at5,"углерод, сера, галогены",13,0,13,85
7at5,любой тяжёлый атом,13,2,13,85
5oue,любой углерод,8,0,8,85
5oue,углерод и сера,8,0,8,85
5oue,углерод и галогены,8,0,8,85
5oue,"углерод, сера, фтор",8,0,8,85
5oue,"углерод, сера, хлор",8,0,8,85
5oue,"углерод, сера, галогены",8,0,8,85
5oue,любой тяжёлый атом,8,2,8,85
7at5,любой углерод,9,0,13,85
7at5,углерод и сера,9,0,13,85
7at5,углерод и галогены,13,0,13,85
7at5,"углерод, сера, фтор",9,0,13,85
7at5,"углерод, сера, хлор",9,0,13,85
7at5,"углерод, сера, галогены",13,0,13,85
7at5,любой тяжёлый атом,13,2,13,85
7zyr,любой углерод,8,0,8,85
7zyr,углерод и сера,8,0,8,85
7zyr,углерод и галогены,8,0,8,85
7zyr,"углерод, сера, фтор",8,0,8,85
7zyr,"углерод, сера, хлор",8,0,8,85
7zyr,"углерод, сера, галогены",8,0,8,85
7zyr,любой тяжёлый атом,8,9,8,85
5cu3,любой углерод,17,0,17,85
5cu3,углерод и сера,17,0,17,85
5cu3,углерод и галогены,17,0,17,85
5cu3,"углерод, сера, фтор",17,0,17,85
5cu3,"углерод, сера, хлор",17,0,17,85
5cu3,"углерод, сера, галогены",17,0,17,85
5cu3,любой тяжёлый атом,17,0,17,85
7z39,любой углерод,13,0,13,85
7z39,углерод и сера,13,0,13,85
7z39,углерод и галогены,13,0,13,85
7z39,"углерод, сера, фтор",13,0,13,85
7z39,"углерод, сера, хлор",13,0,13,85
7z39,"углерод, сера, галогены",13,0,13,85
7z39,любой тяжёлый атом,13,4,13,85
5csv,любой углерод,8,0,8,85
5csv,углерод и сера,8,0,8,85
5csv,углерод и галогены,8,0,8,85
5csv,"углерод, сера, фтор",8,0,8,85
5csv,"углерод, сера, хлор",8,0,8,85
5csv,"углерод, сера, галогены",8,0,8,85
5csv,любой тяжёлый атом,8,1,8,85
5cu6,любой углерод,8,0,8,85
5cu6,углерод и сера,8,0,8,85
5cu6,углерод и галогены,8,0,8,85
5cu6,"углерод, сера, фтор",8,0,8,85
5cu6,"углерод, сера, хлор",8,0,8,85
5cu6,"углерод, сера, галогены",8,0,8,85
5cu6,любой тяжёлый атом,8,8,8,85
5h8e,любой углерод,18,0,18,85
5h8e,углерод и сера,18,0,18,85
5h8e,углерод и галогены,18,0,18,85
5h8e,"углерод, сера, фтор",18,0,18,85
5h8e,"углерод, сера, хлор",18,0,18,85
5h8e,"углерод, сера, галогены",18,0,18,85
5h8e,любой тяжёлый атом,18,1,18,85
5h8b,любой углерод,16,0,16,85
5h8b,углерод и сера,16,0,16,85
5h8b,углерод и галогены,16,0,16,85
5h8b,"углерод, сера, фтор",16,0,16,85
5h8b,"углерод, сера, хлор",16,0,16,85
5h8b,"углерод, сера, галогены",16,0,16,85
5h8b,любой тяжёлый атом,16,1,16,85
5h8e,любой углерод,16,0,16,85
5h8e,углерод и сера,16,0,16,85
5h8e,углерод и галогены,16,0,16,85
5h8e,"углерод, сера, фтор",16,0,16,85
5h8e,"углерод, сера, хлор",16,0,16,85
5h8e,"углерод, сера, галогены",16,0,16,85
5h8e,любой тяжёлый атом,16,2,16,85
5h8b,любой углерод,15,0,15,85
5h8b,углерод и сера,15,0,15,85
5h8b,углерод и галогены,15,0,15,85
5h8b,"углерод, сера, фтор",15,0,15,85
5h8b,"углерод, сера, хлор",15,0,15,85
5h8b,"углерод, сера, галогены",15,0,15,85
5h8b,любой тяжёлый атом,15,1,15,85
5h8g,любой углерод,19,0,19,85
5h8g,углерод и сера,19,0,19,85
5h8g,углерод и галогены,19,0,19,85
5h8g,"углерод, сера, фтор",19,0,19,85
5h8g,"углерод, сера, хлор",19,0,19,85
5h8g,"углерод, сера, галогены",19,0,19,85
5h8g,любой тяжёлый атом,19,2,19,85
6q4q,любой углерод,8,0,8,85
6q4q,углерод и сера,8,0,8,85
6q4q,углерод и галогены,8,0,8,85
6q4q,"углерод, сера, фтор",8,0,8,85
6q4q,"углерод, сера, хлор",8,0,8,85
6q4q,"углерод, сера, галогены",8,0,8,85
6q4q,любой тяжёлый атом,8,1,8,85
8aek,любой углерод,8,0,8,85
8aek,углерод и сера,8,0,8,85
8aek,углерод и галогены,8,0,8,85
8aek,"углерод, сера, фтор",8,0,8,85
8aek,"углерод, сера, хлор",8,0,8,85
8aek,"углерод, сера, галогены",8,0,8,85
8aek,любой тяжёлый атом,8,9,8,85
8c6l,любой углерод,11,0,11,85
8c6l,углерод и сера,11,0,11,85
8c6l,углерод и галогены,11,0,11,85
8c6l,"углерод, сера, фтор",11,0,11,85
8c6l,"углерод, сера, хлор",11,0,11,85
8c6l,"углерод, сера, галогены",11,0,11,85
8c6l,любой тяжёлый атом,11,5,11,85
8c6n,любой углерод,15,0,15,85
8c6n,углерод и сера,15,0,15,85
8c6n,углерод и галогены,15,0,15,85
8c6n,"углерод, сера, фтор",15,0,15,85
8c6n,"углерод, сера, хлор",15,0,15,85
8c6n,"углерод, сера, галогены",15,0,15,85
8c6n,любой тяжёлый атом,15,3,15,85
5csv,любой углерод,8,0,8,85
5csv,углерод и сера,8,0,8,85
5csv,углерод и галогены,8,0,8,85
5csv,"углерод, сера, фтор",8,0,8,85
5csv,"углерод, сера, хлор",8,0,8,85
5csv,"углерод, сера, галогены",8,0,8,85
5csv,любой тяжёлый атом,8,1,8,85
8c6m,любой углерод,12,0,12,85
8c6m,углерод и сера,12,0,12,85
8c6m,углерод и галогены,12,0,12,85
8c6m,"углерод, сера, фтор",12,0,12,85
8c6m,"углерод, сера, хлор",12,0,12,85
8c6m,"углерод, сера, галогены",12,0,12,85
8c6m,любой тяжёлый атом,12,1,12,85
8c6m,любой углерод,12,0,12,85
8c6m,углерод и сера,12,0,12,85
8c6m,углерод и галогены,12,0,12,85
8c6m,"углерод, сера, фтор",12,0,12,85
8c6m,"углерод, сера, хлор",12,0,12,85
8c6m,"углерод, сера, галогены",12,0,12,85
8c6m,любой тяжёлый атом,12,1,12,85
8c6n,любой углерод,15,0,15,85
8c6n,углерод и сера,15,0,15,85
8c6n,углерод и галогены,15,0,15,85
8c6n,"углерод, сера, фтор",15,0,15,85
8c6n,"углерод, сера, хлор",15,0,15,85
8c6n,"углерод, сера, галогены",15,0,15,85
8c6n,любой тяжёлый атом,15,3,15,85
8c6l,любой углерод,11,0,11,85
8c6l,углерод и сера,11,0,11,85
8c6l,углерод и галогены,11,0,11,85
8c6l,"углерод, сера, фтор",11,0,11,85
8c6l,"углерод, сера, хлор",11,0,11,85
8c6l,"углерод, сера, галогены",11,0,11,85
8c6l,любой тяжёлый атом,11,5,11,85
6l23,любой углерод,9,0,9,85
6l23,углерод и сера,9,0,9,85
6l23,углерод и галогены,9,0,9,85
6l23,"углерод, сера, фтор",9,0,9,85
6l23,"углерод, сера, хлор",9,0,9,85
6l23,"углерод, сера, галогены",9,0,9,85
6l23,любой тяжёлый атом,9,3,9,85
5cu3,любой углерод,17,0,17,85
5cu3,углерод и сера,17,0,17,85
5cu3,углерод и галогены,17,0,17,85
5cu3,"углерод, сера, фтор",17,0,17,85
5cu3,"углерод, сера, хлор",17,0,17,85
5cu3,"углерод, сера, галогены",17,0,17,85
5cu3,любой тяжёлый атом,17,1,17,85
6l23,любой углерод,10,0,11,85
6l23,углерод и сера,11,0,11,85
6l23,углерод и галогены,10,0,11,85
6l23,"углерод, сера, фтор",11,0,11,85
6l23,"углерод, сера, хлор",11,0,11,85
6l23,"углерод, сера, галогены",11,0,11,85
6l23,любой тяжёлый атом,11,6,11,85
5cvh,любой углерод,8,0,8,85
5cvh,углерод и сера,8,0,8,85
5cvh,углерод и галогены,8,0,8,85
5cvh,"углерод, сера, фтор",8,0,8,85
5cvh,"углерод, сера, хлор",8,0,8,85
5cvh,"углерод, сера, галогены",8,0,8,85
5cvh,любой тяжёлый атом,8,12,8,85
5cu4,любой углерод,16,0,16,85
5cu4,углерод и сера,16,0,16,85
5cu4,углерод и галогены,16,0,16,85
5cu4,"углерод, сера, фтор",16,0,16,85
5cu4,"углерод, сера, хлор",16,0,16,85
5cu4,"углерод, сера, галогены",16,0,16,85
5cu4,любой тяжёлый атом,16,0,16,85
7zyo,любой углерод,8,0,8,85
7zyo,углерод и сера,8,0,8,85
7zyo,углерод и галогены,8,0,8,85
7zyo,"углерод, сера, фтор",8,0,8,85
7zyo,"углерод, сера, хлор",8,0,8,85
7zyo,"углерод, сера, галогены",8,0,8,85
7zyo,любой тяжёлый атом,8,10,8,85
8pvp,любой углерод,12,0,12,85
8pvp,углерод и сера,12,0,12,85
8pvp,углерод и галогены,12,0,12,85
8pvp,"углерод, сера, фтор",12,0,12,85
8pvp,"углерод, сера, хлор",12,0,12,85
8pvp,"углерод, сера, галогены",12,0,12,85
8pvp,любой тяжёлый атом,12,4,12,85
7z39,любой углерод,13,0,13,85
7z39,углерод и сера,13,0,13,85
7z39,углерод и галогены,13,0,13,85
7z39,"углерод, сера, фтор",13,0,13,85
7z39,"углерод, сера, хлор",13,0,13,85
7z39,"углерод, сера, галогены",13,0,13,85
7z39,любой тяжёлый атом,13,4,13,85
7zyd,любой углерод,8,0,8,85
7zyd,углерод и сера,8,0,8,85
7zyd,углерод и галогены,8,0,8,85
7zyd,"углерод, сера, фтор",8,0,8,85
7zyd,"углерод, сера, хлор",8,0,8,85
7zyd,"углерод, сера, галогены",8,0,8,85
7zyd,любой тяжёлый атом,8,8,8,85
8aec,любой углерод,8,0,8,85
8aec,углерод и сера,8,0,8,85
8aec,углерод и галогены,8,0,8,85
8aec,"углерод, сера, фтор",8,0,8,85
8aec,"углерод, сера, хлор",8,0,8,85
8aec,"углерод, сера, галогены",8,0,8,85
8aec,любой тяжёлый атом,8,10,8,85
5nqc,любой углерод,7,0,9,85
5nqc,углерод и сера,7,0,9,85
5nqc,углерод и галогены,9,0,9,85
5nqc,"углерод, сера, фтор",7,0,9,85
5nqc,"углерод, сера, хлор",9,0,9,85
5nqc,"углерод, сера, галогены",9,0,9,85
5nqc,любой тяжёлый атом,9,1,9,85
5nqc,любой углерод,7,0,9,85
5nqc,углерод и сера,7,0,9,85
5nqc,углерод и галогены,9,0,9,85
5nqc,"углерод, сера, фтор",7,0,9,85
5nqc,"углерод, сера, хлор",9,0,9,85
5nqc,"углерод, сера, галогены",9,0,9,85
5nqc,любой тяжёлый атом,9,1,9,85
6yzh,любой углерод,8,0,8,85
6yzh,углерод и сера,8,0,8,85
6yzh,углерод и галогены,8,0,8,85
6yzh,"углерод, сера, фтор",8,0,8,85
6yzh,"углерод, сера, хлор",8,0,8,85
6yzh,"углерод, сера, галогены",8,0,8,85
6yzh,любой тяжёлый атом,8,9,8,85
6q4q,любой углерод,8,0,8,85
6q4q,углерод и сера,8,0,8,85
6q4q,углерод и галогены,8,0,8,85
6q4q,"углерод, сера, фтор",8,0,8,85
6q4q,"углерод, сера, хлор",8,0,8,85
6q4q,"углерод, сера, галогены",8,0,8,85
6q4q,любой тяжёлый атом,8,1,8,85
6yzh,любой углерод,8,0,8,85
6yzh,углерод и сера,8,0,8,85
6yzh,углерод и галогены,8,0,8,85
6yzh,"углерод, сера, фтор",8,0,8,85
6yzh,"углерод, сера, хлор",8,0,8,85
6yzh,"углерод, сера, галогены",8,0,8,85
6yzh,любой тяжёлый атом,8,9,8,85
8qcg,любой углерод,8,0,8,85
8qcg,углерод и сера,8,0,8,85
8qcg,углерод и галогены,8,0,8,85
8qcg,"углерод, сера, фтор",8,0,8,85
8qcg,"углерод, сера, хлор",8,0,8,85
8qcg,"углерод, сера, галогены",8,0,8,85
8qcg,любой тяжёлый атом,8,11,8,85
8qcg,любой углерод,8,0,8,85
8qcg,углерод и сера,8,0,8,85
8qcg,углерод и галогены,8,0,8,85
8qcg,"углерод, сера, фтор",8,0,8,85
8qcg,"углерод, сера, хлор",8,0,8,85
8qcg,"углерод, сера, галогены",8,0,8,85
8qcg,любой тяжёлый атом,8,11,8,85
3ofm,любой углерод,8,0,12,85
3ofm,углерод и сера,8,0,12,85
3ofm,углерод и галогены,12,0,12,85
3ofm,"углерод, сера, фтор",8,0,12,85
3ofm,"углерод, сера, хлор",8,0,12,85
3ofm,"углерод, сера, галогены",12,0,12,85
3ofm,любой тяжёлый атом,12,0,12,85
6tew,любой углерод,12,0,12,85
6tew,углерод и сера,12,0,12,85
6tew,углерод и галогены,12,0,12,85
6tew,"углерод, сера, фтор",12,0,12,85
6tew,"углерод, сера, хлор",12,0,12,85
6tew,"углерод, сера, галогены",12,0,12,85
6tew,любой тяжёлый атом,12,3,12,85
5yf9,любой углерод,9,0,9,85
5yf9,углерод и сера,9,0,9,85
5yf9,углерод и галогены,9,0,9,85
5yf9,"углерод, сера, фтор",9,0,9,85
5yf9,"углерод, сера, хлор",9,0,9,85
5yf9,"углерод, сера, галогены",9,0,9,85
5yf9,любой тяжёлый атом,9,1,9,85
5yf9,любой углерод,7,0,8,85
5yf9,углерод и сера,8,0,8,85
5yf9,углерод и галогены,7,0,8,85
5yf9,"углерод, сера, фтор",8,0,8,85
5yf9,"углерод, сера, хлор",8,0,8,85
5yf9,"углерод, сера, галогены",8,0,8,85
5yf9,любой тяжёлый атом,8,1,8,85
5yf9,любой углерод,7,0,8,85
5yf9,углерод и сера,8,0,8,85
5yf9,углерод и галогены,7,0,8,85
5yf9,"углерод, сера, фтор",8,0,8,85
5yf9,"углерод, сера, хлор",8,0,8,85
5yf9,"углерод, сера, галогены",8,0,8,85
5yf9,любой тяжёлый атом,8,1,8,85
5yf9,любой углерод,8,0,9,85
5yf9,углерод и сера,9,0,9,85
5yf9,углерод и галогены,8,0,9,85
5yf9,"углерод, сера, фтор",9,0,9,85
5yf9,"углерод, сера, хлор",9,0,9,85
5yf9,"углерод, сера, галогены",9,0,9,85
5yf9,любой тяжёлый атом,9,1,9,85
6te2,любой углерод,12,0,13,85
6te2,углерод и сера,13,0,13,85
6te2,углерод и галогены,12,0,13,85
6te2,"углерод, сера, фтор",13,0,13,85
6te2,"углерод, сера, хлор",13,0,13,85
6te2,"углерод, сера, галогены",13,0,13,85
6te2,любой тяжёлый атом,13,1,13,85
6tgu,любой углерод,12,0,13,85
6tgu,углерод и сера,13,0,13,85
6tgu,углерод и галогены,12,0,13,85
6tgu,"углерод, сера, фтор",13,0,13,85
6tgu,"углерод, сера, хлор",13,0,13,85
6tgu,"углерод, сера, галогены",13,0,13,85
6tgu,любой тяжёлый атом,13,2,13,85
6te2,любой углерод,12,0,13,85
6te2,углерод и сера,13,0,13,85
6te2,углерод и галогены,12,0,13,85
6te2,"углерод, сера, фтор",13,0,13,85
6te2,"углерод, сера, хлор",13,0,13,85
6te2,"углерод, сера, галогены",13,0,13,85
6te2,любой тяжёлый атом,13,1,13,85
6tew,любой углерод,12,0,12,85
6tew,углерод и сера,12,0,12,85
6tew,углерод и галогены,12,0,12,85
6tew,"углерод, сера, фтор",12,0,12,85
6tew,"углерод, сера, хлор",12,0,12,85
6tew,"углерод, сера, галогены",12,0,12,85
6tew,любой тяжёлый атом,12,3,12,85
6tgu,любой углерод,12,0,12,85
6tgu,углерод и сера,12,0,12,85
6tgu,углерод и галогены,12,0,12,85
6tgu,"углерод, сера, фтор",12,0,12,85
6tgu,"углерод, сера, хлор",12,0,12,85
6tgu,"углерод, сера, галогены",12,0,12,85
6tgu,любой тяжёлый атом,12,3,12,85
3ofm,любой углерод,8,0,12,85
3ofm,углерод и сера,8,0,12,85
3ofm,углерод и галогены,12,0,12,85
3ofm,"углерод, сера, фтор",8,0,12,85
3ofm,"углерод, сера, хлор",8,0,12,85
3ofm,"углерод, сера, галогены",12,0,12,85
3ofm,любой тяжёлый атом,12,0,12,85
5m56,любой углерод,13,0,14,85
5m56,углерод и сера,13,0,14,85
5m56,углерод и галогены,14,0,14,85
5m56,"углерод, сера, фтор",13,0,14,85
5m56,"углерод, сера, хлор",14,0,14,85
5m56,"углерод, сера, галогены",14,0,14,85
5m56,любой тяжёлый атом,14,3,14,85
7atv,любой углерод,13,0,17,85
7atv,углерод и сера,13,0,17,85
7atv,углерод и галогены,17,0,17,85
7atv,"углерод, сера, фтор",13,0,17,85
7atv,"углерод, сера, хлор",13,0,17,85
7atv,"углерод, сера, галогены",17,0,17,85
7atv,любой тяжёлый атом,17,0,17,85
5y9m,любой углерод,10,0,10,85
5y9m,углерод и сера,10,0,10,85
5y9m,углерод и галогены,10,0,10,85
5y9m,"углерод, сера, фтор",10,0,10,85
5y9m,"углерод, сера, хлор",10,0,10,85
5y9m,"углерод, сера, галогены",10,0,10,85
5y9m,любой тяжёлый атом,10,1,10,85
8qbu,любой углерод,13,0,14,85
8qbu,углерод и сера,13,0,14,85
8qbu,углерод и галогены,14,0,14,85
8qbu,"углерод, сера, фтор",13,0,14,85
8qbu,"углерод, сера, хлор",14,0,14,85
8qbu,"углерод, сера, галогены",14,0,14,85
8qbu,любой тяжёлый атом,14,2,14,85
7at9,любой углерод,6,0,7,85
7at9,углерод и сера,6,0,7,85
7at9,углерод и галогены,7,0,7,85
7at9,"углерод, сера, фтор",6,0,7,85
7at9,"углерод, сера, хлор",7,0,7,85
7at9,"углерод, сера, галогены",7,0,7,85
7at9,любой тяжёлый атом,7,0,7,85
8qcg,любой углерод,8,0,8,85
8qcg,углерод и сера,8,0,8,85
8qcg,углерод и галогены,8,0,8,85
8qcg,"углерод, сера, фтор",8,0,8,85
8qcg,"углерод, сера, хлор",8,0,8,85
8qcg,"углерод, сера, галогены",8,0,8,85
8qcg,любой тяжёлый атом,8,11,8,85
7at9,любой углерод,5,0,9,85
7at9,углерод и сера,5,0,9,85
7at9,углерод и галогены,9,0,9,85
7at9,"углерод, сера, фтор",5,0,9,85
7at9,"углерод, сера, хлор",5,0,9,85
7at9,"углерод, сера, галогены",9,0,9,85
7at9,любой тяжёлый атом,9,2,9,85
7xyh,любой углерод,7,0,7,85
7xyh,углерод и сера,7,0,7,85
7xyh,углерод и галогены,7,0,7,85
7xyh,"углерод, сера, фтор",7,0,7,85
7xyh,"углерод, сера, хлор",7,0,7,85
7xyh,"углерод, сера, галогены",7,0,7,85
7xyh,любой тяжёлый атом,7,5,7,85
7atv,любой углерод,13,0,17,85
7atv,углерод и сера,13,0,17,85
7atv,углерод и галогены,17,0,17,85
7atv,"углерод, сера, фтор",13,0,17,85
7atv,"углерод, сера, хлор",13,0,17,85
7atv,"углерод, сера, галогены",17,0,17,85
7atv,любой тяжёлый атом,17,0,17,85
5ywm,любой углерод,7,0,7,85
5ywm,углерод и сера,7,0,7,85
5ywm,углерод и галогены,7,0,7,85
5ywm,"углерод, сера, фтор",7,0,7,85
5ywm,"углерод, сера, хлор",7,0,7,85
5ywm,"углерод, сера, галогены",7,0,7,85
5ywm,любой тяжёлый атом,7,1,7,85
5y9m,любой углерод,9,0,9,85
5y9m,углерод и сера,9,0,9,85
5y9m,углерод и галогены,9,0,9,85
5y9m,"углерод, сера, фтор",9,0,9,85
5y9m,"углерод, сера, хлор",9,0,9,85
5y9m,"углерод, сера, галогены",9,0,9,85
5y9m,любой тяжёлый атом,9,0,9,85
8q9s,любой углерод,17,0,17,85
8q9s,углерод и сера,17,0,17,85
8q9s,углерод и галогены,17,0,17,85
8q9s,"углерод, сера, фтор",17,0,17,85
8q9s,"углерод, сера, хлор",17,0,17,85
8q9s,"углерод, сера, галогены",17,0,17,85
8q9s,любой тяжёлый атом,17,1,17,85
6hmq,любой углерод,6,0,11,85
6hmq,углерод и сера,6,0,11,85
6hmq,углерод и галогены,11,0,11,85
6hmq,"углерод, сера, фтор",6,0,11,85
6hmq,"углерод, сера, хлор",6,0,11,85
6hmq,"углерод, сера, галогены",11,0,11,85
6hmq,любой тяжёлый атом,11,0,11,85
6hmd,любой углерод,14,0,14,85
6hmd,углерод и сера,14,0,14,85
6hmd,углерод и галогены,14,0,14,85
6hmd,"углерод, сера, фтор",14,0,14,85
6hmd,"углерод, сера, хлор",14,0,14,85
6hmd,"углерод, сера, галогены",14,0,14,85
6hmd,любой тяжёлый атом,14,1,14,85
6hmc,любой углерод,14,0,14,85
6hmc,углерод и сера,14,0,14,85
6hmc,углерод и галогены,14,0,14,85
6hmc,"углерод, сера, фтор",14,0,14,85
6hmc,"углерод, сера, хлор",14,0,14,85
6hmc,"углерод, сера, галогены",14,0,14,85
6hmc,любой тяжёлый атом,14,2,14,85
6hmb,любой углерод,13,0,14,85
6hmb,углерод и сера,13,0,14,85
6hmb,углерод и галогены,14,0,14,85
6hmb,"углерод, сера, фтор",13,0,14,85
6hmb,"углерод, сера, хлор",14,0,14,85
6hmb,"углерод, сера, галогены",14,0,14,85
6hmb,любой тяжёлый атом,14,2,14,85
6hmb,любой углерод,13,0,14,85
6hmb,углерод и сера,13,0,14,85
6hmb,углерод и галогены,14,0,14,85
6hmb,"углерод, сера, фтор",13,0,14,85
6hmb,"углерод, сера, хлор",14,0,14,85
6hmb,"углерод, сера, галогены",14,0,14,85
6hmb,любой тяжёлый атом,14,2,14,85
6hmq,любой углерод,6,0,11,85
6hmq,углерод и сера,6,0,11,85
6hmq,углерод и галогены,11,0,11,85
6hmq,"углерод, сера, фтор",6,0,11,85
6hmq,"углерод, сера, хлор",6,0,11,85
6hmq,"углерод, сера, галогены",11,0,11,85
6hmq,любой тяжёлый атом,11,0,11,85
7at9,любой углерод,8,0,12,85
7at9,углерод и сера,8,0,12,85
7at9,углерод и галогены,12,0,12,85
7at9,"углерод, сера, фтор",8,0,12,85
7at9,"углерод, сера, хлор",8,0,12,85
7at9,"углерод, сера, галогены",12,0,12,85
7at9,любой тяжёлый атом,12,0,12,85
6qy9,любой углерод,18,0,18,85
6qy9,углерод и сера,18,0,18,85
6qy9,углерод и галогены,18,0,18,85
6qy9,"углерод, сера, фтор",18,0,18,85
6qy9,"углерод, сера, хлор",18,0,18,85
6qy9,"углерод, сера, галогены",18,0,18,85
6qy9,любой тяжёлый атом,18,2,18,85
6qy9,любой углерод,18,0,18,85
6qy9,углерод и сера,18,0,18,85
6qy9,углерод и галогены,18,0,18,85
6qy9,"углерод, сера, фтор",18,0,18,85
6qy9,"углерод, сера, хлор",18,0,18,85
6qy9,"углерод, сера, галогены",18,0,18,85
6qy9,любой тяжёлый атом,18,2,18,85
5m4u,любой углерод,12,0,13,85
5m4u,углерод и сера,13,0,13,85
5m4u,углерод и галогены,13,0,13,85
5m4u,"углерод, сера, фтор",13,0,13,85
5m4u,"углерод, сера, хлор",13,0,13,85
5m4u,"углерод, сера, галогены",13,0,13,85
5m4u,любой тяжёлый атом,13,4,13,85
7a1b,любой углерод,6,0,8,85
7a1b,углерод и сера,6,0,8,85
7a1b,углерод и галогены,8,0,8,85
7a1b,"углерод, сера, фтор",6,0,8,85
7a1b,"углерод, сера, хлор",6,0,8,85
7a1b,"углерод, сера, галогены",8,0,8,85
7a1b,любой тяжёлый атом,8,2,8,85
7a1z,любой углерод,6,0,8,85
7a1z,углерод и сера,7,0,8,85
7a1z,углерод и галогены,8,0,8,85
7a1z,"углерод, сера, фтор",7,0,8,85
7a1z,"углерод, сера, хлор",8,0,8,85
7a1z,"углерод, сера, галогены",8,0,8,85
7a1z,любой тяжёлый атом,8,2,8,85
7a2h,любой углерод,5,0,10,85
7a2h,углерод и сера,5,0,10,85
7a2h,углерод и галогены,10,0,10,85
7a2h,"углерод, сера, фтор",5,0,10,85
7a2h,"углерод, сера, хлор",5,0,10,85
7a2h,"углерод, сера, галогены",10,0,10,85
7a2h,любой тяжёлый атом,10,0,10,85
7a1z,любой углерод,6,0,7,85
7a1z,углерод и сера,6,0,7,85
7a1z,углерод и галогены,7,0,7,85
7a1z,"углерод, сера, фтор",6,0,7,85
7a1z,"углерод, сера, хлор",7,0,7,85
7a1z,"углерод, сера, галогены",7,0,7,85
7a1z,любой тяжёлый атом,7,2,7,85
7a22,любой углерод,5,0,10,85
7a22,углерод и сера,5,0,10,85
7a22,углерод и галогены,10,0,10,85
7a22,"углерод, сера, фтор",5,0,10,85
7a22,"углерод, сера, хлор",5,0,10,85
7a22,"углерод, сера, галогены",10,0,10,85
7a22,любой тяжёлый атом,10,2,10,85
7a1b,любой углерод,6,0,8,85
7a1b,углерод и сера,7,0,8,85
7a1b,углерод и галогены,8,0,8,85
7a1b,"углерод, сера, фтор",7,0,8,85
7a1b,"углерод, сера, хлор",7,0,8,85
7a1b,"углерод, сера, галогены",8,0,8,85
7a1b,любой тяжёлый атом,8,2,8,85
6qy8,любой углерод,12,0,12,85
6qy8,углерод и сера,12,0,12,85
6qy8,углерод и галогены,12,0,12,85
6qy8,"углерод, сера, фтор",12,0,12,85
6qy8,"углерод, сера, хлор",12,0,12,85
6qy8,"углерод, сера, галогены",12,0,12,85
6qy8,любой тяжёлый атом,12,4,12,85
6qy8,любой углерод,12,0,12,85
6qy8,углерод и сера,12,0,12,85
6qy8,углерод и галогены,12,0,12,85
6qy8,"углерод, сера, фтор",12,0,12,85
6qy8,"углерод, сера, хлор",12,0,12,85
6qy8,"углерод, сера, галогены",12,0,12,85
6qy8,любой тяжёлый атом,12,4,12,85
6qy8,любой углерод,12,0,12,85
6qy8,углерод и сера,12,0,12,85
6qy8,углерод и галогены,12,0,12,85
6qy8,"углерод, сера, фтор",12,0,12,85
6qy8,"углерод, сера, хлор",12,0,12,85
6qy8,"углерод, сера, галогены",12,0,12,85
6qy8,любой тяжёлый атом,12,5,12,85
6qy8,любой углерод,12,0,12,85
6qy8,углерод и сера,12,0,12,85
6qy8,углерод и галогены,12,0,12,85
6qy8,"углерод, сера, фтор",12,0,12,85
6qy8,"углерод, сера, хлор",12,0,12,85
6qy8,"углерод, сера, галогены",12,0,12,85
6qy8,любой тяжёлый атом,12,5,12,85
6qy8,любой углерод,12,0,12,85
6qy8,углерод и сера,12,0,12,85
6qy8,углерод и галогены,12,0,12,85
6qy8,"углерод, сера, фтор",12,0,12,85
6qy8,"углерод, сера, хлор",12,0,12,85
6qy8,"углерод, сера, галогены",12,0,12,85
6qy8,любой тяжёлый атом,12,4,12,85
6qy8,любой углерод,12,0,12,85
6qy8,углерод и сера,12,0,12,85
6qy8,углерод и галогены,12,0,12,85
6qy8,"углерод, сера, фтор",12,0,12,85
6qy8,"углерод, сера, хлор",12,0,12,85
6qy8,"углерод, сера, галогены",12,0,12,85
6qy8,любой тяжёлый атом,12,5,12,85
6qy8,любой углерод,12,0,12,85
6qy8,углерод и сера,12,0,12,85
6qy8,углерод и галогены,12,0,12,85
6qy8,"углерод, сера, фтор",12,0,12,85
6qy8,"углерод, сера, хлор",12,0,12,85
6qy8,"углерод, сера, галогены",12,0,12,85
6qy8,любой тяжёлый атом,12,5,12,85
6qy8,любой углерод,12,0,12,85
6qy8,углерод и сера,12,0,12,85
6qy8,углерод и галогены,12,0,12,85
6qy8,"углерод, сера, фтор",12,0,12,85
6qy8,"углерод, сера, хлор",12,0,12,85
6qy8,"углерод, сера, галогены",12,0,12,85
6qy8,любой тяжёлый атом,12,4,12,85
7a22,любой углерод,5,0,9,85
7a22,углерод и сера,5,0,9,85
7a22,углерод и галогены,9,0,9,85
7a22,"углерод, сера, фтор",5,0,9,85
7a22,"углерод, сера, хлор",5,0,9,85
7a22,"углерод, сера, галогены",9,0,9,85
7a22,любой тяжёлый атом,9,1,9,85
7a2h,любой углерод,5,0,10,85
7a2h,углерод и сера,5,0,10,85
7a2h,углерод и галогены,10,0,10,85
7a2h,"углерод, сера, фтор",5,0,10,85
7a2h,"углерод, сера, хлор",5,0,10,85
7a2h,"углерод, сера, галогены",10,0,10,85
7a2h,любой тяжёлый атом,10,0,10,85
5ooi,любой углерод,16,0,16,85
5ooi,углерод и сера,16,0,16,85
5ooi,углерод и галогены,16,0,16,85
5ooi,"углерод, сера, фтор",16,0,16,85
5ooi,"углерод, сера, хлор",16,0,16,85
5ooi,"углерод, сера, галогены",16,0,16,85
5ooi,любой тяжёлый атом,16,4,16,85
5ooi,любой углерод,16,0,16,85
5ooi,углерод и сера,16,0,16,85
5ooi,углерод и галогены,16,0,16,85
5ooi,"углерод, сера, фтор",16,0,16,85
5ooi,"углерод, сера, хлор",16,0,16,85
5ooi,"углерод, сера, галогены",16,0,16,85
5ooi,любой тяжёлый атом,16,4,16,85
5ooi,любой углерод,16,0,16,85
5ooi,углерод и сера,16,0,16,85
5ooi,углерод и галогены,16,0,16,85
5ooi,"углерод, сера, фтор",16,0,16,85
5ooi,"углерод, сера, хлор",16,0,16,85
5ooi,"углерод, сера, галогены",16,0,16,85
5ooi,любой тяжёлый атом,16,4,16,85
5m56,любой углерод,13,0,13,85
5m56,углерод и сера,13,0,13,85
5m56,углерод и галогены,13,0,13,85
5m56,"углерод, сера, фтор",13,0,13,85
5m56,"углерод, сера, хлор",13,0,13,85
5m56,"углерод, сера, галогены",13,0,13,85
5m56,любой тяжёлый атом,13,3,13,85
5ooi,любой углерод,16,0,16,85
5ooi,углерод и сера,16,0,16,85
5ooi,углерод и галогены,16,0,16,85
5ooi,"углерод, сера, фтор",16,0,16,85
5ooi,"углерод, сера, хлор",16,0,16,85
5ooi,"углерод, сера, галогены",16,0,16,85
5ooi,любой тяжёлый атом,16,4,16,85
8qcd,любой углерод,5,0,12,85
8qcd,углерод и сера,5,0,12,85
8qcd,углерод и галогены,12,0,12,85
8qcd,"углерод, сера, фтор",5,0,12,85
8qcd,"углерод, сера, хлор",5,0,12,85
8qcd,"углерод, сера, галогены",12,0,12,85
8qcd,любой тяжёлый атом,12,0,12,85
8q77,любой углерод,16,0,16,85
8q77,углерод и сера,16,0,16,85
8q77,углерод и галогены,16,0,16,85
8q77,"углерод, сера, фтор",16,0,16,85
8q77,"углерод, сера, хлор",16,0,16,85
8q77,"углерод, сера, галогены",16,0,16,85
8q77,любой тяжёлый атом,16,3,16,85
8qcd,любой углерод,5,0,10,85
8qcd,углерод и сера,5,0,10,85
8qcd,углерод и галогены,10,0,10,85
8qcd,"углерод, сера, фтор",5,0,10,85
8qcd,"углерод, сера, хлор",5,0,10,85
8qcd,"углерод, сера, галогены",10,0,10,85
8qcd,любой тяжёлый атом,10,0,10,85
5m4u,любой углерод,12,0,13,85
5m4u,углерод и сера,13,0,13,85
5m4u,углерод и галогены,13,0,13,85
5m4u,"углерод, сера, фтор",13,0,13,85
5m4u,"углерод, сера, хлор",13,0,13,85
5m4u,"углерод, сера, галогены",13,0,13,85
5m4u,любой тяжёлый атом,13,4,13,85
8q9s,любой углерод,17,0,17,85
8q9s,углерод и сера,17,0,17,85
8q9s,углерод и галогены,17,0,17,85
8q9s,"углерод, сера, фтор",17,0,17,85
8q9s,"углерод, сера, хлор",17,0,17,85
8q9s,"углерод, сера, галогены",17,0,17,85
8q9s,любой тяжёлый атом,17,1,17,85
8q77,любой углерод,16,0,16,85
8q77,углерод и сера,16,0,16,85
8q77,углерод и галогены,16,0,16,85
8q77,"углерод, сера, фтор",16,0,16,85
8q77,"углерод, сера, хлор",16,0,16,85
8q77,"углерод, сера, галогены",16,0,16,85
8q77,любой тяжёлый атом,16,3,16,85
8qbu,любой углерод,13,0,14,85
8qbu,углерод и сера,13,0,14,85
8qbu,углерод и галогены,14,0,14,85
8qbu,"углерод, сера, фтор",13,0,14,85
8qbu,"углерод, сера, хлор",14,0,14,85
8qbu,"углерод, сера, галогены",14,0,14,85
8qbu,любой тяжёлый атом,14,2,14,85
7o7k,любой углерод,17,0,17,85
7o7k,углерод и сера,17,0,17,85
7o7k,углерод и галогены,17,0,17,85
7o7k,"углерод, сера, фтор",17,0,17,85
7o7k,"углерод, сера, хлор",17,0,17,85
7o7k,"углерод, сера, галогены",17,0,17,85
7o7k,любой тяжёлый атом,17,4,17,85
5a4l,любой углерод,9,0,9,85
5a4l,углерод и сера,9,0,9,85
5a4l,углерод и галогены,9,0,9,85
5a4l,"углерод, сера, фтор",9,0,9,85
5a4l,"углерод, сера, хлор",9,0,9,85
5a4l,"углерод, сера, галогены",9,0,9,85
5a4l,любой тяжёлый атом,9,2,9,85
5a4l,любой углерод,11,0,12,85
5a4l,углерод и сера,11,0,12,85
5a4l,углерод и галогены,11,0,12,85
5a4l,"углерод, сера, фтор",12,0,12,85
5a4l,"углерод, сера, хлор",11,0,12,85
5a4l,"углерод, сера, галогены",12,0,12,85
5a4l,любой тяжёлый атом,12,2,12,85
7aka,любой углерод,15,0,15,85
7aka,углерод и сера,15,0,15,85
7aka,углерод и галогены,15,0,15,85
7aka,"углерод, сера, фтор",15,0,15,85
7aka,"углерод, сера, хлор",15,0,15,85
7aka,"углерод, сера, галогены",15,0,15,85
7aka,любой тяжёлый атом,15,4,15,85
7ajw,любой углерод,12,0,13,85
7ajw,углерод и сера,13,0,13,85
7ajw,углерод и галогены,12,0,13,85
7ajw,"углерод, сера, фтор",13,0,13,85
7ajw,"углерод, сера, хлор",13,0,13,85
7ajw,"углерод, сера, галогены",13,0,13,85
7ajw,любой тяжёлый атом,13,7,13,85
7o7k,любой углерод,17,0,17,85
7o7k,углерод и сера,17,0,17,85
7o7k,углерод и галогены,17,0,17,85
7o7k,"углерод, сера, фтор",17,0,17,85
7o7k,"углерод, сера, хлор",17,0,17,85
7o7k,"углерод, сера, галогены",17,0,17,85
7o7k,любой тяжёлый атом,17,4,17,85
7ajs,любой углерод,12,0,12,85
7ajs,углерод и сера,12,0,12,85
7ajs,углерод и галогены,12,0,12,85
7ajs,"углерод, сера, фтор",12,0,12,85
7ajs,"углерод, сера, хлор",12,0,12,85
7ajs,"углерод, сера, галогены",12,0,12,85
7ajs,любой тяжёлый атом,12,4,12,85
7a5l,любой углерод,14,0,15,85
7a5l,углерод и сера,15,0,15,85
7a5l,углерод и галогены,14,0,15,85
7a5l,"углерод, сера, фтор",15,0,15,85
7a5l,"углерод, сера, хлор",15,0,15,85
7a5l,"углерод, сера, галогены",15,0,15,85
7a5l,любой тяжёлый атом,15,4,15,85
7ajy,любой углерод,15,0,15,85
7ajy,углерод и сера,15,0,15,85
7ajy,углерод и галогены,15,0,15,85
7ajy,"углерод, сера, фтор",15,0,15,85
7ajy,"углерод, сера, хлор",15,0,15,85
7ajy,"углерод, сера, галогены",15,0,15,85
7ajy,любой тяжёлый атом,15,5,15,85
6qu2,любой углерод,14,0,14,85
6qu2,углерод и сера,14,0,14,85
6qu2,углерод и галогены,14,0,14,85
6qu2,"углерод, сера, фтор",14,0,14,85
6qu2,"углерод, сера, хлор",14,0,14,85
6qu2,"углерод, сера, галогены",14,0,14,85
6qu2,любой тяжёлый атом,14,2,14,85
7a52,любой углерод,10,0,10,85
7a52,углерод и сера,10,0,10,85
7a52,углерод и галогены,10,0,10,85
7a52,"углерод, сера, фтор",10,0,10,85
7a52,"углерод, сера, хлор",10,0,10,85
7a52,"углерод, сера, галогены",10,0,10,85
7a52,любой тяжёлый атом,10,4,10,85
6ln1,любой углерод,11,0,11,85
6ln1,углерод и сера,11,0,11,85
6ln1,углерод и галогены,11,0,11,85
6ln1,"углерод, сера, фтор",11,0,11,85
6ln1,"углерод, сера, хлор",11,0,11,85
6ln1,"углерод, сера, галогены",11,0,11,85
6ln1,любой тяжёлый атом,11,4,11,85
7aj4,любой углерод,10,0,12,85
7aj4,углерод и сера,10,0,12,85
7aj4,углерод и галогены,12,0,12,85
7aj4,"углерод, сера, фтор",10,0,12,85
7aj4,"углерод, сера, хлор",12,0,12,85
7aj4,"углерод, сера, галогены",12,0,12,85
7aj4,любой тяжёлый атом,12,3,12,85
6s14,любой углерод,14,0,14,85
6s14,углерод и сера,14,0,14,85
6s14,углерод и галогены,14,0,14,85
6s14,"углерод, сера, фтор",14,0,14,85
6s14,"углерод, сера, хлор",14,0,14,85
6s14,"углерод, сера, галогены",14,0,14,85
6s14,любой тяжёлый атом,14,2,14,85
6s1h,любой углерод,11,0,12,85
6s1h,углерод и сера,12,0,12,85
6s1h,углерод и галогены,11,0,12,85
6s1h,"углерод, сера, фтор",12,0,12,85
6s1h,"углерод, сера, хлор",12,0,12,85
6s1h,"углерод, сера, галогены",12,0,12,85
6s1h,любой тяжёлый атом,12,3,12,85
6s1h,любой углерод,11,0,11,85
6s1h,углерод и сера,11,0,11,85
6s1h,углерод и галогены,11,0,11,85
6s1h,"углерод, сера, фтор",11,0,11,85
6s1h,"углерод, сера, хлор",11,0,11,85
6s1h,"углерод, сера, галогены",11,0,11,85
6s1h,любой тяжёлый атом,11,4,11,85
5a4q,любой углерод,9,0,9,85
5a4q,углерод и сера,9,0,9,85
5a4q,углерод и галогены,9,0,9,85
5a4q,"углерод, сера, фтор",9,0,9,85
5a4q,"углерод, сера, хлор",9,0,9,85
5a4q,"углерод, сера, галогены",9,0,9,85
5a4q,любой тяжёлый атом,9,2,9,85
5a4l,любой углерод,8,0,8,85
5a4l,углерод и сера,8,0,8,85
5a4l,углерод и галогены,8,0,8,85
5a4l,"углерод, сера, фтор",8,0,8,85
5a4l,"углерод, сера, хлор",8,0,8,85
5a4l,"углерод, сера, галогены",8,0,8,85
5a4l,любой тяжёлый атом,8,2,8,85
8c3q,любой углерод,19,0,19,85
8c3q,углерод и сера,19,0,19,85
8c3q,углерод и галогены,19,0,19,85
8c3q,"углерод, сера, фтор",19,0,19,85
8c3q,"углерод, сера, хлор",19,0,19,85
8c3q,"углерод, сера, галогены",19,0,19,85
8c3q,любой тяжёлый атом,19,3,19,85
6s14,любой углерод,14,0,14,85
6s14,углерод и сера,14,0,14,85
6s14,углерод и галогены,14,0,14,85
6s14,"углерод, сера, фтор",14,0,14,85
6s14,"углерод, сера, хлор",14,0,14,85
6s14,"углерод, сера, галогены",14,0,14,85
6s14,любой тяжёлый атом,14,2,14,85
5a4t,любой углерод,9,0,9,85
5a4t,углерод и сера,9,0,9,85
5a4t,углерод и галогены,9,0,9,85
5a4t,"углерод, сера, фтор",9,0,9,85
5a4t,"углерод, сера, хлор",9,0,9,85
5a4t,"углерод, сера, галогены",9,0,9,85
5a4t,любой тяжёлый атом,9,3,9,85
5a4e,любой углерод,11,0,11,85
5a4e,углерод и сера,11,0,11,85
5a4e,углерод и галогены,11,0,11,85
5a4e,"углерод, сера, фтор",11,0,11,85
5a4e,"углерод, сера, хлор",11,0,11,85
5a4e,"углерод, сера, галогены",11,0,11,85
5a4e,любой тяжёлый атом,11,3,11,85
6s1i,любой углерод,14,0,14,85
6s1i,углерод и сера,14,0,14,85
6s1i,углерод и галогены,14,0,14,85
6s1i,"углерод, сера, фтор",14,0,14,85
6s1i,"углерод, сера, хлор",14,0,14,85
6s1i,"углерод, сера, галогены",14,0,14,85
6s1i,любой тяжёлый атом,14,3,14,85
6s11,любой углерод,13,0,15,85
6s11,углерод и сера,14,0,15,85
6s11,углерод и галогены,13,0,15,85
6s11,"углерод, сера, фтор",15,0,15,85
6s11,"углерод, сера, хлор",14,0,15,85
6s11,"углерод, сера, галогены",15,0,15,85
6s11,любой тяжёлый атом,15,3,15,85
6s1b,любой углерод,13,0,13,85
6s1b,углерод и сера,13,0,13,85
6s1b,углерод и галогены,13,0,13,85
6s1b,"углерод, сера, фтор",13,0,13,85
6s1b,"углерод, сера, хлор",13,0,13,85
6s1b,"углерод, сера, галогены",13,0,13,85
6s1b,любой тяжёлый атом,13,0,13,85
6s1i,любой углерод,15,0,15,85
6s1i,углерод и сера,15,0,15,85
6s1i,углерод и галогены,15,0,15,85
6s1i,"углерод, сера, фтор",15,0,15,85
6s1i,"углерод, сера, хлор",15,0,15,85
6s1i,"углерод, сера, галогены",15,0,15,85
6s1i,любой тяжёлый атом,15,1,15,85
6s17,любой углерод,13,0,13,85
6s17,углерод и сера,13,0,13,85
6s17,углерод и галогены,13,0,13,85
6s17,"углерод, сера, фтор",13,0,13,85
6s17,"углерод, сера, хлор",13,0,13,85
6s17,"углерод, сера, галогены",13,0,13,85
6s17,любой тяжёлый атом,13,2,13,85
6s1i,любой углерод,15,0,15,85
6s1i,углерод и сера,15,0,15,85
6s1i,углерод и галогены,15,0,15,85
6s1i,"углерод, сера, фтор",15,0,15,85
6s1i,"углерод, сера, хлор",15,0,15,85
6s1i,"углерод, сера, галогены",15,0,15,85
6s1i,любой тяжёлый атом,15,2,15,85
6s11,любой углерод,13,0,15,85
6s11,углерод и сера,14,0,15,85
6s11,углерод и галогены,13,0,15,85
6s11,"углерод, сера, фтор",15,0,15,85
6s11,"углерод, сера, хлор",14,0,15,85
6s11,"углерод, сера, галогены",15,0,15,85
6s11,любой тяжёлый атом,15,3,15,85
6s1i,любой углерод,15,0,15,85
6s1i,углерод и сера,15,0,15,85
6s1i,углерод и галогены,15,0,15,85
6s1i,"углерод, сера, фтор",15,0,15,85
6s1i,"углерод, сера, хлор",15,0,15,85
6s1i,"углерод, сера, галогены",15,0,15,85
6s1i,любой тяжёлый атом,15,1,15,85
6s1i,любой углерод,15,0,15,85
6s1i,углерод и сера,15,0,15,85
6s1i,углерод и галогены,15,0,15,85
6s1i,"углерод, сера, фтор",15,0,15,85
6s1i,"углерод, сера, хлор",15,0,15,85
6s1i,"углерод, сера, галогены",15,0,15,85
6s1i,любой тяжёлый атом,15,1,15,85
6s17,любой углерод,13,0,13,85
6s17,углерод и сера,13,0,13,85
6s17,углерод и галогены,13,0,13,85
6s17,"углерод, сера, фтор",13,0,13,85
6s17,"углерод, сера, хлор",13,0,13,85
6s17,"углерод, сера, галогены",13,0,13,85
6s17,любой тяжёлый атом,13,2,13,85
6s1i,любой углерод,15,0,15,85
6s1i,углерод и сера,15,0,15,85
6s1i,углерод и галогены,15,0,15,85
6s1i,"углерод, сера, фтор",15,0,15,85
6s1i,"углерод, сера, хлор",15,0,15,85
6s1i,"углерод, сера, галогены",15,0,15,85
6s1i,любой тяжёлый атом,15,1,15,85
6s1i,любой углерод,15,0,15,85
6s1i,углерод и сера,15,0,15,85
6s1i,углерод и галогены,15,0,15,85
6s1i,"углерод, сера, фтор",15,0,15,85
6s1i,"углерод, сера, хлор",15,0,15,85
6s1i,"углерод, сера, галогены",15,0,15,85
6s1i,любой тяжёлый атом,15,2,15,85
6s1j,любой углерод,14,0,14,85
6s1j,углерод и сера,14,0,14,85
6s1j,углерод и галогены,14,0,14,85
6s1j,"углерод, сера, фтор",14,0,14,85
6s1j,"углерод, сера, хлор",14,0,14,85
6s1j,"углерод, сера, галогены",14,0,14,85
6s1j,любой тяжёлый атом,14,2,14,85
6s11,любой углерод,15,0,15,85
6s11,углерод и сера,15,0,15,85
6s11,углерод и галогены,15,0,15,85
6s11,"углерод, сера, фтор",15,0,15,85
6s11,"углерод, сера, хлор",15,0,15,85
6s11,"углерод, сера, галогены",15,0,15,85
6s11,любой тяжёлый атом,15,4,15,85
6s1i,любой углерод,14,0,14,85
6s1i,углерод и сера,14,0,14,85
6s1i,углерод и галогены,14,0,14,85
6s1i,"углерод, сера, фтор",14,0,14,85
6s1i,"углерод, сера, хлор",14,0,14,85
6s1i,"углерод, сера, галогены",14,0,14,85
6s1i,любой тяжёлый атом,14,3,14,85
6s11,любой углерод,15,0,15,85
6s11,углерод и сера,15,0,15,85
6s11,углерод и галогены,15,0,15,85
6s11,"углерод, сера, фтор",15,0,15,85
6s11,"углерод, сера, хлор",15,0,15,85
6s11,"углерод, сера, галогены",15,0,15,85
6s11,любой тяжёлый атом,15,4,15,85
6s1j,любой углерод,14,0,14,85
6s1j,углерод и сера,14,0,14,85
6s1j,углерод и галогены,14,0,14,85
6s1j,"углерод, сера, фтор",14,0,14,85
6s1j,"углерод, сера, хлор",14,0,14,85
6s1j,"углерод, сера, галогены",14,0,14,85
6s1j,любой тяжёлый атом,14,2,14,85
6s1b,любой углерод,13,0,13,85
6s1b,углерод и сера,13,0,13,85
6s1b,углерод и галогены,13,0,13,85
6s1b,"углерод, сера, фтор",13,0,13,85
6s1b,"углерод, сера, хлор",13,0,13,85
6s1b,"углерод, сера, галогены",13,0,13,85
6s1b,любой тяжёлый атом,13,0,13,85
5a4e,любой углерод,10,0,11,85
5a4e,углерод и сера,11,0,11,85
5a4e,углерод и галогены,10,0,11,85
5a4e,"углерод, сера, фтор",11,0,11,85
5a4e,"углерод, сера, хлор",11,0,11,85
5a4e,"углерод, сера, галогены",11,0,11,85
5a4e,любой тяжёлый атом,11,3,11,85
5a4e,любой углерод,10,0,11,85
5a4e,углерод и сера,11,0,11,85
5a4e,углерод и галогены,10,0,11,85
5a4e,"углерод, сера, фтор",11,0,11,85
5a4e,"углерод, сера, хлор",11,0,11,85
5a4e,"углерод, сера, галогены",11,0,11,85
5a4e,любой тяжёлый атом,11,3,11,85
5a4e,любой углерод,11,0,11,85
5a4e,углерод и сера,11,0,11,85
5a4e,углерод и галогены,11,0,11,85
5a4e,"углерод, сера, фтор",11,0,11,85
5a4e,"углерод, сера, хлор",11,0,11,85
5a4e,"углерод, сера, галогены",11,0,11,85
5a4e,любой тяжёлый атом,11,2,11,85
5a3x,любой углерод,10,0,10,85
5a3x,углерод и сера,10,0,10,85
5a3x,углерод и галогены,10,0,10,85
5a3x,"углерод, сера, фтор",10,0,10,85
5a3x,"углерод, сера, хлор",10,0,10,85
5a3x,"углерод, сера, галогены",10,0,10,85
5a3x,любой тяжёлый атом,10,3,10,85
5a3x,любой углерод,10,0,10,85
5a3x,углерод и сера,10,0,10,85
5a3x,углерод и галогены,10,0,10,85
5a3x,"углерод, сера, фтор",10,0,10,85
5a3x,"углерод, сера, хлор",10,0,10,85
5a3x,"углерод, сера, галогены",10,0,10,85
5a3x,любой тяжёлый атом,10,4,10,85
5a4t,любой углерод,10,0,10,85
5a4t,углерод и сера,10,0,10,85
5a4t,углерод и галогены,10,0,10,85
5a4t,"углерод, сера, фтор",10,0,10,85
5a4t,"углерод, сера, хлор",10,0,10,85
5a4t,"углерод, сера, галогены",10,0,10,85
5a4t,любой тяжёлый атом,10,3,10,85
5a3x,любой углерод,11,0,11,85
5a3x,углерод и сера,11,0,11,85
5a3x,углерод и галогены,11,0,11,85
5a3x,"углерод, сера, фтор",11,0,11,85
5a3x,"углерод, сера, хлор",11,0,11,85
5a3x,"углерод, сера, галогены",11,0,11,85
5a3x,любой тяжёлый атом,11,3,11,85
5a4l,любой углерод,11,0,11,85
5a4l,углерод и сера,11,0,11,85
5a4l,углерод и галогены,11,0,11,85
5a4l,"углерод, сера, фтор",11,0,11,85
5a4l,"углерод, сера, хлор",11,0,11,85
5a4l,"углерод, сера, галогены",11,0,11,85
5a4l,любой тяжёлый атом,11,2,11,85
8c3r,любой углерод,13,0,13,85
8c3r,углерод и сера,13,0,13,85
8c3r,углерод и галогены,13,0,13,85
8c3r,"углерод, сера, фтор",13,0,13,85
8c3r,"углерод, сера, хлор",13,0,13,85
8c3r,"углерод, сера, галогены",13,0,13,85
8c3r,любой тяжёлый атом,13,7,13,85
8c3r,любой углерод,13,0,13,85
8c3r,углерод и сера,13,0,13,85
8c3r,углерод и галогены,13,0,13,85
8c3r,"углерод, сера, фтор",13,0,13,85
8c3r,"углерод, сера, хлор",13,0,13,85
8c3r,"углерод, сера, галогены",13,0,13,85
8c3r,любой тяжёлый атом,13,7,13,85
5a4l,любой углерод,9,0,10,85
5a4l,углерод и сера,9,0,10,85
5a4l,углерод и галогены,9,0,10,85
5a4l,"углерод, сера, фтор",10,0,10,85
5a4l,"углерод, сера, хлор",9,0,10,85
5a4l,"углерод, сера, галогены",10,0,10,85
5a4l,любой тяжёлый атом,10,2,10,85
6eij,любой углерод,12,0,13,85
6eij,углерод и сера,13,0,13,85
6eij,углерод и галогены,12,0,13,85
6eij,"углерод, сера, фтор",13,0,13,85
6eij,"углерод, сера, хлор",13,0,13,85
6eij,"углерод, сера, галогены",13,0,13,85
6eij,любой тяжёлый атом,13,7,13,85
7a53,любой углерод,11,0,11,85
7a53,углерод и сера,11,0,11,85
7a53,углерод и галогены,11,0,11,85
7a53,"углерод, сера, фтор",11,0,11,85
7a53,"углерод, сера, хлор",11,0,11,85
7a53,"углерод, сера, галогены",11,0,11,85
7a53,любой тяжёлый атом,11,2,11,85
6eip,любой углерод,13,0,13,85
6eip,углерод и сера,13,0,13,85
6eip,углерод и галогены,13,0,13,85
6eip,"углерод, сера, фтор",13,0,13,85
6eip,"углерод, сера, хлор",13,0,13,85
6eip,"углерод, сера, галогены",13,0,13,85
6eip,любой тяжёлый атом,13,4,13,85
8c3g,любой углерод,16,0,16,85
8c3g,углерод и сера,16,0,16,85
8c3g,углерод и галогены,16,0,16,85
8c3g,"углерод, сера, фтор",16,0,16,85
8c3g,"углерод, сера, хлор",16,0,16,85
8c3g,"углерод, сера, галогены",16,0,16,85
8c3g,любой тяжёлый атом,16,3,16,85
7a5n,любой углерод,15,0,16,85
7a5n,углерод и сера,16,0,16,85
7a5n,углерод и галогены,15,0,16,85
7a5n,"углерод, сера, фтор",16,0,16,85
7a5n,"углерод, сера, хлор",16,0,16,85
7a5n,"углерод, сера, галогены",16,0,16,85
7a5n,любой тяжёлый атом,16,3,16,85
7zh8,любой углерод,6,0,8,85
7zh8,углерод и сера,6,0,8,85
7zh8,углерод и галогены,8,0,8,85
7zh8,"углерод, сера, фтор",6,0,8,85
7zh8,"углерод, сера, хлор",6,0,8,85
7zh8,"углерод, сера, галогены",8,0,8,85
7zh8,любой тяжёлый атом,8,4,8,85
5a3x,любой углерод,11,0,11,85
5a3x,углерод и сера,11,0,11,85
5a3x,углерод и галогены,11,0,11,85
5a3x,"углерод, сера, фтор",11,0,11,85
5a3x,"углерод, сера, хлор",11,0,11,85
5a3x,"углерод, сера, галогены",11,0,11,85
5a3x,любой тяжёлый атом,11,3,11,85
7aka,любой углерод,15,0,15,85
7aka,углерод и сера,15,0,15,85
7aka,углерод и галогены,15,0,15,85
7aka,"углерод, сера, фтор",15,0,15,85
7aka,"углерод, сера, хлор",15,0,15,85
7aka,"углерод, сера, галогены",15,0,15,85
7aka,любой тяжёлый атом,15,4,15,85
6ej4,любой углерод,14,0,14,85
6ej4,углерод и сера,14,0,14,85
6ej4,углерод и галогены,14,0,14,85
6ej4,"углерод, сера, фтор",14,0,14,85
6ej4,"углерод, сера, хлор",14,0,14,85
6ej4,"углерод, сера, галогены",14,0,14,85
6ej4,любой тяжёлый атом,14,3,14,85
5a4q,любой углерод,9,0,9,85
5a4q,углерод и сера,9,0,9,85
5a4q,углерод и галогены,9,0,9,85
5a4q,"углерод, сера, фтор",9,0,9,85
5a4q,"углерод, сера, хлор",9,0,9,85
5a4q,"углерод, сера, галогены",9,0,9,85
5a4q,любой тяжёлый атом,9,2,9,85
6ej4,любой углерод,11,0,12,85
6ej4,углерод и сера,12,0,12,85
6ej4,углерод и галогены,11,0,12,85
6ej4,"углерод, сера, фтор",12,0,12,85
6ej4,"углерод, сера, хлор",12,0,12,85
6ej4,"углерод, сера, галогены",12,0,12,85
6ej4,любой тяжёлый атом,12,3,12,85
6qu2,любой углерод,14,0,14,85
6qu2,углерод и сера,14,0,14,85
6qu2,углерод и галогены,14,0,14,85
6qu2,"углерод, сера, фтор",14,0,14,85
6qu2,"углерод, сера, хлор",14,0,14,85
6qu2,"углерод, сера, галогены",14,0,14,85
6qu2,любой тяжёлый атом,14,2,14,85
7zh8,любой углерод,6,0,8,85
7zh8,углерод и сера,6,0,8,85
7zh8,углерод и галогены,8,0,8,85
7zh8,"углерод, сера, фтор",6,0,8,85
7zh8,"углерод, сера, хлор",6,0,8,85
7zh8,"углерод, сера, галогены",8,0,8,85
7zh8,любой тяжёлый атом,8,4,8,85
6a1f,любой углерод,12,0,13,85
6a1f,углерод и сера,13,0,13,85
6a1f,углерод и галогены,12,0,13,85
6a1f,"углерод, сера, фтор",13,0,13,85
6a1f,"углерод, сера, хлор",13,0,13,85
6a1f,"углерод, сера, галогены",13,0,13,85
6a1f,любой тяжёлый атом,13,3,13,85
7ajv,любой углерод,14,0,15,85
7ajv,углерод и сера,15,0,15,85
7ajv,углерод и галогены,14,0,15,85
7ajv,"углерод, сера, фтор",15,0,15,85
7ajv,"углерод, сера, хлор",15,0,15,85
7ajv,"углерод, сера, галогены",15,0,15,85
7ajv,любой тяжёлый атом,15,2,15,85
6qu2,любой углерод,14,0,14,85
6qu2,углерод и сера,14,0,14,85
6qu2,углерод и галогены,14,0,14,85
6qu2,"углерод, сера, фтор",14,0,14,85
6qu2,"углерод, сера, хлор",14,0,14,85
6qu2,"углерод, сера, галогены",14,0,14,85
6qu2,любой тяжёлый атом,14,2,14,85
7a5l,любой углерод,14,0,15,85
7a5l,углерод и сера,15,0,15,85
7a5l,углерод и галогены,14,0,15,85
7a5l,"углерод, сера, фтор",15,0,15,85
7a5l,"углерод, сера, хлор",15,0,15,85
7a5l,"углерод, сера, галогены",15,0,15,85
7a5l,любой тяжёлый атом,15,4,15,85
7akb,любой углерод,10,0,14,85
7akb,углерод и сера,11,0,14,85
7akb,углерод и галогены,13,0,14,85
7akb,"углерод, сера, фтор",11,0,14,85
7akb,"углерод, сера, хлор",11,0,14,85
7akb,"углерод, сера, галогены",14,0,14,85
7akb,любой тяжёлый атом,14,6,14,85
7aj8,любой углерод,11,0,12,85
7aj8,углерод и сера,12,0,12,85
7aj8,углерод и галогены,11,0,12,85
7aj8,"углерод, сера, фтор",12,0,12,85
7aj8,"углерод, сера, хлор",12,0,12,85
7aj8,"углерод, сера, галогены",12,0,12,85
7aj8,любой тяжёлый атом,12,4,12,85
6qu2,любой углерод,14,0,14,85
6qu2,углерод и сера,14,0,14,85
6qu2,углерод и галогены,14,0,14,85
6qu2,"углерод, сера, фтор",14,0,14,85
6qu2,"углерод, сера, хлор",14,0,14,85
6qu2,"углерод, сера, галогены",14,0,14,85
6qu2,любой тяжёлый атом,14,2,14,85
7a4w,любой углерод,12,0,12,85
7a4w,углерод и сера,12,0,12,85
7a4w,углерод и галогены,12,0,12,85
7a4w,"углерод, сера, фтор",12,0,12,85
7a4w,"углерод, сера, хлор",12,0,12,85
7a4w,"углерод, сера, галогены",12,0,12,85
7a4w,любой тяжёлый атом,12,3,12,85
6eis,любой углерод,10,0,10,85
6eis,углерод и сера,10,0,10,85
6eis,углерод и галогены,10,0,10,85
6eis,"углерод, сера, фтор",10,0,10,85
6eis,"углерод, сера, хлор",10,0,10,85
6eis,"углерод, сера, галогены",10,0,10,85
6eis,любой тяжёлый атом,10,7,10,85
7aj8,любой углерод,11,0,12,85
7aj8,углерод и сера,12,0,12,85
7aj8,углерод и галогены,11,0,12,85
7aj8,"углерод, сера, фтор",12,0,12,85
7aj8,"углерод, сера, хлор",12,0,12,85
7aj8,"углерод, сера, галогены",12,0,12,85
7aj8,любой тяжёлый атом,12,4,12,85
7akl,любой углерод,11,0,11,85
7akl,углерод и сера,11,0,11,85
7akl,углерод и галогены,11,0,11,85
7akl,"углерод, сера, фтор",11,0,11,85
7akl,"углерод, сера, хлор",11,0,11,85
7akl,"углерод, сера, галогены",11,0,11,85
7akl,любой тяжёлый атом,11,5,11,85
6eil,любой углерод,12,0,12,85
6eil,углерод и сера,12,0,12,85
6eil,углерод и галогены,12,0,12,85
6eil,"углерод, сера, фтор",12,0,12,85
6eil,"углерод, сера, хлор",12,0,12,85
6eil,"углерод, сера, галогены",12,0,12,85
6eil,любой тяжёлый атом,12,6,12,85
5a4q,любой углерод,10,0,11,85
5a4q,углерод и сера,10,0,11,85
5a4q,углерод и галогены,11,0,11,85
5a4q,"углерод, сера, фтор",10,0,11,85
5a4q,"углерод, сера, хлор",11,0,11,85
5a4q,"углерод, сера, галогены",11,0,11,85
5a4q,любой тяжёлый атом,11,2,11,85
8c3q,любой углерод,19,0,19,85
8c3q,углерод и сера,19,0,19,85
8c3q,углерод и галогены,19,0,19,85
8c3q,"углерод, сера, фтор",19,0,19,85
8c3q,"углерод, сера, хлор",19,0,19,85
8c3q,"углерод, сера, галогены",19,0,19,85
8c3q,любой тяжёлый атом,19,3,19,85
6a1f,любой углерод,12,0,13,85
6a1f,углерод и сера,13,0,13,85
6a1f,углерод и галогены,12,0,13,85
6a1f,"углерод, сера, фтор",13,0,13,85
6a1f,"углерод, сера, хлор",13,0,13,85
6a1f,"углерод, сера, галогены",13,0,13,85
6a1f,любой тяжёлый атом,13,3,13,85
5a4t,любой углерод,10,0,10,85
5a4t,углерод и сера,10,0,10,85
5a4t,углерод и галогены,10,0,10,85
5a4t,"углерод, сера, фтор",10,0,10,85
5a4t,"углерод, сера, хлор",10,0,10,85
5a4t,"углерод, сера, галогены",10,0,10,85
5a4t,любой тяжёлый атом,10,2,10,85
6ej4,любой углерод,12,0,12,85
6ej4,углерод и сера,12,0,12,85
6ej4,углерод и галогены,12,0,12,85
6ej4,"углерод, сера, фтор",12,0,12,85
6ej4,"углерод, сера, хлор",12,0,12,85
6ej4,"углерод, сера, галогены",12,0,12,85
6ej4,любой тяжёлый атом,12,3,12,85
6qu2,любой углерод,14,0,14,85
6qu2,углерод и сера,14,0,14,85
6qu2,углерод и галогены,14,0,14,85
6qu2,"углерод, сера, фтор",14,0,14,85
6qu2,"углерод, сера, хлор",14,0,14,85
6qu2,"углерод, сера, галогены",14,0,14,85
6qu2,любой тяжёлый атом,14,2,14,85
7fhs,любой углерод,12,0,13,85
7fhs,углерод и сера,13,0,13,85
7fhs,углерод и галогены,12,0,13,85
7fhs,"углерод, сера, фтор",13,0,13,85
7fhs,"углерод, сера, хлор",13,0,13,85
7fhs,"углерод, сера, галогены",13,0,13,85
7fhs,любой тяжёлый атом,13,2,13,85
5a4e,любой углерод,11,0,11,85
5a4e,углерод и сера,11,0,11,85
5a4e,углерод и галогены,11,0,11,85
5a4e,"углерод, сера, фтор",11,0,11,85
5a4e,"углерод, сера, хлор",11,0,11,85
5a4e,"углерод, сера, галогены",11,0,11,85
5a4e,любой тяжёлый атом,11,4,11,85
5a4e,любой углерод,12,0,12,85
5a4e,углерод и сера,12,0,12,85
5a4e,углерод и галогены,12,0,12,85
5a4e,"углерод, сера, фтор",12,0,12,85
5a4e,"углерод, сера, хлор",12,0,12,85
5a4e,"углерод, сера, галогены",12,0,12,85
5a4e,любой тяжёлый атом,12,2,12,85
5a4t,любой углерод,9,0,9,85
5a4t,углерод и сера,9,0,9,85
5a4t,углерод и галогены,9,0,9,85
5a4t,"углерод, сера, фтор",9,0,9,85
5a4t,"углерод, сера, хлор",9,0,9,85
5a4t,"углерод, сера, галогены",9,0,9,85
5a4t,любой тяжёлый атом,9,3,9,85
5a4l,любой углерод,11,0,11,85
5a4l,углерод и сера,11,0,11,85
5a4l,углерод и галогены,11,0,11,85
5a4l,"углерод, сера, фтор",11,0,11,85
5a4l,"углерод, сера, хлор",11,0,11,85
5a4l,"углерод, сера, галогены",11,0,11,85
5a4l,любой тяжёлый атом,11,2,11,85
6eiq,любой углерод,12,0,12,85
6eiq,углерод и сера,12,0,12,85
6eiq,углерод и галогены,12,0,12,85
6eiq,"углерод, сера, фтор",12,0,12,85
6eiq,"углерод, сера, хлор",12,0,12,85
6eiq,"углерод, сера, галогены",12,0,12,85
6eiq,любой тяжёлый атом,12,6,12,85
6eif,любой углерод,11,0,11,85
6eif,углерод и сера,11,0,11,85
6eif,углерод и галогены,11,0,11,85
6eif,"углерод, сера, фтор",11,0,11,85
6eif,"углерод, сера, хлор",11,0,11,85
6eif,"углерод, сера, галогены",11,0,11,85
6eif,любой тяжёлый атом,11,4,11,85
6eis,любой углерод,13,0,13,85
6eis,углерод и сера,13,0,13,85
6eis,углерод и галогены,13,0,13,85
6eis,"углерод, сера, фтор",13,0,13,85
6eis,"углерод, сера, хлор",13,0,13,85
6eis,"углерод, сера, галогены",13,0,13,85
6eis,любой тяжёлый атом,13,6,13,85
7a5d,любой углерод,12,0,12,85
7a5d,углерод и сера,12,0,12,85
7a5d,углерод и галогены,12,0,12,85
7a5d,"углерод, сера, фтор",12,0,12,85
7a5d,"углерод, сера, хлор",12,0,12,85
7a5d,"углерод, сера, галогены",12,0,12,85
7a5d,любой тяжёлый атом,12,3,12,85
6eiv,любой углерод,14,0,14,85
6eiv,углерод и сера,14,0,14,85
6eiv,углерод и галогены,14,0,14,85
6eiv,"углерод, сера, фтор",14,0,14,85
6eiv,"углерод, сера, хлор",14,0,14,85
6eiv,"углерод, сера, галогены",14,0,14,85
6eiv,любой тяжёлый атом,14,6,14,85
7ajw,любой углерод,12,0,13,85
7ajw,углерод и сера,13,0,13,85
7ajw,углерод и галогены,12,0,13,85
7ajw,"углерод, сера, фтор",13,0,13,85
7ajw,"углерод, сера, хлор",13,0,13,85
7ajw,"углерод, сера, галогены",13,0,13,85
7ajw,любой тяжёлый атом,13,7,13,85
7ajm,любой углерод,12,0,12,85
7ajm,углерод и сера,12,0,12,85
7ajm,углерод и галогены,12,0,12,85
7ajm,"углерод, сера, фтор",12,0,12,85
7ajm,"углерод, сера, хлор",12,0,12,85
7ajm,"углерод, сера, галогены",12,0,12,85
7ajm,любой тяжёлый атом,12,4,12,85
7ak2,любой углерод,15,0,15,85
7ak2,углерод и сера,15,0,15,85
7ak2,углерод и галогены,15,0,15,85
7ak2,"углерод, сера, фтор",15,0,15,85
7ak2,"углерод, сера, хлор",15,0,15,85
7ak2,"углерод, сера, галогены",15,0,15,85
7ak2,любой тяжёлый атом,15,4,15,85
7a4r,любой углерод,8,0,8,85
7a4r,углерод и сера,8,0,8,85
7a4r,углерод и галогены,8,0,8,85
7a4r,"углерод, сера, фтор",8,0,8,85
7a4r,"углерод, сера, хлор",8,0,8,85
7a4r,"углерод, сера, галогены",8,0,8,85
7a4r,любой тяжёлый атом,8,3,8,85
6eij,любой углерод,14,0,14,85
6eij,углерод и сера,14,0,14,85
6eij,углерод и галогены,14,0,14,85
6eij,"углерод, сера, фтор",14,0,14,85
6eij,"углерод, сера, хлор",14,0,14,85
6eij,"углерод, сера, галогены",14,0,14,85
6eij,любой тяжёлый атом,14,3,14,85
6eir,любой углерод,12,0,13,85
6eir,углерод и сера,13,0,13,85
6eir,углерод и галогены,12,0,13,85
6eir,"углерод, сера, фтор",13,0,13,85
6eir,"углерод, сера, хлор",13,0,13,85
6eir,"углерод, сера, галогены",13,0,13,85
6eir,любой тяжёлый атом,13,5,13,85
6eiq,любой углерод,12,0,12,85
6eiq,углерод и сера,12,0,12,85
6eiq,углерод и галогены,12,0,12,85
6eiq,"углерод, сера, фтор",12,0,12,85
6eiq,"углерод, сера, хлор",12,0,12,85
6eiq,"углерод, сера, галогены",12,0,12,85
6eiq,любой тяжёлый атом,12,7,12,85
7aj2,любой углерод,12,0,12,85
7aj2,углерод и сера,12,0,12,85
7aj2,углерод и галогены,12,0,12,85
7aj2,"углерод, сера, фтор",12,0,12,85
7aj2,"углерод, сера, хлор",12,0,12,85
7aj2,"углерод, сера, галогены",12,0,12,85
7aj2,любой тяжёлый атом,12,4,12,85
7aj5,любой углерод,11,0,12,85
7aj5,углерод и сера,12,0,12,85
7aj5,углерод и галогены,11,0,12,85
7aj5,"углерод, сера, фтор",12,0,12,85
7aj5,"углерод, сера, хлор",12,0,12,85
7aj5,"углерод, сера, галогены",12,0,12,85
7aj5,любой тяжёлый атом,12,4,12,85
7aja,любой углерод,11,0,12,85
7aja,углерод и сера,12,0,12,85
7aja,углерод и галогены,11,0,12,85
7aja,"углерод, сера, фтор",12,0,12,85
7aja,"углерод, сера, хлор",12,0,12,85
7aja,"углерод, сера, галогены",12,0,12,85
7aja,любой тяжёлый атом,12,4,12,85
6a1g,любой углерод,13,0,14,85
6a1g,углерод и сера,14,0,14,85
6a1g,углерод и галогены,13,0,14,85
6a1g,"углерод, сера, фтор",14,0,14,85
6a1g,"углерод, сера, хлор",14,0,14,85
6a1g,"углерод, сера, галогены",14,0,14,85
6a1g,любой тяжёлый атом,14,2,14,85
4mq1,любой углерод,18,0,21,85
4mq1,углерод и сера,19,0,21,85
4mq1,углерод и галогены,20,0,21,85
4mq1,"углерод, сера, фтор",19,0,21,85
4mq1,"углерод, сера, хлор",21,0,21,85
4mq1,"углерод, сера, галогены",21,0,21,85
4mq1,любой тяжёлый атом,21,2,21,85
3anq,любой углерод,12,0,12,85
3anq,углерод и сера,12,0,12,85
3anq,углерод и галогены,12,0,12,85
3anq,"углерод, сера, фтор",12,0,12,85
3anq,"углерод, сера, хлор",12,0,12,85
3anq,"углерод, сера, галогены",12,0,12,85
3anq,любой тяжёлый атом,12,2,12,85
4nct,любой углерод,14,0,14,85
4nct,углерод и сера,14,0,14,85
4nct,углерод и галогены,14,0,14,85
4nct,"углерод, сера, фтор",14,0,14,85
4nct,"углерод, сера, хлор",14,0,14,85
4nct,"углерод, сера, галогены",14,0,14,85
4nct,любой тяжёлый атом,14,7,14,85
4ylj,любой углерод,12,0,12,85
4ylj,углерод и сера,12,0,12,85
4ylj,углерод и галогены,12,0,12,85
4ylj,"углерод, сера, фтор",12,0,12,85
4ylj,"углерод, сера, хлор",12,0,12,85
4ylj,"углерод, сера, галогены",12,0,12,85
4ylj,любой тяжёлый атом,12,2,12,85
4mq2,любой углерод,12,0,15,85
4mq2,углерод и сера,13,0,15,85
4mq2,углерод и галогены,14,0,15,85
4mq2,"углерод, сера, фтор",13,0,15,85
4mq2,"углерод, сера, хлор",15,0,15,85
4mq2,"углерод, сера, галогены",15,0,15,85
4mq2,любой тяжёлый атом,15,1,15,85
3anq,любой углерод,12,0,12,85
3anq,углерод и сера,12,0,12,85
3anq,углерод и галогены,12,0,12,85
3anq,"углерод, сера, фтор",12,0,12,85
3anq,"углерод, сера, хлор",12,0,12,85
3anq,"углерод, сера, галогены",12,0,12,85
3anq,любой тяжёлый атом,12,3,12,85
4ylj,любой углерод,12,0,12,85
4ylj,углерод и сера,12,0,12,85
4ylj,углерод и галогены,12,0,12,85
4ylj,"углерод, сера, фтор",12,0,12,85
4ylj,"углерод, сера, хлор",12,0,12,85
4ylj,"углерод, сера, галогены",12,0,12,85
4ylj,любой тяжёлый атом,12,2,12,85
4ylj,любой углерод,13,0,14,85
4ylj,углерод и сера,13,0,14,85
4ylj,углерод и галогены,14,0,14,85
4ylj,"углерод, сера, фтор",13,0,14,85
4ylj,"углерод, сера, хлор",13,0,14,85
4ylj,"углерод, сера, галогены",14,0,14,85
4ylj,любой тяжёлый атом,14,1,14,85
3anr,любой углерод,12,0,12,85
3anr,углерод и сера,12,0,12,85
3anr,углерод и галогены,12,0,12,85
3anr,"углерод, сера, фтор",12,0,12,85
3anr,"углерод, сера, хлор",12,0,12,85
3anr,"углерод, сера, галогены",12,0,12,85
3anr,любой тяжёлый атом,12,3,12,85
4ylj,любой углерод,13,0,14,85
4ylj,углерод и сера,13,0,14,85
4ylj,углерод и галогены,14,0,14,85
4ylj,"углерод, сера, фтор",13,0,14,85
4ylj,"углерод, сера, хлор",13,0,14,85
4ylj,"углерод, сера, галогены",14,0,14,85
4ylj,любой тяжёлый атом,14,1,14,85
4mq1,любой углерод,18,0,21,85
4mq1,углерод и сера,19,0,21,85
4mq1,углерод и галогены,20,0,21,85
4mq1,"углерод, сера, фтор",19,0,21,85
4mq1,"углерод, сера, хлор",21,0,21,85
4mq1,"углерод, сера, галогены",21,0,21,85
4mq1,любой тяжёлый атом,21,0,21,85
4mq2,любой углерод,14,0,15,85
4mq2,углерод и сера,14,0,15,85
4mq2,углерод и галогены,15,0,15,85
4mq2,"углерод, сера, фтор",14,0,15,85
4mq2,"углерод, сера, хлор",15,0,15,85
4mq2,"углерод, сера, галогены",15,0,15,85
4mq2,любой тяжёлый атом,15,2,15,85
4nct,любой углерод,13,0,13,85
4nct,углерод и сера,13,0,13,85
4nct,углерод и галогены,13,0,13,85
4nct,"углерод, сера, фтор",13,0,13,85
4nct,"углерод, сера, хлор",13,0,13,85
4nct,"углерод, сера, галогены",13,0,13,85
4nct,любой тяжёлый атом,13,8,13,85
3anr,любой углерод,12,0,12,85
3anr,углерод и сера,12,0,12,85
3anr,углерод и галогены,12,0,12,85
3anr,"углерод, сера, фтор",12,0,12,85
3anr,"углерод, сера, хлор",12,0,12,85
3anr,"углерод, сера, галогены",12,0,12,85
3anr,любой тяжёлый атом,12,3,12,85
4ylj,любой углерод,13,0,14,85
4ylj,углерод и сера,13,0,14,85
4ylj,углерод и галогены,14,0,14,85
4ylj,"углерод, сера, фтор",13,0,14,85
4ylj,"углерод, сера, хлор",13,0,14,85
4ylj,"углерод, сера, галогены",14,0,14,85
4ylj,любой тяжёлый атом,14,2,14,85
2vx3,любой углерод,19,0,20,85
2vx3,углерод и сера,19,0,20,85
2vx3,углерод и галогены,20,0,20,85
2vx3,"углерод, сера, фтор",19,0,20,85
2vx3,"углерод, сера, хлор",20,0,20,85
2vx3,"углерод, сера, галогены",20,0,20,85
2vx3,любой тяжёлый атом,20,2,20,85
4yu2,любой углерод,12,0,13,85
4yu2,углерод и сера,12,0,13,85
4yu2,углерод и галогены,13,0,13,85
4yu2,"углерод, сера, фтор",12,0,13,85
4yu2,"углерод, сера, хлор",13,0,13,85
4yu2,"углерод, сера, галогены",13,0,13,85
4yu2,любой тяжёлый атом,13,3,13,85
4yu2,любой углерод,11,0,12,85
4yu2,углерод и сера,11,0,12,85
4yu2,углерод и галогены,12,0,12,85
4yu2,"углерод, сера, фтор",11,0,12,85
4yu2,"углерод, сера, хлор",12,0,12,85
4yu2,"углерод, сера, галогены",12,0,12,85
4yu2,любой тяжёлый атом,12,4,12,85
4mq1,любой углерод,17,0,20,85
4mq1,углерод и сера,18,0,20,85
4mq1,углерод и галогены,19,0,20,85
4mq1,"углерод, сера, фтор",18,0,20,85
4mq1,"углерод, сера, хлор",20,0,20,85
4mq1,"углерод, сера, галогены",20,0,20,85
4mq1,любой тяжёлый атом,20,2,20,85
4yll,любой углерод,12,0,13,85
4yll,углерод и сера,12,0,13,85
4yll,углерод и галогены,13,0,13,85
4yll,"углерод, сера, фтор",12,0,13,85
4yll,"углерод, сера, хлор",12,0,13,85
4yll,"углерод, сера, галогены",13,0,13,85
4yll,любой тяжёлый атом,13,3,13,85
4mq2,любой углерод,12,0,15,85
4mq2,углерод и сера,13,0,15,85
4mq2,углерод и галогены,14,0,15,85
4mq2,"углерод, сера, фтор",13,0,15,85
4mq2,"углерод, сера, хлор",15,0,15,85
4mq2,"углерод, сера, галогены",15,0,15,85
4mq2,любой тяжёлый атом,15,2,15,85
4mq1,любой углерод,17,0,20,85
4mq1,углерод и сера,18,0,20,85
4mq1,углерод и галогены,19,0,20,85
4mq1,"углерод, сера, фтор",18,0,20,85
4mq1,"углерод, сера, хлор",20,0,20,85
4mq1,"углерод, сера, галогены",20,0,20,85
4mq1,любой тяжёлый атом,20,2,20,85
2vx3,любой углерод,19,0,20,85
2vx3,углерод и сера,19,0,20,85
2vx3,углерод и галогены,20,0,20,85
2vx3,"углерод, сера, фтор",19,0,20,85
2vx3,"углерод, сера, хлор",20,0,20,85
2vx3,"углерод, сера, галогены",20,0,20,85
2vx3,любой тяжёлый атом,20,1,20,85
3anq,любой углерод,12,0,12,85
3anq,углерод и сера,12,0,12,85
3anq,углерод и галогены,12,0,12,85
3anq,"углерод, сера, фтор",12,0,12,85
3anq,"углерод, сера, хлор",12,0,12,85
3anq,"углерод, сера, галогены",12,0,12,85
3anq,любой тяжёлый атом,12,3,12,85
2vx3,любой углерод,19,0,20,85
2vx3,углерод и сера,19,0,20,85
2vx3,углерод и галогены,20,0,20,85
2vx3,"углерод, сера, фтор",19,0,20,85
2vx3,"углерод, сера, хлор",20,0,20,85
2vx3,"углерод, сера, галогены",20,0,20,85
2vx3,любой тяжёлый атом,20,1,20,85
4yu2,любой углерод,11,0,12,85
4yu2,углерод и сера,11,0,12,85
4yu2,углерод и галогены,12,0,12,85
4yu2,"углерод, сера, фтор",11,0,12,85
4yu2,"углерод, сера, хлор",12,0,12,85
4yu2,"углерод, сера, галогены",12,0,12,85
4yu2,любой тяжёлый атом,12,4,12,85
2wo6,любой углерод,18,0,19,85
2wo6,углерод и сера,18,0,19,85
2wo6,углерод и галогены,19,0,19,85
2wo6,"углерод, сера, фтор",18,0,19,85
2wo6,"углерод, сера, хлор",19,0,19,85
2wo6,"углерод, сера, галогены",19,0,19,85
2wo6,любой тяжёлый атом,19,2,19,85
4mq1,любой углерод,18,0,21,85
4mq1,углерод и сера,19,0,21,85
4mq1,углерод и галогены,20,0,21,85
4mq1,"углерод, сера, фтор",19,0,21,85
4mq1,"углерод, сера, хлор",21,0,21,85
4mq1,"углерод, сера, галогены",21,0,21,85
4mq1,любой тяжёлый атом,21,1,21,85
2vx3,любой углерод,19,0,20,85
2vx3,углерод и сера,19,0,20,85
2vx3,углерод и галогены,20,0,20,85
2vx3,"углерод, сера, фтор",19,0,20,85
2vx3,"углерод, сера, хлор",20,0,20,85
2vx3,"углерод, сера, галогены",20,0,20,85
2vx3,любой тяжёлый атом,20,2,20,85
4yu2,любой углерод,12,0,13,85
4yu2,углерод и сера,12,0,13,85
4yu2,углерод и галогены,13,0,13,85
4yu2,"углерод, сера, фтор",12,0,13,85
4yu2,"углерод, сера, хлор",13,0,13,85
4yu2,"углерод, сера, галогены",13,0,13,85
4yu2,любой тяжёлый атом,13,5,13,85
5aik,любой углерод,12,0,12,85
5aik,углерод и сера,12,0,12,85
5aik,углерод и галогены,12,0,12,85
5aik,"углерод, сера, фтор",12,0,12,85
5aik,"углерод, сера, хлор",12,0,12,85
5aik,"углерод, сера, галогены",12,0,12,85
5aik,любой тяжёлый атом,12,5,12,85
2wo6,любой углерод,18,0,19,85
2wo6,углерод и сера,18,0,19,85
2wo6,углерод и галогены,19,0,19,85
2wo6,"углерод, сера, фтор",18,0,19,85
2wo6,"углерод, сера, хлор",19,0,19,85
2wo6,"углерод, сера, галогены",19,0,19,85
2wo6,любой тяжёлый атом,19,2,19,85
4mq2,любой углерод,13,0,15,85
4mq2,углерод и сера,14,0,15,85
4mq2,углерод и галогены,14,0,15,85
4mq2,"углерод, сера, фтор",14,0,15,85
4mq2,"углерод, сера, хлор",15,0,15,85
4mq2,"углерод, сера, галогены",15,0,15,85
4mq2,любой тяжёлый атом,15,2,15,85
4ylk,любой углерод,10,0,11,85
4ylk,углерод и сера,10,0,11,85
4ylk,углерод и галогены,11,0,11,85
4ylk,"углерод, сера, фтор",10,0,11,85
4ylk,"углерод, сера, хлор",11,0,11,85
4ylk,"углерод, сера, галогены",11,0,11,85
4ylk,любой тяжёлый атом,11,4,11,85
3anr,любой углерод,12,0,12,85
3anr,углерод и сера,12,0,12,85
3anr,углерод и галогены,12,0,12,85
3anr,"углерод, сера, фтор",12,0,12,85
3anr,"углерод, сера, хлор",12,0,12,85
3anr,"углерод, сера, галогены",12,0,12,85
3anr,любой тяжёлый атом,12,3,12,85
5aik,любой углерод,12,0,12,85
5aik,углерод и сера,12,0,12,85
5aik,углерод и галогены,12,0,12,85
5aik,"углерод, сера, фтор",12,0,12,85
5aik,"углерод, сера, хлор",12,0,12,85
5aik,"углерод, сера, галогены",12,0,12,85
5aik,любой тяжёлый атом,12,5,12,85
4ylj,любой углерод,13,0,14,85
4ylj,углерод и сера,13,0,14,85
4ylj,углерод и галогены,14,0,14,85
4ylj,"углерод, сера, фтор",13,0,14,85
4ylj,"углерод, сера, хлор",13,0,14,85
4ylj,"углерод, сера, галогены",14,0,14,85
4ylj,любой тяжёлый атом,14,1,14,85
4mq2,любой углерод,12,0,15,85
4mq2,углерод и сера,13,0,15,85
4mq2,углерод и галогены,14,0,15,85
4mq2,"углерод, сера, фтор",13,0,15,85
4mq2,"углерод, сера, хлор",15,0,15,85
4mq2,"углерод, сера, галогены",15,0,15,85
4mq2,любой тяжёлый атом,15,2,15,85
4nct,любой углерод,15,0,15,85
4nct,углерод и сера,15,0,15,85
4nct,углерод и галогены,15,0,15,85
4nct,"углерод, сера, фтор",15,0,15,85
4nct,"углерод, сера, хлор",15,0,15,85
4nct,"углерод, сера, галогены",15,0,15,85
4nct,любой тяжёлый атом,15,6,15,85
4mq1,любой углерод,18,0,21,85
4mq1,углерод и сера,19,0,21,85
4mq1,углерод и галогены,20,0,21,85
4mq1,"углерод, сера, фтор",19,0,21,85
4mq1,"углерод, сера, хлор",21,0,21,85
4mq1,"углерод, сера, галогены",21,0,21,85
4mq1,любой тяжёлый атом,21,0,21,85
2wo6,любой углерод,19,0,20,85
2wo6,углерод и сера,19,0,20,85
2wo6,углерод и галогены,20,0,20,85
2wo6,"углерод, сера, фтор",19,0,20,85
2wo6,"углерод, сера, хлор",20,0,20,85
2wo6,"углерод, сера, галогены",20,0,20,85
2wo6,любой тяжёлый атом,20,2,20,85
4ylj,любой углерод,13,0,13,85
4ylj,углерод и сера,13,0,13,85
4ylj,углерод и галогены,13,0,13,85
4ylj,"углерод, сера, фтор",13,0,13,85
4ylj,"углерод, сера, хлор",13,0,13,85
4ylj,"углерод, сера, галогены",13,0,13,85
4ylj,любой тяжёлый атом,13,2,13,85
4yll,любой углерод,12,0,13,85
4yll,углерод и сера,12,0,13,85
4yll,углерод и галогены,13,0,13,85
4yll,"углерод, сера, фтор",12,0,13,85
4yll,"углерод, сера, хлор",12,0,13,85
4yll,"углерод, сера, галогены",13,0,13,85
4yll,любой тяжёлый атом,13,3,13,85
4ylj,любой углерод,13,0,13,85
4ylj,углерод и сера,13,0,13,85
4ylj,углерод и галогены,13,0,13,85
4ylj,"углерод, сера, фтор",13,0,13,85
4ylj,"углерод, сера, хлор",13,0,13,85
4ylj,"углерод, сера, галогены",13,0,13,85
4ylj,любой тяжёлый атом,13,1,13,85
3anq,любой углерод,13,0,13,85
3anq,углерод и сера,13,0,13,85
3anq,углерод и галогены,13,0,13,85
3anq,"углерод, сера, фтор",13,0,13,85
3anq,"углерод, сера, хлор",13,0,13,85
3anq,"углерод, сера, галогены",13,0,13,85
3anq,любой тяжёлый атом,13,2,13,85
4mq1,любой углерод,18,0,21,85
4mq1,углерод и сера,19,0,21,85
4mq1,углерод и галогены,20,0,21,85
4mq1,"углерод, сера, фтор",19,0,21,85
4mq1,"углерод, сера, хлор",21,0,21,85
4mq1,"углерод, сера, галогены",21,0,21,85
4mq1,любой тяжёлый атом,21,1,21,85
4nct,любой углерод,13,0,13,85
4nct,углерод и сера,13,0,13,85
4nct,углерод и галогены,13,0,13,85
4nct,"углерод, сера, фтор",13,0,13,85
4nct,"углерод, сера, хлор",13,0,13,85
4nct,"углерод, сера, галогены",13,0,13,85
4nct,любой тяжёлый атом,13,6,13,85
5aik,любой углерод,12,0,12,85
5aik,углерод и сера,12,0,12,85
5aik,углерод и галогены,12,0,12,85
5aik,"углерод, сера, фтор",12,0,12,85
5aik,"углерод, сера, хлор",12,0,12,85
5aik,"углерод, сера, галогены",12,0,12,85
5aik,любой тяжёлый атом,12,5,12,85
4yu2,любой углерод,12,0,13,85
4yu2,углерод и сера,12,0,13,85
4yu2,углерод и галогены,13,0,13,85
4yu2,"углерод, сера, фтор",12,0,13,85
4yu2,"углерод, сера, хлор",13,0,13,85
4yu2,"углерод, сера, галогены",13,0,13,85
4yu2,любой тяжёлый атом,13,3,13,85
2vx3,любой углерод,18,0,19,85
2vx3,углерод и сера,18,0,19,85
2vx3,углерод и галогены,19,0,19,85
2vx3,"углерод, сера, фтор",18,0,19,85
2vx3,"углерод, сера, хлор",19,0,19,85
2vx3,"углерод, сера, галогены",19,0,19,85
2vx3,любой тяжёлый атом,19,4,19,85
2wo6,любой углерод,19,0,20,85
2wo6,углерод и сера,19,0,20,85
2wo6,углерод и галогены,20,0,20,85
2wo6,"углерод, сера, фтор",19,0,20,85
2wo6,"углерод, сера, хлор",20,0,20,85
2wo6,"углерод, сера, галогены",20,0,20,85
2wo6,любой тяжёлый атом,20,2,20,85
4yu2,любой углерод,11,0,12,85
4yu2,углерод и сера,11,0,12,85
4yu2,углерод и галогены,12,0,12,85
4yu2,"углерод, сера, фтор",11,0,12,85
4yu2,"углерод, сера, хлор",12,0,12,85
4yu2,"углерод, сера, галогены",12,0,12,85
4yu2,любой тяжёлый атом,12,4,12,85
4yu2,любой углерод,11,0,12,85
4yu2,углерод и сера,11,0,12,85
4yu2,углерод и галогены,12,0,12,85
4yu2,"углерод, сера, фтор",11,0,12,85
4yu2,"углерод, сера, хлор",12,0,12,85
4yu2,"углерод, сера, галогены",12,0,12,85
4yu2,любой тяжёлый атом,12,4,12,85
4mq1,любой углерод,18,0,21,85
4mq1,углерод и сера,19,0,21,85
4mq1,углерод и галогены,20,0,21,85
4mq1,"углерод, сера, фтор",19,0,21,85
4mq1,"углерод, сера, хлор",21,0,21,85
4mq1,"углерод, сера, галогены",21,0,21,85
4mq1,любой тяжёлый атом,21,2,21,85
2vx3,любой углерод,18,0,19,85
2vx3,углерод и сера,18,0,19,85
2vx3,углерод и галогены,19,0,19,85
2vx3,"углерод, сера, фтор",18,0,19,85
2vx3,"углерод, сера, хлор",19,0,19,85
2vx3,"углерод, сера, галогены",19,0,19,85
2vx3,любой тяжёлый атом,19,4,19,85
4mq2,любой углерод,13,0,15,85
4mq2,углерод и сера,14,0,15,85
4mq2,углерод и галогены,14,0,15,85
4mq2,"углерод, сера, фтор",14,0,15,85
4mq2,"углерод, сера, хлор",15,0,15,85
4mq2,"углерод, сера, галогены",15,0,15,85
4mq2,любой тяжёлый атом,15,2,15,85
4yu2,любой углерод,12,0,13,85
4yu2,углерод и сера,12,0,13,85
4yu2,углерод и галогены,13,0,13,85
4yu2,"углерод, сера, фтор",12,0,13,85
4yu2,"углерод, сера, хлор",13,0,13,85
4yu2,"углерод, сера, галогены",13,0,13,85
4yu2,любой тяжёлый атом,13,5,13,85
5aik,любой углерод,12,0,12,85
5aik,углерод и сера,12,0,12,85
5aik,углерод и галогены,12,0,12,85
5aik,"углерод, сера, фтор",12,0,12,85
5aik,"углерод, сера, хлор",12,0,12,85
5aik,"углерод, сера, галогены",12,0,12,85
5aik,любой тяжёлый атом,12,4,12,85
4yll,любой углерод,12,0,13,85
4yll,углерод и сера,12,0,13,85
4yll,углерод и галогены,13,0,13,85
4yll,"углерод, сера, фтор",12,0,13,85
4yll,"углерод, сера, хлор",12,0,13,85
4yll,"углерод, сера, галогены",13,0,13,85
4yll,любой тяжёлый атом,13,3,13,85
4mq2,любой углерод,14,0,15,85
4mq2,углерод и сера,14,0,15,85
4mq2,углерод и галогены,15,0,15,85
4mq2,"углерод, сера, фтор",14,0,15,85
4mq2,"углерод, сера, хлор",15,0,15,85
4mq2,"углерод, сера, галогены",15,0,15,85
4mq2,любой тяжёлый атом,15,2,15,85
3anr,любой углерод,12,0,12,85
3anr,углерод и сера,12,0,12,85
3anr,углерод и галогены,12,0,12,85
3anr,"углерод, сера, фтор",12,0,12,85
3anr,"углерод, сера, хлор",12,0,12,85
3anr,"углерод, сера, галогены",12,0,12,85
3anr,любой тяжёлый атом,12,3,12,85
2vx3,любой углерод,18,0,19,85
2vx3,углерод и сера,18,0,19,85
2vx3,углерод и галогены,19,0,19,85
2vx3,"углерод, сера, фтор",18,0,19,85
2vx3,"углерод, сера, хлор",19,0,19,85
2vx3,"углерод, сера, галогены",19,0,19,85
2vx3,любой тяжёлый атом,19,3,19,85
6eip,любой углерод,13,0,13,85
6eip,углерод и сера,13,0,13,85
6eip,углерод и галогены,13,0,13,85
6eip,"углерод, сера, фтор",13,0,13,85
6eip,"углерод, сера, хлор",13,0,13,85
6eip,"углерод, сера, галогены",13,0,13,85
6eip,любой тяжёлый атом,13,4,13,85
6eif,любой углерод,11,0,12,85
6eif,углерод и сера,12,0,12,85
6eif,углерод и галогены,11,0,12,85
6eif,"углерод, сера, фтор",12,0,12,85
6eif,"углерод, сера, хлор",12,0,12,85
6eif,"углерод, сера, галогены",12,0,12,85
6eif,любой тяжёлый атом,12,4,12,85
4ylk,любой углерод,11,0,12,85
4ylk,углерод и сера,11,0,12,85
4ylk,углерод и галогены,12,0,12,85
4ylk,"углерод, сера, фтор",11,0,12,85
4ylk,"углерод, сера, хлор",12,0,12,85
4ylk,"углерод, сера, галогены",12,0,12,85
4ylk,любой тяжёлый атом,12,4,12,85
5a4e,любой углерод,10,0,10,85
5a4e,углерод и сера,10,0,10,85
5a4e,углерод и галогены,10,0,10,85
5a4e,"углерод, сера, фтор",10,0,10,85
5a4e,"углерод, сера, хлор",10,0,10,85
5a4e,"углерод, сера, галогены",10,0,10,85
5a4e,любой тяжёлый атом,10,3,10,85
7aj5,любой углерод,11,0,12,85
7aj5,углерод и сера,12,0,12,85
7aj5,углерод и галогены,11,0,12,85
7aj5,"углерод, сера, фтор",12,0,12,85
7aj5,"углерод, сера, хлор",12,0,12,85
7aj5,"углерод, сера, галогены",12,0,12,85
7aj5,любой тяжёлый атом,12,4,12,85
7aj4,любой углерод,10,0,12,85
7aj4,углерод и сера,10,0,12,85
7aj4,углерод и галогены,12,0,12,85
7aj4,"углерод, сера, фтор",10,0,12,85
7aj4,"углерод, сера, хлор",12,0,12,85
7aj4,"углерод, сера, галогены",12,0,12,85
7aj4,любой тяжёлый атом,12,3,12,85
4mq2,любой углерод,12,0,15,85
4mq2,углерод и сера,13,0,15,85
4mq2,углерод и галогены,14,0,15,85
4mq2,"углерод, сера, фтор",13,0,15,85
4mq2,"углерод, сера, хлор",15,0,15,85
4mq2,"углерод, сера, галогены",15,0,15,85
4mq2,любой тяжёлый атом,15,1,15,85
7a5d,любой углерод,12,0,12,85
7a5d,углерод и сера,12,0,12,85
7a5d,углерод и галогены,12,0,12,85
7a5d,"углерод, сера, фтор",12,0,12,85
7a5d,"углерод, сера, хлор",12,0,12,85
7a5d,"углерод, сера, галогены",12,0,12,85
7a5d,любой тяжёлый атом,12,3,12,85
2vx3,любой углерод,18,0,19,85
2vx3,углерод и сера,18,0,19,85
2vx3,углерод и галогены,19,0,19,85
2vx3,"углерод, сера, фтор",18,0,19,85
2vx3,"углерод, сера, хлор",19,0,19,85
2vx3,"углерод, сера, галогены",19,0,19,85
2vx3,любой тяжёлый атом,19,3,19,85
7fhs,любой углерод,12,0,13,85
7fhs,углерод и сера,13,0,13,85
7fhs,углерод и галогены,12,0,13,85
7fhs,"углерод, сера, фтор",13,0,13,85
7fhs,"углерод, сера, хлор",13,0,13,85
7fhs,"углерод, сера, галогены",13,0,13,85
7fhs,любой тяжёлый атом,13,2,13,85
7fht,любой углерод,12,0,13,85
7fht,углерод и сера,13,0,13,85
7fht,углерод и галогены,12,0,13,85
7fht,"углерод, сера, фтор",13,0,13,85
7fht,"углерод, сера, хлор",13,0,13,85
7fht,"углерод, сера, галогены",13,0,13,85
7fht,любой тяжёлый атом,13,2,13,85
7ake,любой углерод,14,0,17,85
7ake,углерод и сера,14,0,17,85
7ake,углерод и галогены,17,0,17,85
7ake,"углерод, сера, фтор",14,0,17,85
7ake,"углерод, сера, хлор",14,0,17,85
7ake,"углерод, сера, галогены",17,0,17,85
7ake,любой тяжёлый атом,17,5,17,85
7a4o,любой углерод,5,0,6,85
7a4o,углерод и сера,6,0,6,85
7a4o,углерод и галогены,5,0,6,85
7a4o,"углерод, сера, фтор",6,0,6,85
7a4o,"углерод, сера, хлор",6,0,6,85
7a4o,"углерод, сера, галогены",6,0,6,85
7a4o,любой тяжёлый атом,6,3,6,85
5a4l,любой углерод,9,0,10,85
5a4l,углерод и сера,9,0,10,85
5a4l,углерод и галогены,9,0,10,85
5a4l,"углерод, сера, фтор",10,0,10,85
5a4l,"углерод, сера, хлор",9,0,10,85
5a4l,"углерод, сера, галогены",10,0,10,85
5a4l,любой тяжёлый атом,10,2,10,85
5a4l,любой углерод,11,0,12,85
5a4l,углерод и сера,11,0,12,85
5a4l,углерод и галогены,11,0,12,85
5a4l,"углерод, сера, фтор",12,0,12,85
5a4l,"углерод, сера, хлор",11,0,12,85
5a4l,"углерод, сера, галогены",12,0,12,85
5a4l,любой тяжёлый атом,12,2,12,85
5a4e,любой углерод,10,0,11,85
5a4e,углерод и сера,11,0,11,85
5a4e,углерод и галогены,10,0,11,85
5a4e,"углерод, сера, фтор",11,0,11,85
5a4e,"углерод, сера, хлор",11,0,11,85
5a4e,"углерод, сера, галогены",11,0,11,85
5a4e,любой тяжёлый атом,11,3,11,85
7aja,любой углерод,11,0,12,85
7aja,углерод и сера,12,0,12,85
7aja,углерод и галогены,11,0,12,85
7aja,"углерод, сера, фтор",12,0,12,85
7aja,"углерод, сера, хлор",12,0,12,85
7aja,"углерод, сера, галогены",12,0,12,85
7aja,любой тяжёлый атом,12,4,12,85
6eip,любой углерод,14,0,14,85
6eip,углерод и сера,14,0,14,85
6eip,углерод и галогены,14,0,14,85
6eip,"углерод, сера, фтор",14,0,14,85
6eip,"углерод, сера, хлор",14,0,14,85
6eip,"углерод, сера, галогены",14,0,14,85
6eip,любой тяжёлый атом,14,4,14,85
6uwy,любой углерод,13,0,13,85
6uwy,углерод и сера,13,0,13,85
6uwy,углерод и галогены,13,0,13,85
6uwy,"углерод, сера, фтор",13,0,13,85
6uwy,"углерод, сера, хлор",13,0,13,85
6uwy,"углерод, сера, галогены",13,0,13,85
6uwy,любой тяжёлый атом,13,4,13,85
6uwy,любой углерод,12,0,12,85
6uwy,углерод и сера,12,0,12,85
6uwy,углерод и галогены,12,0,12,85
6uwy,"углерод, сера, фтор",12,0,12,85
6uwy,"углерод, сера, хлор",12,0,12,85
6uwy,"углерод, сера, галогены",12,0,12,85
6uwy,любой тяжёлый атом,12,4,12,85
6eif,любой углерод,12,0,13,85
6eif,углерод и сера,13,0,13,85
6eif,углерод и галогены,12,0,13,85
6eif,"углерод, сера, фтор",13,0,13,85
6eif,"углерод, сера, хлор",13,0,13,85
6eif,"углерод, сера, галогены",13,0,13,85
6eif,любой тяжёлый атом,13,3,13,85
6uwy,любой углерод,13,0,13,85
6uwy,углерод и сера,13,0,13,85
6uwy,углерод и галогены,13,0,13,85
6uwy,"углерод, сера, фтор",13,0,13,85
6uwy,"углерод, сера, хлор",13,0,13,85
6uwy,"углерод, сера, галогены",13,0,13,85
6uwy,любой тяжёлый атом,13,4,13,85
6uwy,любой углерод,12,0,12,85
6uwy,углерод и сера,12,0,12,85
6uwy,углерод и галогены,12,0,12,85
6uwy,"углерод, сера, фтор",12,0,12,85
6uwy,"углерод, сера, хлор",12,0,12,85
6uwy,"углерод, сера, галогены",12,0,12,85
6uwy,любой тяжёлый атом,12,4,12,85
6uwy,любой углерод,12,0,13,85
6uwy,углерод и сера,13,0,13,85
6uwy,углерод и галогены,12,0,13,85
6uwy,"углерод, сера, фтор",13,0,13,85
6uwy,"углерод, сера, хлор",13,0,13,85
6uwy,"углерод, сера, галогены",13,0,13,85
6uwy,любой тяжёлый атом,13,4,13,85
7a55,любой углерод,10,0,10,85
7a55,углерод и сера,10,0,10,85
7a55,углерод и галогены,10,0,10,85
7a55,"углерод, сера, фтор",10,0,10,85
7a55,"углерод, сера, хлор",10,0,10,85
7a55,"углерод, сера, галогены",10,0,10,85
7a55,любой тяжёлый атом,10,4,10,85
6uwy,любой углерод,12,0,13,85
6uwy,углерод и сера,13,0,13,85
6uwy,углерод и галогены,12,0,13,85
6uwy,"углерод, сера, фтор",13,0,13,85
6uwy,"углерод, сера, хлор",13,0,13,85
6uwy,"углерод, сера, галогены",13,0,13,85
6uwy,любой тяжёлый атом,13,4,13,85
6uwy,любой углерод,12,0,12,85
6uwy,углерод и сера,12,0,12,85
6uwy,углерод и галогены,12,0,12,85
6uwy,"углерод, сера, фтор",12,0,12,85
6uwy,"углерод, сера, хлор",12,0,12,85
6uwy,"углерод, сера, галогены",12,0,12,85
6uwy,любой тяжёлый атом,12,6,12,85
6eis,любой углерод,11,0,11,85
6eis,углерод и сера,11,0,11,85
6eis,углерод и галогены,11,0,11,85
6eis,"углерод, сера, фтор",11,0,11,85
6eis,"углерод, сера, хлор",11,0,11,85
6eis,"углерод, сера, галогены",11,0,11,85
6eis,любой тяжёлый атом,11,6,11,85
6uwy,любой углерод,12,0,12,85
6uwy,углерод и сера,12,0,12,85
6uwy,углерод и галогены,12,0,12,85
6uwy,"углерод, сера, фтор",12,0,12,85
6uwy,"углерод, сера, хлор",12,0,12,85
6uwy,"углерод, сера, галогены",12,0,12,85
6uwy,любой тяжёлый атом,12,6,12,85
6eiv,любой углерод,13,0,13,85
6eiv,углерод и сера,13,0,13,85
6eiv,углерод и галогены,13,0,13,85
6eiv,"углерод, сера, фтор",13,0,13,85
6eiv,"углерод, сера, хлор",13,0,13,85
6eiv,"углерод, сера, галогены",13,0,13,85
6eiv,любой тяжёлый атом,13,5,13,85
7aj2,любой углерод,12,0,12,85
7aj2,углерод и сера,12,0,12,85
7aj2,углерод и галогены,12,0,12,85
7aj2,"углерод, сера, фтор",12,0,12,85
7aj2,"углерод, сера, хлор",12,0,12,85
7aj2,"углерод, сера, галогены",12,0,12,85
7aj2,любой тяжёлый атом,12,3,12,85
6eis,любой углерод,10,0,10,85
6eis,углерод и сера,10,0,10,85
6eis,углерод и галогены,10,0,10,85
6eis,"углерод, сера, фтор",10,0,10,85
6eis,"углерод, сера, хлор",10,0,10,85
6eis,"углерод, сера, галогены",10,0,10,85
6eis,любой тяжёлый атом,10,7,10,85
6eij,любой углерод,17,0,17,85
6eij,углерод и сера,17,0,17,85
6eij,углерод и галогены,17,0,17,85
6eij,"углерод, сера, фтор",17,0,17,85
6eij,"углерод, сера, хлор",17,0,17,85
6eij,"углерод, сера, галогены",17,0,17,85
6eij,любой тяжёлый атом,17,2,17,85
6a1g,любой углерод,12,0,13,85
6a1g,углерод и сера,13,0,13,85
6a1g,углерод и галогены,12,0,13,85
6a1g,"углерод, сера, фтор",13,0,13,85
6a1g,"углерод, сера, хлор",13,0,13,85
6a1g,"углерод, сера, галогены",13,0,13,85
6a1g,любой тяжёлый атом,13,2,13,85
6eiv,любой углерод,13,0,13,85
6eiv,углерод и сера,13,0,13,85
6eiv,углерод и галогены,13,0,13,85
6eiv,"углерод, сера, фтор",13,0,13,85
6eiv,"углерод, сера, хлор",13,0,13,85
6eiv,"углерод, сера, галогены",13,0,13,85
6eiv,любой тяжёлый атом,13,5,13,85
6qu2,любой углерод,14,0,14,85
6qu2,углерод и сера,14,0,14,85
6qu2,углерод и галогены,14,0,14,85
6qu2,"углерод, сера, фтор",14,0,14,85
6qu2,"углерод, сера, хлор",14,0,14,85
6qu2,"углерод, сера, галогены",14,0,14,85
6qu2,любой тяжёлый атом,14,2,14,85
6eiq,любой углерод,12,0,12,85
6eiq,углерод и сера,12,0,12,85
6eiq,углерод и галогены,12,0,12,85
6eiq,"углерод, сера, фтор",12,0,12,85
6eiq,"углерод, сера, хлор",12,0,12,85
6eiq,"углерод, сера, галогены",12,0,12,85
6eiq,любой тяжёлый атом,12,6,12,85
7a4z,любой углерод,11,0,11,85
7a4z,углерод и сера,11,0,11,85
7a4z,углерод и галогены,11,0,11,85
7a4z,"углерод, сера, фтор",11,0,11,85
7a4z,"углерод, сера, хлор",11,0,11,85
7a4z,"углерод, сера, галогены",11,0,11,85
7a4z,любой тяжёлый атом,11,4,11,85
7aj7,любой углерод,12,0,12,85
7aj7,углерод и сера,12,0,12,85
7aj7,углерод и галогены,12,0,12,85
7aj7,"углерод, сера, фтор",12,0,12,85
7aj7,"углерод, сера, хлор",12,0,12,85
7aj7,"углерод, сера, галогены",12,0,12,85
7aj7,любой тяжёлый атом,12,4,12,85
7a51,любой углерод,8,0,8,85
7a51,углерод и сера,8,0,8,85
7a51,углерод и галогены,8,0,8,85
7a51,"углерод, сера, фтор",8,0,8,85
7a51,"углерод, сера, хлор",8,0,8,85
7a51,"углерод, сера, галогены",8,0,8,85
7a51,любой тяжёлый атом,8,3,8,85
5a4q,любой углерод,10,0,11,85
5a4q,углерод и сера,10,0,11,85
5a4q,углерод и галогены,11,0,11,85
5a4q,"углерод, сера, фтор",10,0,11,85
5a4q,"углерод, сера, хлор",11,0,11,85
5a4q,"углерод, сера, галогены",11,0,11,85
5a4q,любой тяжёлый атом,11,1,11,85
8c3g,любой углерод,16,0,16,85
8c3g,углерод и сера,16,0,16,85
8c3g,углерод и галогены,16,0,16,85
8c3g,"углерод, сера, фтор",16,0,16,85
8c3g,"углерод, сера, хлор",16,0,16,85
8c3g,"углерод, сера, галогены",16,0,16,85
8c3g,любой тяжёлый атом,16,3,16,85
6eiv,любой углерод,11,0,11,85
6eiv,углерод и сера,11,0,11,85
6eiv,углерод и галогены,11,0,11,85
6eiv,"углерод, сера, фтор",11,0,11,85
6eiv,"углерод, сера, хлор",11,0,11,85
6eiv,"углерод, сера, галогены",11,0,11,85
6eiv,любой тяжёлый атом,11,9,11,85
7a4r,любой углерод,8,0,8,85
7a4r,углерод и сера,8,0,8,85
7a4r,углерод и галогены,8,0,8,85
7a4r,"углерод, сера, фтор",8,0,8,85
7a4r,"углерод, сера, хлор",8,0,8,85
7a4r,"углерод, сера, галогены",8,0,8,85
7a4r,любой тяжёлый атом,8,3,8,85
6eis,любой углерод,13,0,13,85
6eis,углерод и сера,13,0,13,85
6eis,углерод и галогены,13,0,13,85
6eis,"углерод, сера, фтор",13,0,13,85
6eis,"углерод, сера, хлор",13,0,13,85
6eis,"углерод, сера, галогены",13,0,13,85
6eis,любой тяжёлый атом,13,4,13,85
7a52,любой углерод,10,0,10,85
7a52,углерод и сера,10,0,10,85
7a52,углерод и галогены,10,0,10,85
7a52,"углерод, сера, фтор",10,0,10,85
7a52,"углерод, сера, хлор",10,0,10,85
7a52,"углерод, сера, галогены",10,0,10,85
7a52,любой тяжёлый атом,10,4,10,85
6qu2,любой углерод,14,0,14,85
6qu2,углерод и сера,14,0,14,85
6qu2,углерод и галогены,14,0,14,85
6qu2,"углерод, сера, фтор",14,0,14,85
6qu2,"углерод, сера, хлор",14,0,14,85
6qu2,"углерод, сера, галогены",14,0,14,85
6qu2,любой тяжёлый атом,14,2,14,85
6eif,любой углерод,12,0,12,85
6eif,углерод и сера,12,0,12,85
6eif,углерод и галогены,12,0,12,85
6eif,"углерод, сера, фтор",12,0,12,85
6eif,"углерод, сера, хлор",12,0,12,85
6eif,"углерод, сера, галогены",12,0,12,85
6eif,любой тяжёлый атом,12,4,12,85
6ej4,любой углерод,12,0,12,85
6ej4,углерод и сера,12,0,12,85
6ej4,углерод и галогены,12,0,12,85
6ej4,"углерод, сера, фтор",12,0,12,85
6ej4,"углерод, сера, хлор",12,0,12,85
6ej4,"углерод, сера, галогены",12,0,12,85
6ej4,любой тяжёлый атом,12,3,12,85
6eil,любой углерод,12,0,12,85
6eil,углерод и сера,12,0,12,85
6eil,углерод и галогены,12,0,12,85
6eil,"углерод, сера, фтор",12,0,12,85
6eil,"углерод, сера, хлор",12,0,12,85
6eil,"углерод, сера, галогены",12,0,12,85
6eil,любой тяжёлый атом,12,3,12,85
6eis,любой углерод,13,0,13,85
6eis,углерод и сера,13,0,13,85
6eis,углерод и галогены,13,0,13,85
6eis,"углерод, сера, фтор",13,0,13,85
6eis,"углерод, сера, хлор",13,0,13,85
6eis,"углерод, сера, галогены",13,0,13,85
6eis,любой тяжёлый атом,13,4,13,85
6eis,любой углерод,11,0,11,85
6eis,углерод и сера,11,0,11,85
6eis,углерод и галогены,11,0,11,85
6eis,"углерод, сера, фтор",11,0,11,85
6eis,"углерод, сера, хлор",11,0,11,85
6eis,"углерод, сера, галогены",11,0,11,85
6eis,любой тяжёлый атом,11,6,11,85
7ajs,любой углерод,12,0,12,85
7ajs,углерод и сера,12,0,12,85
7ajs,углерод и галогены,12,0,12,85
7ajs,"углерод, сера, фтор",12,0,12,85
7ajs,"углерод, сера, хлор",12,0,12,85
7ajs,"углерод, сера, галогены",12,0,12,85
7ajs,любой тяжёлый атом,12,4,12,85
6qu2,любой углерод,14,0,14,85
6qu2,углерод и сера,14,0,14,85
6qu2,углерод и галогены,14,0,14,85
6qu2,"углерод, сера, фтор",14,0,14,85
6qu2,"углерод, сера, хлор",14,0,14,85
6qu2,"углерод, сера, галогены",14,0,14,85
6qu2,любой тяжёлый атом,14,2,14,85
7a53,любой углерод,11,0,11,85
7a53,углерод и сера,11,0,11,85
7a53,углерод и галогены,11,0,11,85
7a53,"углерод, сера, фтор",11,0,11,85
7a53,"углерод, сера, хлор",11,0,11,85
7a53,"углерод, сера, галогены",11,0,11,85
7a53,любой тяжёлый атом,11,2,11,85
6eir,любой углерод,13,0,13,85
6eir,углерод и сера,13,0,13,85
6eir,углерод и галогены,13,0,13,85
6eir,"углерод, сера, фтор",13,0,13,85
6eir,"углерод, сера, хлор",13,0,13,85
6eir,"углерод, сера, галогены",13,0,13,85
6eir,любой тяжёлый атом,13,8,13,85
7a5b,любой углерод,13,0,13,85
7a5b,углерод и сера,13,0,13,85
7a5b,углерод и галогены,13,0,13,85
7a5b,"углерод, сера, фтор",13,0,13,85
7a5b,"углерод, сера, хлор",13,0,13,85
7a5b,"углерод, сера, галогены",13,0,13,85
7a5b,любой тяжёлый атом,13,3,13,85
6eir,любой углерод,12,0,12,85
6eir,углерод и сера,12,0,12,85
6eir,углерод и галогены,12,0,12,85
6eir,"углерод, сера, фтор",12,0,12,85
6eir,"углерод, сера, хлор",12,0,12,85
6eir,"углерод, сера, галогены",12,0,12,85
6eir,любой тяжёлый атом,12,5,12,85
6t6a,любой углерод,11,0,13,85
6t6a,углерод и сера,11,0,13,85
6t6a,углерод и галогены,13,0,13,85
6t6a,"углерод, сера, фтор",11,0,13,85
6t6a,"углерод, сера, хлор",13,0,13,85
6t6a,"углерод, сера, галогены",13,0,13,85
6t6a,любой тяжёлый атом,13,3,13,85
6t6a,любой углерод,11,0,13,85
6t6a,углерод и сера,11,0,13,85
6t6a,углерод и галогены,13,0,13,85
6t6a,"углерод, сера, фтор",11,0,13,85
6t6a,"углерод, сера, хлор",13,0,13,85
6t6a,"углерод, сера, галогены",13,0,13,85
6t6a,любой тяжёлый атом,13,3,13,85
6t6a,любой углерод,11,0,13,85
6t6a,углерод и сера,11,0,13,85
6t6a,углерод и галогены,13,0,13,85
6t6a,"углерод, сера, фтор",11,0,13,85
6t6a,"углерод, сера, хлор",13,0,13,85
6t6a,"углерод, сера, галогены",13,0,13,85
6t6a,любой тяжёлый атом,13,3,13,85
6t6a,любой углерод,11,0,13,85
6t6a,углерод и сера,11,0,13,85
6t6a,углерод и галогены,13,0,13,85
6t6a,"углерод, сера, фтор",11,0,13,85
6t6a,"углерод, сера, хлор",13,0,13,85
6t6a,"углерод, сера, галогены",13,0,13,85
6t6a,любой тяжёлый атом,13,3,13,85
6t6a,любой углерод,11,0,13,85
6t6a,углерод и сера,11,0,13,85
6t6a,углерод и галогены,13,0,13,85
6t6a,"углерод, сера, фтор",11,0,13,85
6t6a,"углерод, сера, хлор",13,0,13,85
6t6a,"углерод, сера, галогены",13,0,13,85
6t6a,любой тяжёлый атом,13,4,13,85
6t6a,любой углерод,11,0,13,85
6t6a,углерод и сера,11,0,13,85
6t6a,углерод и галогены,13,0,13,85
6t6a,"углерод, сера, фтор",11,0,13,85
6t6a,"углерод, сера, хлор",13,0,13,85
6t6a,"углерод, сера, галогены",13,0,13,85
6t6a,любой тяжёлый атом,13,4,13,85
6eil,любой углерод,11,0,11,85
6eil,углерод и сера,11,0,11,85
6eil,углерод и галогены,11,0,11,85
6eil,"углерод, сера, фтор",11,0,11,85
6eil,"углерод, сера, хлор",11,0,11,85
6eil,"углерод, сера, галогены",11,0,11,85
6eil,любой тяжёлый атом,11,4,11,85
6eis,любой углерод,13,0,13,85
6eis,углерод и сера,13,0,13,85
6eis,углерод и галогены,13,0,13,85
6eis,"углерод, сера, фтор",13,0,13,85
6eis,"углерод, сера, хлор",13,0,13,85
6eis,"углерод, сера, галогены",13,0,13,85
6eis,любой тяжёлый атом,13,6,13,85
6eiq,любой углерод,14,0,14,85
6eiq,углерод и сера,14,0,14,85
6eiq,углерод и галогены,14,0,14,85
6eiq,"углерод, сера, фтор",14,0,14,85
6eiq,"углерод, сера, хлор",14,0,14,85
6eiq,"углерод, сера, галогены",14,0,14,85
6eiq,любой тяжёлый атом,14,3,14,85
6eij,любой углерод,14,0,14,85
6eij,углерод и сера,14,0,14,85
6eij,углерод и галогены,14,0,14,85
6eij,"углерод, сера, фтор",14,0,14,85
6eij,"углерод, сера, хлор",14,0,14,85
6eij,"углерод, сера, галогены",14,0,14,85
6eij,любой тяжёлый атом,14,5,14,85
7z5n,любой углерод,13,0,15,85
7z5n,углерод и сера,13,0,15,85
7z5n,углерод и галогены,15,0,15,85
7z5n,"углерод, сера, фтор",13,0,15,85
7z5n,"углерод, сера, хлор",15,0,15,85
7z5n,"углерод, сера, галогены",15,0,15,85
7z5n,любой тяжёлый атом,15,4,15,85
7ajm,любой углерод,12,0,12,85
7ajm,углерод и сера,12,0,12,85
7ajm,углерод и галогены,12,0,12,85
7ajm,"углерод, сера, фтор",12,0,12,85
7ajm,"углерод, сера, хлор",12,0,12,85
7ajm,"углерод, сера, галогены",12,0,12,85
7ajm,любой тяжёлый атом,12,4,12,85
7akb,любой углерод,10,0,14,85
7akb,углерод и сера,11,0,14,85
7akb,углерод и галогены,13,0,14,85
7akb,"углерод, сера, фтор",11,0,14,85
7akb,"углерод, сера, хлор",11,0,14,85
7akb,"углерод, сера, галогены",14,0,14,85
7akb,любой тяжёлый атом,14,6,14,85
7fht,любой углерод,12,0,13,85
7fht,углерод и сера,13,0,13,85
7fht,углерод и галогены,12,0,13,85
7fht,"углерод, сера, фтор",13,0,13,85
7fht,"углерод, сера, хлор",13,0,13,85
7fht,"углерод, сера, галогены",13,0,13,85
7fht,любой тяжёлый атом,13,2,13,85
6eir,любой углерод,13,0,13,85
6eir,углерод и сера,13,0,13,85
6eir,углерод и галогены,13,0,13,85
6eir,"углерод, сера, фтор",13,0,13,85
6eir,"углерод, сера, хлор",13,0,13,85
6eir,"углерод, сера, галогены",13,0,13,85
6eir,любой тяжёлый атом,13,5,13,85
6eip,любой углерод,14,0,14,85
6eip,углерод и сера,14,0,14,85
6eip,углерод и галогены,14,0,14,85
6eip,"углерод, сера, фтор",14,0,14,85
6eip,"углерод, сера, хлор",14,0,14,85
6eip,"углерод, сера, галогены",14,0,14,85
6eip,любой тяжёлый атом,14,4,14,85
8pt1,любой углерод,9,0,9,85
8pt1,углерод и сера,9,0,9,85
8pt1,углерод и галогены,9,0,9,85
8pt1,"углерод, сера, фтор",9,0,9,85
8pt1,"углерод, сера, хлор",9,0,9,85
8pt1,"углерод, сера, галогены",9,0,9,85
8pt1,любой тяжёлый атом,9,15,9,85
4fv3,любой углерод,13,0,16,85
4fv3,углерод и сера,14,0,16,85
4fv3,углерод и галогены,15,0,16,85
4fv3,"углерод, сера, фтор",15,0,16,85
4fv3,"углерод, сера, хлор",16,0,16,85
4fv3,"углерод, сера, галогены",16,0,16,85
4fv3,любой тяжёлый атом,16,7,16,85
8aoi,любой углерод,10,0,10,85
8aoi,углерод и сера,10,0,10,85
8aoi,углерод и галогены,10,0,10,85
8aoi,"углерод, сера, фтор",10,0,10,85
8aoi,"углерод, сера, хлор",10,0,10,85
8aoi,"углерод, сера, галогены",10,0,10,85
8aoi,любой тяжёлый атом,10,2,10,85
1wzy,любой углерод,12,0,13,85
1wzy,углерод и сера,13,0,13,85
1wzy,углерод и галогены,12,0,13,85
1wzy,"углерод, сера, фтор",13,0,13,85
1wzy,"углерод, сера, хлор",13,0,13,85
1wzy,"углерод, сера, галогены",13,0,13,85
1wzy,любой тяжёлый атом,13,7,13,85
4fmq,любой углерод,9,0,9,85
4fmq,углерод и сера,9,0,9,85
4fmq,углерод и галогены,9,0,9,85
4fmq,"углерод, сера, фтор",9,0,9,85
4fmq,"углерод, сера, хлор",9,0,9,85
4fmq,"углерод, сера, галогены",9,0,9,85
4fmq,любой тяжёлый атом,9,14,9,85
8u8k,любой углерод,20,0,20,85
8u8k,углерод и сера,20,0,20,85
8u8k,углерод и галогены,20,0,20,85
8u8k,"углерод, сера, фтор",20,0,20,85
8u8k,"углерод, сера, хлор",20,0,20,85
8u8k,"углерод, сера, галогены",20,0,20,85
8u8k,любой тяжёлый атом,20,2,20,85
8u8j,любой углерод,19,0,19,85
8u8j,углерод и сера,19,0,19,85
8u8j,углерод и галогены,19,0,19,85
8u8j,"углерод, сера, фтор",19,0,19,85
8u8j,"углерод, сера, хлор",19,0,19,85
8u8j,"углерод, сера, галогены",19,0,19,85
8u8j,любой тяжёлый атом,19,4,19,85
4zzo,любой углерод,15,0,16,85
4zzo,углерод и сера,15,0,16,85
4zzo,углерод и галогены,16,0,16,85
4zzo,"углерод, сера, фтор",15,0,16,85
4zzo,"углерод, сера, хлор",16,0,16,85
4zzo,"углерод, сера, галогены",16,0,16,85
4zzo,любой тяжёлый атом,16,4,16,85
4nif,любой углерод,9,0,9,85
4nif,углерод и сера,9,0,9,85
4nif,углерод и галогены,9,0,9,85
4nif,"углерод, сера, фтор",9,0,9,85
4nif,"углерод, сера, хлор",9,0,9,85
4nif,"углерод, сера, галогены",9,0,9,85
4nif,любой тяжёлый атом,9,15,9,85
6qal,любой углерод,1,0,2,85
6qal,углерод и сера,2,0,2,85
6qal,углерод и галогены,1,0,2,85
6qal,"углерод, сера, фтор",2,0,2,85
6qal,"углерод, сера, хлор",2,0,2,85
6qal,"углерод, сера, галогены",2,0,2,85
6qal,любой тяжёлый атом,2,1,2,85
4fv4,любой углерод,16,0,16,85
4fv4,углерод и сера,16,0,16,85
4fv4,углерод и галогены,16,0,16,85
4fv4,"углерод, сера, фтор",16,0,16,85
4fv4,"углерод, сера, хлор",16,0,16,85
4fv4,"углерод, сера, галогены",16,0,16,85
4fv4,любой тяжёлый атом,16,1,16,85
4h3p,любой углерод,7,0,7,85
4h3p,углерод и сера,7,0,7,85
4h3p,углерод и галогены,7,0,7,85
4h3p,"углерод, сера, фтор",7,0,7,85
4h3p,"углерод, сера, хлор",7,0,7,85
4h3p,"углерод, сера, галогены",7,0,7,85
4h3p,любой тяжёлый атом,7,13,7,85
4fv8,любой углерод,14,0,14,85
4fv8,углерод и сера,14,0,14,85
4fv8,углерод и галогены,14,0,14,85
4fv8,"углерод, сера, фтор",14,0,14,85
4fv8,"углерод, сера, хлор",14,0,14,85
4fv8,"углерод, сера, галогены",14,0,14,85
4fv8,любой тяжёлый атом,14,4,14,85
2y9q,любой углерод,9,0,9,85
2y9q,углерод и сера,9,0,9,85
2y9q,углерод и галогены,9,0,9,85
2y9q,"углерод, сера, фтор",9,0,9,85
2y9q,"углерод, сера, хлор",9,0,9,85
2y9q,"углерод, сера, галогены",9,0,9,85
2y9q,любой тяжёлый атом,9,15,9,85
5ngu,любой углерод,15,0,15,85
5ngu,углерод и сера,15,0,15,85
5ngu,углерод и галогены,15,0,15,85
5ngu,"углерод, сера, фтор",15,0,15,85
5ngu,"углерод, сера, хлор",15,0,15,85
5ngu,"углерод, сера, галогены",15,0,15,85
5ngu,любой тяжёлый атом,15,4,15,85
5nhl,любой углерод,21,0,22,85
5nhl,углерод и сера,22,0,22,85
5nhl,углерод и галогены,21,0,22,85
5nhl,"углерод, сера, фтор",22,0,22,85
5nhl,"углерод, сера, хлор",22,0,22,85
5nhl,"углерод, сера, галогены",22,0,22,85
5nhl,любой тяжёлый атом,22,0,22,85
8ao4,любой углерод,9,0,9,85
8ao4,углерод и сера,9,0,9,85
8ao4,углерод и галогены,9,0,9,85
8ao4,"углерод, сера, фтор",9,0,9,85
8ao4,"углерод, сера, хлор",9,0,9,85
8ao4,"углерод, сера, галогены",9,0,9,85
8ao4,любой тяжёлый атом,9,5,9,85
8ao5,любой углерод,9,0,9,85
8ao5,углерод и сера,9,0,9,85
8ao5,углерод и галогены,9,0,9,85
8ao5,"углерод, сера, фтор",9,0,9,85
8ao5,"углерод, сера, хлор",9,0,9,85
8ao5,"углерод, сера, галогены",9,0,9,85
8ao5,любой тяжёлый атом,9,3,9,85
8ao9,любой углерод,10,0,11,85
8ao9,углерод и сера,11,0,11,85
8ao9,углерод и галогены,10,0,11,85
8ao9,"углерод, сера, фтор",11,0,11,85
8ao9,"углерод, сера, хлор",11,0,11,85
8ao9,"углерод, сера, галогены",11,0,11,85
8ao9,любой тяжёлый атом,11,2,11,85
5nho,любой углерод,21,0,21,85
5nho,углерод и сера,21,0,21,85
5nho,углерод и галогены,21,0,21,85
5nho,"углерод, сера, фтор",21,0,21,85
5nho,"углерод, сера, хлор",21,0,21,85
5nho,"углерод, сера, галогены",21,0,21,85
5nho,любой тяжёлый атом,21,2,21,85
5nhj,любой углерод,18,0,18,85
5nhj,углерод и сера,18,0,18,85
5nhj,углерод и галогены,18,0,18,85
5nhj,"углерод, сера, фтор",18,0,18,85
5nhj,"углерод, сера, хлор",18,0,18,85
5nhj,"углерод, сера, галогены",18,0,18,85
5nhj,любой тяжёлый атом,18,3,18,85
5nhv,любой углерод,16,0,16,85
5nhv,углерод и сера,16,0,16,85
5nhv,углерод и галогены,16,0,16,85
5nhv,"углерод, сера, фтор",16,0,16,85
5nhv,"углерод, сера, хлор",16,0,16,85
5nhv,"углерод, сера, галогены",16,0,16,85
5nhv,любой тяжёлый атом,16,3,16,85
5nhh,любой углерод,19,0,19,85
5nhh,углерод и сера,19,0,19,85
5nhh,углерод и галогены,19,0,19,85
5nhh,"углерод, сера, фтор",19,0,19,85
5nhh,"углерод, сера, хлор",19,0,19,85
5nhh,"углерод, сера, галогены",19,0,19,85
5nhh,любой тяжёлый атом,19,3,19,85
5nhf,любой углерод,19,0,19,85
5nhf,углерод и сера,19,0,19,85
5nhf,углерод и галогены,19,0,19,85
5nhf,"углерод, сера, фтор",19,0,19,85
5nhf,"углерод, сера, хлор",19,0,19,85
5nhf,"углерод, сера, галогены",19,0,19,85
5nhf,любой тяжёлый атом,19,2,19,85
5nhp,любой углерод,16,0,16,85
5nhp,углерод и сера,16,0,16,85
5nhp,углерод и галогены,16,0,16,85
5nhp,"углерод, сера, фтор",16,0,16,85
5nhp,"углерод, сера, хлор",16,0,16,85
5nhp,"углерод, сера, галогены",16,0,16,85
5nhp,любой тяжёлый атом,16,4,16,85
8aod,любой углерод,10,0,10,85
8aod,углерод и сера,10,0,10,85
8aod,углерод и галогены,10,0,10,85
8aod,"углерод, сера, фтор",10,0,10,85
8aod,"углерод, сера, хлор",10,0,10,85
8aod,"углерод, сера, галогены",10,0,10,85
8aod,любой тяжёлый атом,10,4,10,85
5v60,любой углерод,10,0,10,85
5v60,углерод и сера,10,0,10,85
5v60,углерод и галогены,10,0,10,85
5v60,"углерод, сера, фтор",10,0,10,85
5v60,"углерод, сера, хлор",10,0,10,85
5v60,"углерод, сера, галогены",10,0,10,85
5v60,любой тяжёлый атом,10,10,10,85
5v62,любой углерод,15,0,16,85
5v62,углерод и сера,16,0,16,85
5v62,углерод и галогены,15,0,16,85
5v62,"углерод, сера, фтор",16,0,16,85
5v62,"углерод, сера, хлор",16,0,16,85
5v62,"углерод, сера, галогены",16,0,16,85
5v62,любой тяжёлый атом,16,5,16,85
5v60,любой углерод,10,0,10,85
5v60,углерод и сера,10,0,10,85
5v60,углерод и галогены,10,0,10,85
5v60,"углерод, сера, фтор",10,0,10,85
5v60,"углерод, сера, хлор",10,0,10,85
5v60,"углерод, сера, галогены",10,0,10,85
5v60,любой тяжёлый атом,10,10,10,85
5v62,любой углерод,14,0,15,85
5v62,углерод и сера,15,0,15,85
5v62,углерод и галогены,14,0,15,85
5v62,"углерод, сера, фтор",15,0,15,85
5v62,"углерод, сера, хлор",15,0,15,85
5v62,"углерод, сера, галогены",15,0,15,85
5v62,любой тяжёлый атом,15,5,15,85
8ao9,любой углерод,10,0,11,85
8ao9,углерод и сера,11,0,11,85
8ao9,углерод и галогены,10,0,11,85
8ao9,"углерод, сера, фтор",11,0,11,85
8ao9,"углерод, сера, хлор",11,0,11,85
8ao9,"углерод, сера, галогены",11,0,11,85
8ao9,любой тяжёлый атом,11,2,11,85
8aof,любой углерод,8,0,8,85
8aof,углерод и сера,8,0,8,85
8aof,углерод и галогены,8,0,8,85
8aof,"углерод, сера, фтор",8,0,8,85
8aof,"углерод, сера, хлор",8,0,8,85
8aof,"углерод, сера, галогены",8,0,8,85
8aof,любой тяжёлый атом,8,1,8,85
8aod,любой углерод,10,0,10,85
8aod,углерод и сера,10,0,10,85
8aod,углерод и галогены,10,0,10,85
8aod,"углерод, сера, фтор",10,0,10,85
8aod,"углерод, сера, хлор",10,0,10,85
8aod,"углерод, сера, галогены",10,0,10,85
8aod,любой тяжёлый атом,10,4,10,85
8ao4,любой углерод,9,0,9,85
8ao4,углерод и сера,9,0,9,85
8ao4,углерод и галогены,9,0,9,85
8ao4,"углерод, сера, фтор",9,0,9,85
8ao4,"углерод, сера, хлор",9,0,9,85
8ao4,"углерод, сера, галогены",9,0,9,85
8ao4,любой тяжёлый атом,9,5,9,85
8ao2,любой углерод,10,0,10,85
8ao2,углерод и сера,10,0,10,85
8ao2,углерод и галогены,10,0,10,85
8ao2,"углерод, сера, фтор",10,0,10,85
8ao2,"углерод, сера, хлор",10,0,10,85
8ao2,"углерод, сера, галогены",10,0,10,85
8ao2,любой тяжёлый атом,10,3,10,85
8ao3,любой углерод,11,0,11,85
8ao3,углерод и сера,11,0,11,85
8ao3,углерод и галогены,11,0,11,85
8ao3,"углерод, сера, фтор",11,0,11,85
8ao3,"углерод, сера, хлор",11,0,11,85
8ao3,"углерод, сера, галогены",11,0,11,85
8ao3,любой тяжёлый атом,11,3,11,85
8aoj,любой углерод,13,0,13,85
8aoj,углерод и сера,13,0,13,85
8aoj,углерод и галогены,13,0,13,85
8aoj,"углерод, сера, фтор",13,0,13,85
8aoj,"углерод, сера, хлор",13,0,13,85
8aoj,"углерод, сера, галогены",13,0,13,85
8aoj,любой тяжёлый атом,13,3,13,85
6dmg,любой углерод,14,0,17,85
6dmg,углерод и сера,15,0,17,85
6dmg,углерод и галогены,16,0,17,85
6dmg,"углерод, сера, фтор",16,0,17,85
6dmg,"углерод, сера, хлор",17,0,17,85
6dmg,"углерод, сера, галогены",17,0,17,85
6dmg,любой тяжёлый атом,17,6,17,85
6dmg,любой углерод,15,0,19,85
6dmg,углерод и сера,16,0,19,85
6dmg,углерод и галогены,18,0,19,85
6dmg,"углерод, сера, фтор",17,0,19,85
6dmg,"углерод, сера, хлор",19,0,19,85
6dmg,"углерод, сера, галогены",19,0,19,85
6dmg,любой тяжёлый атом,19,5,19,85
6gjd,любой углерод,21,0,21,85
6gjd,углерод и сера,21,0,21,85
6gjd,углерод и галогены,21,0,21,85
6gjd,"углерод, сера, фтор",21,0,21,85
6gjd,"углерод, сера, хлор",21,0,21,85
6gjd,"углерод, сера, галогены",21,0,21,85
6gjd,любой тяжёлый атом,21,2,21,85
6gjd,любой углерод,21,0,21,85
6gjd,углерод и сера,21,0,21,85
6gjd,углерод и галогены,21,0,21,85
6gjd,"углерод, сера, фтор",21,0,21,85
6gjd,"углерод, сера, хлор",21,0,21,85
6gjd,"углерод, сера, галогены",21,0,21,85
6gjd,любой тяжёлый атом,21,2,21,85
6gjb,любой углерод,15,0,19,85
6gjb,углерод и сера,15,0,19,85
6gjb,углерод и галогены,18,0,19,85
6gjb,"углерод, сера, фтор",18,0,19,85
6gjb,"углерод, сера, хлор",18,0,19,85
6gjb,"углерод, сера, галогены",19,0,19,85
6gjb,любой тяжёлый атом,19,5,19,85
6gjb,любой углерод,15,0,19,85
6gjb,углерод и сера,15,0,19,85
6gjb,углерод и галогены,18,0,19,85
6gjb,"углерод, сера, фтор",18,0,19,85
6gjb,"углерод, сера, хлор",18,0,19,85
6gjb,"углерод, сера, галогены",19,0,19,85
6gjb,любой тяжёлый атом,19,5,19,85
6g54,любой углерод,14,0,15,85
6g54,углерод и сера,14,0,15,85
6g54,углерод и галогены,15,0,15,85
6g54,"углерод, сера, фтор",14,0,15,85
6g54,"углерод, сера, хлор",15,0,15,85
6g54,"углерод, сера, галогены",15,0,15,85
6g54,любой тяжёлый атом,15,3,15,85
6g54,любой углерод,14,0,15,85
6g54,углерод и сера,14,0,15,85
6g54,углерод и галогены,15,0,15,85
6g54,"углерод, сера, фтор",14,0,15,85
6g54,"углерод, сера, хлор",15,0,15,85
6g54,"углерод, сера, галогены",15,0,15,85
6g54,любой тяжёлый атом,15,3,15,85
6qaq,любой углерод,7,0,8,85
6qaq,углерод и сера,8,0,8,85
6qaq,углерод и галогены,7,0,8,85
6qaq,"углерод, сера, фтор",8,0,8,85
6qaq,"углерод, сера, хлор",8,0,8,85
6qaq,"углерод, сера, галогены",8,0,8,85
6qaq,любой тяжёлый атом,8,2,8,85
6qaw,любой углерод,10,0,10,85
6qaw,углерод и сера,10,0,10,85
6qaw,углерод и галогены,10,0,10,85
6qaw,"углерод, сера, фтор",10,0,10,85
6qaw,"углерод, сера, хлор",10,0,10,85
6qaw,"углерод, сера, галогены",10,0,10,85
6qaw,любой тяжёлый атом,10,2,10,85
6q7k,любой углерод,4,0,4,85
6q7k,углерод и сера,4,0,4,85
6q7k,углерод и галогены,4,0,4,85
6q7k,"углерод, сера, фтор",4,0,4,85
6q7k,"углерод, сера, хлор",4,0,4,85
6q7k,"углерод, сера, галогены",4,0,4,85
6q7k,любой тяжёлый атом,4,3,4,85
6qaw,любой углерод,10,0,10,85
6qaw,углерод и сера,10,0,10,85
6qaw,углерод и галогены,10,0,10,85
6qaw,"углерод, сера, фтор",10,0,10,85
6qaw,"углерод, сера, хлор",10,0,10,85
6qaw,"углерод, сера, галогены",10,0,10,85
6qaw,любой тяжёлый атом,10,2,10,85
6qaq,любой углерод,7,0,8,85
6qaq,углерод и сера,8,0,8,85
6qaq,углерод и галогены,7,0,8,85
6qaq,"углерод, сера, фтор",8,0,8,85
6qaq,"углерод, сера, хлор",8,0,8,85
6qaq,"углерод, сера, галогены",8,0,8,85
6qaq,любой тяжёлый атом,8,2,8,85
8ao8,любой углерод,11,0,11,85
8ao8,углерод и сера,11,0,11,85
8ao8,углерод и галогены,11,0,11,85
8ao8,"углерод, сера, фтор",11,0,11,85
8ao8,"углерод, сера, хлор",11,0,11,85
8ao8,"углерод, сера, галогены",11,0,11,85
8ao8,любой тяжёлый атом,11,3,11,85
8aoc,любой углерод,9,0,9,85
8aoc,углерод и сера,9,0,9,85
8aoc,углерод и галогены,9,0,9,85
8aoc,"углерод, сера, фтор",9,0,9,85
8aoc,"углерод, сера, хлор",9,0,9,85
8aoc,"углерод, сера, галогены",9,0,9,85
8aoc,любой тяжёлый атом,9,3,9,85
8aof,любой углерод,8,0,8,85
8aof,углерод и сера,8,0,8,85
8aof,углерод и галогены,8,0,8,85
8aof,"углерод, сера, фтор",8,0,8,85
8aof,"углерод, сера, хлор",8,0,8,85
8aof,"углерод, сера, галогены",8,0,8,85
8aof,любой тяжёлый атом,8,1,8,85
8aoc,любой углерод,9,0,9,85
8aoc,углерод и сера,9,0,9,85
8aoc,углерод и галогены,9,0,9,85
8aoc,"углерод, сера, фтор",9,0,9,85
8aoc,"углерод, сера, хлор",9,0,9,85
8aoc,"углерод, сера, галогены",9,0,9,85
8aoc,любой тяжёлый атом,9,3,9,85
8ao8,любой углерод,11,0,11,85
8ao8,углерод и сера,11,0,11,85
8ao8,углерод и галогены,11,0,11,85
8ao8,"углерод, сера, фтор",11,0,11,85
8ao8,"углерод, сера, хлор",11,0,11,85
8ao8,"углерод, сера, галогены",11,0,11,85
8ao8,любой тяжёлый атом,11,3,11,85
8aoh,любой углерод,8,0,8,85
8aoh,углерод и сера,8,0,8,85
8aoh,углерод и галогены,8,0,8,85
8aoh,"углерод, сера, фтор",8,0,8,85
8aoh,"углерод, сера, хлор",8,0,8,85
8aoh,"углерод, сера, галогены",8,0,8,85
8aoh,любой тяжёлый атом,8,3,8,85
8ao3,любой углерод,11,0,11,85
8ao3,углерод и сера,11,0,11,85
8ao3,углерод и галогены,11,0,11,85
8ao3,"углерод, сера, фтор",11,0,11,85
8ao3,"углерод, сера, хлор",11,0,11,85
8ao3,"углерод, сера, галогены",11,0,11,85
8ao3,любой тяжёлый атом,11,3,11,85
8ao7,любой углерод,13,0,13,85
8ao7,углерод и сера,13,0,13,85
8ao7,углерод и галогены,13,0,13,85
8ao7,"углерод, сера, фтор",13,0,13,85
8ao7,"углерод, сера, хлор",13,0,13,85
8ao7,"углерод, сера, галогены",13,0,13,85
8ao7,любой тяжёлый атом,13,2,13,85
8ao9,любой углерод,10,0,11,85
8ao9,углерод и сера,11,0,11,85
8ao9,углерод и галогены,10,0,11,85
8ao9,"углерод, сера, фтор",11,0,11,85
8ao9,"углерод, сера, хлор",11,0,11,85
8ao9,"углерод, сера, галогены",11,0,11,85
8ao9,любой тяжёлый атом,11,2,11,85
6rq4,любой углерод,19,0,19,85
6rq4,углерод и сера,19,0,19,85
6rq4,углерод и галогены,19,0,19,85
6rq4,"углерод, сера, фтор",19,0,19,85
6rq4,"углерод, сера, хлор",19,0,19,85
6rq4,"углерод, сера, галогены",19,0,19,85
6rq4,любой тяжёлый атом,19,5,19,85
6rq4,любой углерод,19,0,19,85
6rq4,углерод и сера,19,0,19,85
6rq4,углерод и галогены,19,0,19,85
6rq4,"углерод, сера, фтор",19,0,19,85
6rq4,"углерод, сера, хлор",19,0,19,85
6rq4,"углерод, сера, галогены",19,0,19,85
6rq4,любой тяжёлый атом,19,5,19,85
7nr5,любой углерод,17,0,21,85
7nr5,углерод и сера,18,0,21,85
7nr5,углерод и галогены,19,0,21,85
7nr5,"углерод, сера, фтор",19,0,21,85
7nr5,"углерод, сера, хлор",20,0,21,85
7nr5,"углерод, сера, галогены",21,0,21,85
7nr5,любой тяжёлый атом,21,1,21,85
7nr3,любой углерод,18,0,21,85
7nr3,углерод и сера,19,0,21,85
7nr3,углерод и галогены,20,0,21,85
7nr3,"углерод, сера, фтор",19,0,21,85
7nr3,"углерод, сера, хлор",21,0,21,85
7nr3,"углерод, сера, галогены",21,0,21,85
7nr3,любой тяжёлый атом,21,2,21,85
7nr3,любой углерод,18,0,21,85
7nr3,углерод и сера,19,0,21,85
7nr3,углерод и галогены,20,0,21,85
7nr3,"углерод, сера, фтор",19,0,21,85
7nr3,"углерод, сера, хлор",21,0,21,85
7nr3,"углерод, сера, галогены",21,0,21,85
7nr3,любой тяжёлый атом,21,2,21,85
7nqw,любой углерод,19,0,22,85
7nqw,углерод и сера,20,0,22,85
7nqw,углерод и галогены,21,0,22,85
7nqw,"углерод, сера, фтор",20,0,22,85
7nqw,"углерод, сера, хлор",22,0,22,85
7nqw,"углерод, сера, галогены",22,0,22,85
7nqw,любой тяжёлый атом,22,0,22,85
7auv,любой углерод,18,0,22,85
7auv,углерод и сера,19,0,22,85
7auv,углерод и галогены,20,0,22,85
7auv,"углерод, сера, фтор",20,0,22,85
7auv,"углерод, сера, хлор",21,0,22,85
7auv,"углерод, сера, галогены",22,0,22,85
7auv,любой тяжёлый атом,22,1,22,85
7nqq,любой углерод,19,0,21,85
7nqq,углерод и сера,19,0,21,85
7nqq,углерод и галогены,21,0,21,85
7nqq,"углерод, сера, фтор",19,0,21,85
7nqq,"углерод, сера, хлор",21,0,21,85
7nqq,"углерод, сера, галогены",21,0,21,85
7nqq,любой тяжёлый атом,21,1,21,85
7nqw,любой углерод,19,0,22,85
7nqw,углерод и сера,20,0,22,85
7nqw,углерод и галогены,21,0,22,85
7nqw,"углерод, сера, фтор",20,0,22,85
7nqw,"углерод, сера, хлор",22,0,22,85
7nqw,"углерод, сера, галогены",22,0,22,85
7nqw,любой тяжёлый атом,22,0,22,85
7nqq,любой углерод,19,0,21,85
7nqq,углерод и сера,19,0,21,85
7nqq,углерод и галогены,21,0,21,85
7nqq,"углерод, сера, фтор",19,0,21,85
7nqq,"углерод, сера, хлор",21,0,21,85
7nqq,"углерод, сера, галогены",21,0,21,85
7nqq,любой тяжёлый атом,21,1,21,85
7nr8,любой углерод,19,0,22,85
7nr8,углерод и сера,20,0,22,85
7nr8,углерод и галогены,21,0,22,85
7nr8,"углерод, сера, фтор",20,0,22,85
7nr8,"углерод, сера, хлор",22,0,22,85
7nr8,"углерод, сера, галогены",22,0,22,85
7nr8,любой тяжёлый атом,22,1,22,85
7auv,любой углерод,18,0,22,85
7auv,углерод и сера,19,0,22,85
7auv,углерод и галогены,20,0,22,85
7auv,"углерод, сера, фтор",20,0,22,85
7auv,"углерод, сера, хлор",21,0,22,85
7auv,"углерод, сера, галогены",22,0,22,85
7auv,любой тяжёлый атом,22,1,22,85
6g9n,любой углерод,20,0,23,85
6g9n,углерод и сера,21,0,23,85
6g9n,углерод и галогены,22,0,23,85
6g9n,"углерод, сера, фтор",21,0,23,85
6g9n,"углерод, сера, хлор",23,0,23,85
6g9n,"углерод, сера, галогены",23,0,23,85
6g9n,любой тяжёлый атом,23,1,23,85
6g92,любой углерод,11,0,11,85
6g92,углерод и сера,11,0,11,85
6g92,углерод и галогены,11,0,11,85
6g92,"углерод, сера, фтор",11,0,11,85
6g92,"углерод, сера, хлор",11,0,11,85
6g92,"углерод, сера, галогены",11,0,11,85
6g92,любой тяжёлый атом,11,1,11,85
6g9a,любой углерод,18,0,21,85
6g9a,углерод и сера,19,0,21,85
6g9a,углерод и галогены,20,0,21,85
6g9a,"углерод, сера, фтор",19,0,21,85
6g9a,"углерод, сера, хлор",21,0,21,85
6g9a,"углерод, сера, галогены",21,0,21,85
6g9a,любой тяжёлый атом,21,2,21,85
6g9n,любой углерод,20,0,23,85
6g9n,углерод и сера,21,0,23,85
6g9n,углерод и галогены,22,0,23,85
6g9n,"углерод, сера, фтор",21,0,23,85
6g9n,"углерод, сера, хлор",23,0,23,85
6g9n,"углерод, сера, галогены",23,0,23,85
6g9n,любой тяжёлый атом,23,1,23,85
6g9a,любой углерод,18,0,21,85
6g9a,углерод и сера,19,0,21,85
6g9a,углерод и галогены,20,0,21,85
6g9a,"углерод, сера, фтор",19,0,21,85
6g9a,"углерод, сера, хлор",21,0,21,85
6g9a,"углерод, сера, галогены",21,0,21,85
6g9a,любой тяжёлый атом,21,2,21,85
6g92,любой углерод,11,0,11,85
6g92,углерод и сера,11,0,11,85
6g92,углерод и галогены,11,0,11,85
6g92,"углерод, сера, фтор",11,0,11,85
6g92,"углерод, сера, хлор",11,0,11,85
6g92,"углерод, сера, галогены",11,0,11,85
6g92,любой тяжёлый атом,11,1,11,85
6opg,любой углерод,8,0,8,85
6opg,углерод и сера,8,0,8,85
6opg,углерод и галогены,8,0,8,85
6opg,"углерод, сера, фтор",8,0,8,85
6opg,"углерод, сера, хлор",8,0,8,85
6opg,"углерод, сера, галогены",8,0,8,85
6opg,любой тяжёлый атом,8,14,8,85
6oph,любой углерод,16,0,20,85
6oph,углерод и сера,16,0,20,85
6oph,углерод и галогены,18,0,20,85
6oph,"углерод, сера, фтор",19,0,20,85
6oph,"углерод, сера, хлор",18,0,20,85
6oph,"углерод, сера, галогены",20,0,20,85
6oph,любой тяжёлый атом,20,3,20,85
6opi,любой углерод,24,0,24,85
6opi,углерод и сера,24,0,24,85
6opi,углерод и галогены,24,0,24,85
6opi,"углерод, сера, фтор",24,0,24,85
6opi,"углерод, сера, хлор",24,0,24,85
6opi,"углерод, сера, галогены",24,0,24,85
6opi,любой тяжёлый атом,24,1,24,85
7nr9,любой углерод,20,0,23,85
7nr9,углерод и сера,21,0,23,85
7nr9,углерод и галогены,22,0,23,85
7nr9,"углерод, сера, фтор",21,0,23,85
7nr9,"углерод, сера, хлор",23,0,23,85
7nr9,"углерод, сера, галогены",23,0,23,85
7nr9,любой тяжёлый атом,23,0,23,85
7nr9,любой углерод,20,0,23,85
7nr9,углерод и сера,21,0,23,85
7nr9,углерод и галогены,22,0,23,85
7nr9,"углерод, сера, фтор",21,0,23,85
7nr9,"углерод, сера, хлор",23,0,23,85
7nr9,"углерод, сера, галогены",23,0,23,85
7nr9,любой тяжёлый атом,23,0,23,85
5k4i,любой углерод,17,0,20,85
5k4i,углерод и сера,17,0,20,85
5k4i,углерод и галогены,19,0,20,85
5k4i,"углерод, сера, фтор",18,0,20,85
5k4i,"углерод, сера, хлор",19,0,20,85
5k4i,"углерод, сера, галогены",20,0,20,85
5k4i,любой тяжёлый атом,20,3,20,85
7nr8,любой углерод,19,0,22,85
7nr8,углерод и сера,20,0,22,85
7nr8,углерод и галогены,21,0,22,85
7nr8,"углерод, сера, фтор",20,0,22,85
7nr8,"углерод, сера, хлор",22,0,22,85
7nr8,"углерод, сера, галогены",22,0,22,85
7nr8,любой тяжёлый атом,22,1,22,85
7nr5,любой углерод,17,0,21,85
7nr5,углерод и сера,18,0,21,85
7nr5,углерод и галогены,19,0,21,85
7nr5,"углерод, сера, фтор",19,0,21,85
7nr5,"углерод, сера, хлор",20,0,21,85
7nr5,"углерод, сера, галогены",21,0,21,85
7nr5,любой тяжёлый атом,21,1,21,85
5lcj,любой углерод,14,0,15,85
5lcj,углерод и сера,14,0,15,85
5lcj,углерод и галогены,15,0,15,85
5lcj,"углерод, сера, фтор",14,0,15,85
5lcj,"углерод, сера, хлор",15,0,15,85
5lcj,"углерод, сера, галогены",15,0,15,85
5lcj,любой тяжёлый атом,15,3,15,85
5lck,любой углерод,17,0,18,85
5lck,углерод и сера,17,0,18,85
5lck,углерод и галогены,17,0,18,85
5lck,"углерод, сера, фтор",18,0,18,85
5lck,"углерод, сера, хлор",17,0,18,85
5lck,"углерод, сера, галогены",18,0,18,85
5lck,любой тяжёлый атом,18,2,18,85
5lck,любой углерод,17,0,18,85
5lck,углерод и сера,17,0,18,85
5lck,углерод и галогены,17,0,18,85
5lck,"углерод, сера, фтор",18,0,18,85
5lck,"углерод, сера, хлор",17,0,18,85
5lck,"углерод, сера, галогены",18,0,18,85
5lck,любой тяжёлый атом,18,2,18,85
4fv6,любой углерод,19,0,21,85
4fv6,углерод и сера,20,0,21,85
4fv6,углерод и галогены,20,0,21,85
4fv6,"углерод, сера, фтор",20,0,21,85
4fv6,"углерод, сера, хлор",21,0,21,85
4fv6,"углерод, сера, галогены",21,0,21,85
4fv6,любой тяжёлый атом,21,4,21,85
1pme,любой углерод,16,0,18,85
1pme,углерод и сера,17,0,18,85
1pme,углерод и галогены,16,0,18,85
1pme,"углерод, сера, фтор",18,0,18,85
1pme,"углерод, сера, хлор",17,0,18,85
1pme,"углерод, сера, галогены",18,0,18,85
1pme,любой тяжёлый атом,18,0,18,85
4fv7,любой углерод,19,0,22,85
4fv7,углерод и сера,20,0,22,85
4fv7,углерод и галогены,21,0,22,85
4fv7,"углерод, сера, фтор",20,0,22,85
4fv7,"углерод, сера, хлор",22,0,22,85
4fv7,"углерод, сера, галогены",22,0,22,85
4fv7,любой тяжёлый атом,22,2,22,85
4fv9,любой углерод,15,0,17,85
4fv9,углерод и сера,16,0,17,85
4fv9,углерод и галогены,15,0,17,85
4fv9,"углерод, сера, фтор",17,0,17,85
4fv9,"углерод, сера, хлор",16,0,17,85
4fv9,"углерод, сера, галогены",17,0,17,85
4fv9,любой тяжёлый атом,17,1,17,85
4qp4,любой углерод,11,0,11,85
4qp4,углерод и сера,11,0,11,85
4qp4,углерод и галогены,11,0,11,85
4qp4,"углерод, сера, фтор",11,0,11,85
4qp4,"углерод, сера, хлор",11,0,11,85
4qp4,"углерод, сера, галогены",11,0,11,85
4qp4,любой тяжёлый атом,11,2,11,85
4qp8,любой углерод,12,0,12,85
4qp8,углерод и сера,12,0,12,85
4qp8,углерод и галогены,12,0,12,85
4qp8,"углерод, сера, фтор",12,0,12,85
4qp8,"углерод, сера, хлор",12,0,12,85
4qp8,"углерод, сера, галогены",12,0,12,85
4qp8,любой тяжёлый атом,12,3,12,85
4qp4,любой углерод,11,0,11,85
4qp4,углерод и сера,11,0,11,85
4qp4,углерод и галогены,11,0,11,85
4qp4,"углерод, сера, фтор",11,0,11,85
4qp4,"углерод, сера, хлор",11,0,11,85
4qp4,"углерод, сера, галогены",11,0,11,85
4qp4,любой тяжёлый атом,11,2,11,85
4qp9,любой углерод,15,0,16,85
4qp9,углерод и сера,16,0,16,85
4qp9,углерод и галогены,15,0,16,85
4qp9,"углерод, сера, фтор",16,0,16,85
4qp9,"углерод, сера, хлор",16,0,16,85
4qp9,"углерод, сера, галогены",16,0,16,85
4qp9,любой тяжёлый атом,16,3,16,85
6gdq,любой углерод,17,0,20,85
6gdq,углерод и сера,18,0,20,85
6gdq,углерод и галогены,19,0,20,85
6gdq,"углерод, сера, фтор",18,0,20,85
6gdq,"углерод, сера, хлор",20,0,20,85
6gdq,"углерод, сера, галогены",20,0,20,85
6gdq,любой тяжёлый атом,20,4,20,85
6g9d,любой углерод,19,0,21,85
6g9d,углерод и сера,19,0,21,85
6g9d,углерод и галогены,21,0,21,85
6g9d,"углерод, сера, фтор",19,0,21,85
6g9d,"углерод, сера, хлор",21,0,21,85
6g9d,"углерод, сера, галогены",21,0,21,85
6g9d,любой тяжёлый атом,21,2,21,85
4qp3,любой углерод,11,0,11,85
4qp3,углерод и сера,11,0,11,85
4qp3,углерод и галогены,11,0,11,85
4qp3,"углерод, сера, фтор",11,0,11,85
4qp3,"углерод, сера, хлор",11,0,11,85
4qp3,"углерод, сера, галогены",11,0,11,85
4qp3,любой тяжёлый атом,11,2,11,85
4qp4,любой углерод,12,0,12,85
4qp4,углерод и сера,12,0,12,85
4qp4,углерод и галогены,12,0,12,85
4qp4,"углерод, сера, фтор",12,0,12,85
4qp4,"углерод, сера, хлор",12,0,12,85
4qp4,"углерод, сера, галогены",12,0,12,85
4qp4,любой тяжёлый атом,12,2,12,85
4qp7,любой углерод,9,0,9,85
4qp7,углерод и сера,9,0,9,85
4qp7,углерод и галогены,9,0,9,85
4qp7,"углерод, сера, фтор",9,0,9,85
4qp7,"углерод, сера, хлор",9,0,9,85
4qp7,"углерод, сера, галогены",9,0,9,85
4qp7,любой тяжёлый атом,9,2,9,85
6g9h,любой углерод,18,0,21,85
6g9h,углерод и сера,19,0,21,85
6g9h,углерод и галогены,20,0,21,85
6g9h,"углерод, сера, фтор",19,0,21,85
6g9h,"углерод, сера, хлор",21,0,21,85
6g9h,"углерод, сера, галогены",21,0,21,85
6g9h,любой тяжёлый атом,21,1,21,85
4qp1,любой углерод,9,0,9,85
4qp1,углерод и сера,9,0,9,85
4qp1,углерод и галогены,9,0,9,85
4qp1,"углерод, сера, фтор",9,0,9,85
4qp1,"углерод, сера, хлор",9,0,9,85
4qp1,"углерод, сера, галогены",9,0,9,85
4qp1,любой тяжёлый атом,9,1,9,85
4qp3,любой углерод,10,0,10,85
4qp3,углерод и сера,10,0,10,85
4qp3,углерод и галогены,10,0,10,85
4qp3,"углерод, сера, фтор",10,0,10,85
4qp3,"углерод, сера, хлор",10,0,10,85
4qp3,"углерод, сера, галогены",10,0,10,85
4qp3,любой тяжёлый атом,10,2,10,85
4qp2,любой углерод,6,0,6,85
4qp2,углерод и сера,6,0,6,85
4qp2,углерод и галогены,6,0,6,85
4qp2,"углерод, сера, фтор",6,0,6,85
4qp2,"углерод, сера, хлор",6,0,6,85
4qp2,"углерод, сера, галогены",6,0,6,85
4qp2,любой тяжёлый атом,6,4,6,85
6slg,любой углерод,17,0,19,85
6slg,углерод и сера,18,0,19,85
6slg,углерод и галогены,17,0,19,85
6slg,"углерод, сера, фтор",19,0,19,85
6slg,"углерод, сера, хлор",18,0,19,85
6slg,"углерод, сера, галогены",19,0,19,85
6slg,любой тяжёлый атом,19,5,19,85
4qpa,любой углерод,15,0,15,85
4qpa,углерод и сера,15,0,15,85
4qpa,углерод и галогены,15,0,15,85
4qpa,"углерод, сера, фтор",15,0,15,85
4qpa,"углерод, сера, хлор",15,0,15,85
4qpa,"углерод, сера, галогены",15,0,15,85
4qpa,любой тяжёлый атом,15,6,15,85
6g97,любой углерод,17,0,20,85
6g97,углерод и сера,18,0,20,85
6g97,углерод и галогены,19,0,20,85
6g97,"углерод, сера, фтор",18,0,20,85
6g97,"углерод, сера, хлор",20,0,20,85
6g97,"углерод, сера, галогены",20,0,20,85
6g97,любой тяжёлый атом,20,0,20,85
4qp8,любой углерод,15,0,15,85
4qp8,углерод и сера,15,0,15,85
4qp8,углерод и галогены,15,0,15,85
4qp8,"углерод, сера, фтор",15,0,15,85
4qp8,"углерод, сера, хлор",15,0,15,85
4qp8,"углерод, сера, галогены",15,0,15,85
4qp8,любой тяжёлый атом,15,2,15,85
4qp4,любой углерод,9,0,9,85
4qp4,углерод и сера,9,0,9,85
4qp4,углерод и галогены,9,0,9,85
4qp4,"углерод, сера, фтор",9,0,9,85
4qp4,"углерод, сера, хлор",9,0,9,85
4qp4,"углерод, сера, галогены",9,0,9,85
4qp4,любой тяжёлый атом,9,2,9,85
6g9k,любой углерод,20,0,22,85
6g9k,углерод и сера,20,0,22,85
6g9k,углерод и галогены,22,0,22,85
6g9k,"углерод, сера, фтор",20,0,22,85
6g9k,"углерод, сера, хлор",22,0,22,85
6g9k,"углерод, сера, галогены",22,0,22,85
6g9k,любой тяжёлый атом,22,1,22,85
6g91,любой углерод,10,0,11,85
6g91,углерод и сера,10,0,11,85
6g91,углерод и галогены,11,0,11,85
6g91,"углерод, сера, фтор",10,0,11,85
6g91,"углерод, сера, хлор",11,0,11,85
6g91,"углерод, сера, галогены",11,0,11,85
6g91,любой тяжёлый атом,11,0,11,85
4o6e,любой углерод,16,0,21,85
4o6e,углерод и сера,17,0,21,85
4o6e,углерод и галогены,18,0,21,85
4o6e,"углерод, сера, фтор",20,0,21,85
4o6e,"углерод, сера, хлор",19,0,21,85
4o6e,"углерод, сера, галогены",21,0,21,85
4o6e,любой тяжёлый атом,21,2,21,85
6g9m,любой углерод,18,0,21,85
6g9m,углерод и сера,19,0,21,85
6g9m,углерод и галогены,20,0,21,85
6g9m,"углерод, сера, фтор",19,0,21,85
6g9m,"углерод, сера, хлор",21,0,21,85
6g9m,"углерод, сера, галогены",21,0,21,85
6g9m,любой тяжёлый атом,21,3,21,85
6ge0,любой углерод,20,0,23,85
6ge0,углерод и сера,21,0,23,85
6ge0,углерод и галогены,22,0,23,85
6ge0,"углерод, сера, фтор",21,0,23,85
6ge0,"углерод, сера, хлор",23,0,23,85
6ge0,"углерод, сера, галогены",23,0,23,85
6ge0,любой тяжёлый атом,23,0,23,85
6g97,любой углерод,17,0,20,85
6g97,углерод и сера,18,0,20,85
6g97,углерод и галогены,19,0,20,85
6g97,"углерод, сера, фтор",18,0,20,85
6g97,"углерод, сера, хлор",20,0,20,85
6g97,"углерод, сера, галогены",20,0,20,85
6g97,любой тяжёлый атом,20,0,20,85
6g93,любой углерод,13,0,16,85
6g93,углерод и сера,14,0,16,85
6g93,углерод и галогены,15,0,16,85
6g93,"углерод, сера, фтор",14,0,16,85
6g93,"углерод, сера, хлор",16,0,16,85
6g93,"углерод, сера, галогены",16,0,16,85
6g93,любой тяжёлый атом,16,0,16,85
6g9h,любой углерод,18,0,21,85
6g9h,углерод и сера,19,0,21,85
6g9h,углерод и галогены,20,0,21,85
6g9h,"углерод, сера, фтор",19,0,21,85
6g9h,"углерод, сера, хлор",21,0,21,85
6g9h,"углерод, сера, галогены",21,0,21,85
6g9h,любой тяжёлый атом,21,1,21,85
2y9q,любой углерод,9,0,9,85
2y9q,углерод и сера,9,0,9,85
2y9q,углерод и галогены,9,0,9,85
2y9q,"углерод, сера, фтор",9,0,9,85
2y9q,"углерод, сера, хлор",9,0,9,85
2y9q,"углерод, сера, галогены",9,0,9,85
2y9q,любой тяжёлый атом,9,15,9,85
6gdq,любой углерод,17,0,20,85
6gdq,углерод и сера,18,0,20,85
6gdq,углерод и галогены,19,0,20,85
6gdq,"углерод, сера, фтор",18,0,20,85
6gdq,"углерод, сера, хлор",20,0,20,85
6gdq,"углерод, сера, галогены",20,0,20,85
6gdq,любой тяжёлый атом,20,4,20,85
6g9k,любой углерод,20,0,22,85
6g9k,углерод и сера,20,0,22,85
6g9k,углерод и галогены,22,0,22,85
6g9k,"углерод, сера, фтор",20,0,22,85
6g9k,"углерод, сера, хлор",22,0,22,85
6g9k,"углерод, сера, галогены",22,0,22,85
6g9k,любой тяжёлый атом,22,1,22,85
6g9m,любой углерод,18,0,21,85
6g9m,углерод и сера,19,0,21,85
6g9m,углерод и галогены,20,0,21,85
6g9m,"углерод, сера, фтор",19,0,21,85
6g9m,"углерод, сера, хлор",21,0,21,85
6g9m,"углерод, сера, галогены",21,0,21,85
6g9m,любой тяжёлый атом,21,3,21,85
6g91,любой углерод,10,0,11,85
6g91,углерод и сера,10,0,11,85
6g91,углерод и галогены,11,0,11,85
6g91,"углерод, сера, фтор",10,0,11,85
6g91,"углерод, сера, хлор",11,0,11,85
6g91,"углерод, сера, галогены",11,0,11,85
6g91,любой тяжёлый атом,11,0,11,85
6g93,любой углерод,13,0,16,85
6g93,углерод и сера,14,0,16,85
6g93,углерод и галогены,15,0,16,85
6g93,"углерод, сера, фтор",14,0,16,85
6g93,"углерод, сера, хлор",16,0,16,85
6g93,"углерод, сера, галогены",16,0,16,85
6g93,любой тяжёлый атом,16,0,16,85
4fv4,любой углерод,16,0,16,85
4fv4,углерод и сера,16,0,16,85
4fv4,углерод и галогены,16,0,16,85
4fv4,"углерод, сера, фтор",16,0,16,85
4fv4,"углерод, сера, хлор",16,0,16,85
4fv4,"углерод, сера, галогены",16,0,16,85
4fv4,любой тяжёлый атом,16,1,16,85
4o6e,любой углерод,16,0,21,85
4o6e,углерод и сера,17,0,21,85
4o6e,углерод и галогены,18,0,21,85
4o6e,"углерод, сера, фтор",20,0,21,85
4o6e,"углерод, сера, хлор",19,0,21,85
4o6e,"углерод, сера, галогены",21,0,21,85
4o6e,любой тяжёлый атом,21,2,21,85
5buj,любой углерод,15,0,15,85
5buj,углерод и сера,15,0,15,85
5buj,углерод и галогены,15,0,15,85
5buj,"углерод, сера, фтор",15,0,15,85
5buj,"углерод, сера, хлор",15,0,15,85
5buj,"углерод, сера, галогены",15,0,15,85
5buj,любой тяжёлый атом,15,3,15,85
5buj,любой углерод,15,0,15,85
5buj,углерод и сера,15,0,15,85
5buj,углерод и галогены,15,0,15,85
5buj,"углерод, сера, фтор",15,0,15,85
5buj,"углерод, сера, хлор",15,0,15,85
5buj,"углерод, сера, галогены",15,0,15,85
5buj,любой тяжёлый атом,15,3,15,85
5bui,любой углерод,13,0,15,85
5bui,углерод и сера,14,0,15,85
5bui,углерод и галогены,13,0,15,85
5bui,"углерод, сера, фтор",15,0,15,85
5bui,"углерод, сера, хлор",14,0,15,85
5bui,"углерод, сера, галогены",15,0,15,85
5bui,любой тяжёлый атом,15,3,15,85
4qte,любой углерод,21,0,22,85
4qte,углерод и сера,22,0,22,85
4qte,углерод и галогены,21,0,22,85
4qte,"углерод, сера, фтор",22,0,22,85
4qte,"углерод, сера, хлор",22,0,22,85
4qte,"углерод, сера, галогены",22,0,22,85
4qte,любой тяжёлый атом,22,3,22,85
4g6o,любой углерод,15,0,16,85
4g6o,углерод и сера,16,0,16,85
4g6o,углерод и галогены,15,0,16,85
4g6o,"углерод, сера, фтор",16,0,16,85
4g6o,"углерод, сера, хлор",16,0,16,85
4g6o,"углерод, сера, галогены",16,0,16,85
4g6o,любой тяжёлый атом,16,4,16,85
4xj0,любой углерод,16,0,22,85
4xj0,углерод и сера,17,0,22,85
4xj0,углерод и галогены,21,0,22,85
4xj0,"углерод, сера, фтор",18,0,22,85
4xj0,"углерод, сера, хлор",22,0,22,85
4xj0,"углерод, сера, галогены",22,0,22,85
4xj0,любой тяжёлый атом,22,2,22,85
4xj0,любой углерод,15,0,21,85
4xj0,углерод и сера,16,0,21,85
4xj0,углерод и галогены,19,0,21,85
4xj0,"углерод, сера, фтор",18,0,21,85
4xj0,"углерод, сера, хлор",20,0,21,85
4xj0,"углерод, сера, галогены",21,0,21,85
4xj0,любой тяжёлый атом,21,3,21,85
4nif,любой углерод,10,0,10,85
4nif,углерод и сера,10,0,10,85
4nif,углерод и галогены,10,0,10,85
4nif,"углерод, сера, фтор",10,0,10,85
4nif,"углерод, сера, хлор",10,0,10,85
4nif,"углерод, сера, галогены",10,0,10,85
4nif,любой тяжёлый атом,10,15,10,85
2y9q,любой углерод,9,0,9,85
2y9q,углерод и сера,9,0,9,85
2y9q,углерод и галогены,9,0,9,85
2y9q,"углерод, сера, фтор",9,0,9,85
2y9q,"углерод, сера, хлор",9,0,9,85
2y9q,"углерод, сера, галогены",9,0,9,85
2y9q,любой тяжёлый атом,9,14,9,85
3w55,любой углерод,10,0,10,85
3w55,углерод и сера,10,0,10,85
3w55,углерод и галогены,10,0,10,85
3w55,"углерод, сера, фтор",10,0,10,85
3w55,"углерод, сера, хлор",10,0,10,85
3w55,"углерод, сера, галогены",10,0,10,85
3w55,любой тяжёлый атом,10,9,10,85
4fux,любой углерод,13,0,13,85
4fux,углерод и сера,13,0,13,85
4fux,углерод и галогены,13,0,13,85
4fux,"углерод, сера, фтор",13,0,13,85
4fux,"углерод, сера, хлор",13,0,13,85
4fux,"углерод, сера, галогены",13,0,13,85
4fux,любой тяжёлый атом,13,1,13,85
6g9d,любой углерод,19,0,21,85
6g9d,углерод и сера,19,0,21,85
6g9d,углерод и галогены,21,0,21,85
6g9d,"углерод, сера, фтор",19,0,21,85
6g9d,"углерод, сера, хлор",21,0,21,85
6g9d,"углерод, сера, галогены",21,0,21,85
6g9d,любой тяжёлый атом,21,2,21,85
2oji,любой углерод,12,0,14,85
2oji,углерод и сера,13,0,14,85
2oji,углерод и галогены,13,0,14,85
2oji,"углерод, сера, фтор",13,0,14,85
2oji,"углерод, сера, хлор",14,0,14,85
2oji,"углерод, сера, галогены",14,0,14,85
2oji,любой тяжёлый атом,14,4,14,85
4fv2,любой углерод,16,0,16,85
4fv2,углерод и сера,16,0,16,85
4fv2,углерод и галогены,16,0,16,85
4fv2,"углерод, сера, фтор",16,0,16,85
4fv2,"углерод, сера, хлор",16,0,16,85
4fv2,"углерод, сера, галогены",16,0,16,85
4fv2,любой тяжёлый атом,16,6,16,85
4qp7,любой углерод,10,0,10,85
4qp7,углерод и сера,10,0,10,85
4qp7,углерод и галогены,10,0,10,85
4qp7,"углерод, сера, фтор",10,0,10,85
4qp7,"углерод, сера, хлор",10,0,10,85
4qp7,"углерод, сера, галогены",10,0,10,85
4qp7,любой тяжёлый атом,10,1,10,85
4qp1,любой углерод,11,0,11,85
4qp1,углерод и сера,11,0,11,85
4qp1,углерод и галогены,11,0,11,85
4qp1,"углерод, сера, фтор",11,0,11,85
4qp1,"углерод, сера, хлор",11,0,11,85
4qp1,"углерод, сера, галогены",11,0,11,85
4qp1,любой тяжёлый атом,11,1,11,85
4qpa,любой углерод,15,0,15,85
4qpa,углерод и сера,15,0,15,85
4qpa,углерод и галогены,15,0,15,85
4qpa,"углерод, сера, фтор",15,0,15,85
4qpa,"углерод, сера, хлор",15,0,15,85
4qpa,"углерод, сера, галогены",15,0,15,85
4qpa,любой тяжёлый атом,15,5,15,85
5bvf,любой углерод,19,0,20,85
5bvf,углерод и сера,20,0,20,85
5bvf,углерод и галогены,19,0,20,85
5bvf,"углерод, сера, фтор",20,0,20,85
5bvf,"углерод, сера, хлор",20,0,20,85
5bvf,"углерод, сера, галогены",20,0,20,85
5bvf,любой тяжёлый атом,20,5,20,85
5bvd,любой углерод,18,0,20,85
5bvd,углерод и сера,19,0,20,85
5bvd,углерод и галогены,19,0,20,85
5bvd,"углерод, сера, фтор",19,0,20,85
5bvd,"углерод, сера, хлор",20,0,20,85
5bvd,"углерод, сера, галогены",20,0,20,85
5bvd,любой тяжёлый атом,20,5,20,85
5bve,любой углерод,19,0,20,85
5bve,углерод и сера,20,0,20,85
5bve,углерод и галогены,19,0,20,85
5bve,"углерод, сера, фтор",20,0,20,85
5bve,"углерод, сера, хлор",20,0,20,85
5bve,"углерод, сера, галогены",20,0,20,85
5bve,любой тяжёлый атом,20,5,20,85
5bvd,любой углерод,18,0,20,85
5bvd,углерод и сера,19,0,20,85
5bvd,углерод и галогены,19,0,20,85
5bvd,"углерод, сера, фтор",19,0,20,85
5bvd,"углерод, сера, хлор",20,0,20,85
5bvd,"углерод, сера, галогены",20,0,20,85
5bvd,любой тяжёлый атом,20,5,20,85
5bvf,любой углерод,19,0,20,85
5bvf,углерод и сера,20,0,20,85
5bvf,углерод и галогены,19,0,20,85
5bvf,"углерод, сера, фтор",20,0,20,85
5bvf,"углерод, сера, хлор",20,0,20,85
5bvf,"углерод, сера, галогены",20,0,20,85
5bvf,любой тяжёлый атом,20,5,20,85
5bve,любой углерод,19,0,20,85
5bve,углерод и сера,20,0,20,85
5bve,углерод и галогены,19,0,20,85
5bve,"углерод, сера, фтор",20,0,20,85
5bve,"углерод, сера, хлор",20,0,20,85
5bve,"углерод, сера, галогены",20,0,20,85
5bve,любой тяжёлый атом,20,5,20,85
5bue,любой углерод,17,0,17,85
5bue,углерод и сера,17,0,17,85
5bue,углерод и галогены,17,0,17,85
5bue,"углерод, сера, фтор",17,0,17,85
5bue,"углерод, сера, хлор",17,0,17,85
5bue,"углерод, сера, галогены",17,0,17,85
5bue,любой тяжёлый атом,17,4,17,85
4h3p,любой углерод,8,0,8,85
4h3p,углерод и сера,8,0,8,85
4h3p,углерод и галогены,8,0,8,85
4h3p,"углерод, сера, фтор",8,0,8,85
4h3p,"углерод, сера, хлор",8,0,8,85
4h3p,"углерод, сера, галогены",8,0,8,85
4h3p,любой тяжёлый атом,8,12,8,85
4qta,любой углерод,22,0,22,85
4qta,углерод и сера,22,0,22,85
4qta,углерод и галогены,22,0,22,85
4qta,"углерод, сера, фтор",22,0,22,85
4qta,"углерод, сера, хлор",22,0,22,85
4qta,"углерод, сера, галогены",22,0,22,85
4qta,любой тяжёлый атом,22,1,22,85
3i5z,любой углерод,20,0,21,85
3i5z,углерод и сера,21,0,21,85
3i5z,углерод и галогены,20,0,21,85
3i5z,"углерод, сера, фтор",21,0,21,85
3i5z,"углерод, сера, хлор",21,0,21,85
3i5z,"углерод, сера, галогены",21,0,21,85
3i5z,любой тяжёлый атом,21,3,21,85
4fv3,любой углерод,14,0,18,85
4fv3,углерод и сера,15,0,18,85
4fv3,углерод и галогены,17,0,18,85
4fv3,"углерод, сера, фтор",16,0,18,85
4fv3,"углерод, сера, хлор",18,0,18,85
4fv3,"углерод, сера, галогены",18,0,18,85
4fv3,любой тяжёлый атом,18,6,18,85
3i60,любой углерод,20,0,21,85
3i60,углерод и сера,21,0,21,85
3i60,углерод и галогены,20,0,21,85
3i60,"углерод, сера, фтор",21,0,21,85
3i60,"углерод, сера, хлор",21,0,21,85
3i60,"углерод, сера, галогены",21,0,21,85
3i60,любой тяжёлый атом,21,4,21,85
4nif,любой углерод,10,0,10,85
4nif,углерод и сера,10,0,10,85
4nif,углерод и галогены,10,0,10,85
4nif,"углерод, сера, фтор",10,0,10,85
4nif,"углерод, сера, хлор",10,0,10,85
4nif,"углерод, сера, галогены",10,0,10,85
4nif,любой тяжёлый атом,10,15,10,85
1tvo,любой углерод,10,0,11,85
1tvo,углерод и сера,11,0,11,85
1tvo,углерод и галогены,10,0,11,85
1tvo,"углерод, сера, фтор",11,0,11,85
1tvo,"углерод, сера, хлор",11,0,11,85
1tvo,"углерод, сера, галогены",11,0,11,85
1tvo,любой тяжёлый атом,11,5,11,85
4fv1,любой углерод,18,0,18,85
4fv1,углерод и сера,18,0,18,85
4fv1,углерод и галогены,18,0,18,85
4fv1,"углерод, сера, фтор",18,0,18,85
4fv1,"углерод, сера, хлор",18,0,18,85
4fv1,"углерод, сера, галогены",18,0,18,85
4fv1,любой тяжёлый атом,18,5,18,85
4fv9,любой углерод,14,0,16,85
4fv9,углерод и сера,15,0,16,85
4fv9,углерод и галогены,14,0,16,85
4fv9,"углерод, сера, фтор",16,0,16,85
4fv9,"углерод, сера, хлор",15,0,16,85
4fv9,"углерод, сера, галогены",16,0,16,85
4fv9,любой тяжёлый атом,16,1,16,85
4qte,любой углерод,21,0,22,85
4qte,углерод и сера,22,0,22,85
4qte,углерод и галогены,21,0,22,85
4qte,"углерод, сера, фтор",22,0,22,85
4qte,"углерод, сера, хлор",22,0,22,85
4qte,"углерод, сера, галогены",22,0,22,85
4qte,любой тяжёлый атом,22,3,22,85
4nif,любой углерод,9,0,9,85
4nif,углерод и сера,9,0,9,85
4nif,углерод и галогены,9,0,9,85
4nif,"углерод, сера, фтор",9,0,9,85
4nif,"углерод, сера, хлор",9,0,9,85
4nif,"углерод, сера, галогены",9,0,9,85
4nif,любой тяжёлый атом,9,15,9,85
7opm,любой углерод,14,0,14,85
7opm,углерод и сера,14,0,14,85
7opm,углерод и галогены,14,0,14,85
7opm,"углерод, сера, фтор",14,0,14,85
7opm,"углерод, сера, хлор",14,0,14,85
7opm,"углерод, сера, галогены",14,0,14,85
7opm,любой тяжёлый атом,14,4,14,85
7opm,любой углерод,14,0,14,85
7opm,углерод и сера,14,0,14,85
7opm,углерод и галогены,14,0,14,85
7opm,"углерод, сера, фтор",14,0,14,85
7opm,"углерод, сера, хлор",14,0,14,85
7opm,"углерод, сера, галогены",14,0,14,85
7opm,любой тяжёлый атом,14,4,14,85
7w5o,любой углерод,8,0,9,85
7w5o,углерод и сера,8,0,9,85
7w5o,углерод и галогены,9,0,9,85
7w5o,"углерод, сера, фтор",8,0,9,85
7w5o,"углерод, сера, хлор",8,0,9,85
7w5o,"углерод, сера, галогены",9,0,9,85
7w5o,любой тяжёлый атом,9,6,9,85
8ao5,любой углерод,9,0,9,85
8ao5,углерод и сера,9,0,9,85
8ao5,углерод и галогены,9,0,9,85
8ao5,"углерод, сера, фтор",9,0,9,85
8ao5,"углерод, сера, хлор",9,0,9,85
8ao5,"углерод, сера, галогены",9,0,9,85
8ao5,любой тяжёлый атом,9,3,9,85
8aoi,любой углерод,10,0,10,85
8aoi,углерод и сера,10,0,10,85
8aoi,углерод и галогены,10,0,10,85
8aoi,"углерод, сера, фтор",10,0,10,85
8aoi,"углерод, сера, хлор",10,0,10,85
8aoi,"углерод, сера, галогены",10,0,10,85
8aoi,любой тяжёлый атом,10,2,10,85
4fv2,любой углерод,17,0,17,85
4fv2,углерод и сера,17,0,17,85
4fv2,углерод и галогены,17,0,17,85
4fv2,"углерод, сера, фтор",17,0,17,85
4fv2,"углерод, сера, хлор",17,0,17,85
4fv2,"углерод, сера, галогены",17,0,17,85
4fv2,любой тяжёлый атом,17,6,17,85
6qal,любой углерод,1,0,2,85
6qal,углерод и сера,2,0,2,85
6qal,углерод и галогены,1,0,2,85
6qal,"углерод, сера, фтор",2,0,2,85
6qal,"углерод, сера, хлор",2,0,2,85
6qal,"углерод, сера, галогены",2,0,2,85
6qal,любой тяжёлый атом,2,1,2,85
6slg,любой углерод,17,0,19,85
6slg,углерод и сера,18,0,19,85
6slg,углерод и галогены,17,0,19,85
6slg,"углерод, сера, фтор",19,0,19,85
6slg,"углерод, сера, хлор",18,0,19,85
6slg,"углерод, сера, галогены",19,0,19,85
6slg,любой тяжёлый атом,19,5,19,85
6ge0,любой углерод,20,0,23,85
6ge0,углерод и сера,21,0,23,85
6ge0,углерод и галогены,22,0,23,85
6ge0,"углерод, сера, фтор",21,0,23,85
6ge0,"углерод, сера, хлор",23,0,23,85
6ge0,"углерод, сера, галогены",23,0,23,85
6ge0,любой тяжёлый атом,23,0,23,85
8pt1,любой углерод,9,0,9,85
8pt1,углерод и сера,9,0,9,85
8pt1,углерод и галогены,9,0,9,85
8pt1,"углерод, сера, фтор",9,0,9,85
8pt1,"углерод, сера, хлор",9,0,9,85
8pt1,"углерод, сера, галогены",9,0,9,85
8pt1,любой тяжёлый атом,9,15,9,85
8pt0,любой углерод,9,0,9,85
8pt0,углерод и сера,9,0,9,85
8pt0,углерод и галогены,9,0,9,85
8pt0,"углерод, сера, фтор",9,0,9,85
8pt0,"углерод, сера, хлор",9,0,9,85
8pt0,"углерод, сера, галогены",9,0,9,85
8pt0,любой тяжёлый атом,9,15,9,85
8pt5,любой углерод,9,0,9,85
8pt5,углерод и сера,9,0,9,85
8pt5,углерод и галогены,9,0,9,85
8pt5,"углерод, сера, фтор",9,0,9,85
8pt5,"углерод, сера, хлор",9,0,9,85
8pt5,"углерод, сера, галогены",9,0,9,85
8pt5,любой тяжёлый атом,9,14,9,85
8pt5,любой углерод,9,0,9,85
8pt5,углерод и сера,9,0,9,85
8pt5,углерод и галогены,9,0,9,85
8pt5,"углерод, сера, фтор",9,0,9,85
8pt5,"углерод, сера, хлор",9,0,9,85
8pt5,"углерод, сера, галогены",9,0,9,85
8pt5,любой тяжёлый атом,9,14,9,85
8psr,любой углерод,9,0,10,85
8psr,углерод и сера,10,0,10,85
8psr,углерод и галогены,9,0,10,85
8psr,"углерод, сера, фтор",10,0,10,85
8psr,"углерод, сера, хлор",10,0,10,85
8psr,"углерод, сера, галогены",10,0,10,85
8psr,любой тяжёлый атом,10,14,10,85
8psr,любой углерод,9,0,10,85
8psr,углерод и сера,10,0,10,85
8psr,углерод и галогены,9,0,10,85
8psr,"углерод, сера, фтор",10,0,10,85
8psr,"углерод, сера, хлор",10,0,10,85
8psr,"углерод, сера, галогены",10,0,10,85
8psr,любой тяжёлый атом,10,14,10,85
4g6n,любой углерод,10,0,11,85
4g6n,углерод и сера,10,0,11,85
4g6n,углерод и галогены,11,0,11,85
4g6n,"углерод, сера, фтор",10,0,11,85
4g6n,"углерод, сера, хлор",11,0,11,85
4g6n,"углерод, сера, галогены",11,0,11,85
4g6n,любой тяжёлый атом,11,2,11,85
8pt0,любой углерод,9,0,9,85
8pt0,углерод и сера,9,0,9,85
8pt0,углерод и галогены,9,0,9,85
8pt0,"углерод, сера, фтор",9,0,9,85
8pt0,"углерод, сера, хлор",9,0,9,85
8pt0,"углерод, сера, галогены",9,0,9,85
8pt0,любой тяжёлый атом,9,15,9,85
4fv5,любой углерод,21,0,21,85
4fv5,углерод и сера,21,0,21,85
4fv5,углерод и галогены,21,0,21,85
4fv5,"углерод, сера, фтор",21,0,21,85
4fv5,"углерод, сера, хлор",21,0,21,85
4fv5,"углерод, сера, галогены",21,0,21,85
4fv5,любой тяжёлый атом,21,4,21,85
8ao2,любой углерод,10,0,10,85
8ao2,углерод и сера,10,0,10,85
8ao2,углерод и галогены,10,0,10,85
8ao2,"углерод, сера, фтор",10,0,10,85
8ao2,"углерод, сера, хлор",10,0,10,85
8ao2,"углерод, сера, галогены",10,0,10,85
8ao2,любой тяжёлый атом,10,3,10,85
4fv8,любой углерод,14,0,14,85
4fv8,углерод и сера,14,0,14,85
4fv8,углерод и галогены,14,0,14,85
4fv8,"углерод, сера, фтор",14,0,14,85
4fv8,"углерод, сера, хлор",14,0,14,85
4fv8,"углерод, сера, галогены",14,0,14,85
4fv8,любой тяжёлый атом,14,4,14,85
8ao6,любой углерод,8,0,9,85
8ao6,углерод и сера,9,0,9,85
8ao6,углерод и галогены,8,0,9,85
8ao6,"углерод, сера, фтор",9,0,9,85
8ao6,"углерод, сера, хлор",9,0,9,85
8ao6,"углерод, сера, галогены",9,0,9,85
8ao6,любой тяжёлый атом,9,4,9,85
4qta,любой углерод,22,0,22,85
4qta,углерод и сера,22,0,22,85
4qta,углерод и галогены,22,0,22,85
4qta,"углерод, сера, фтор",22,0,22,85
4qta,"углерод, сера, хлор",22,0,22,85
4qta,"углерод, сера, галогены",22,0,22,85
4qta,любой тяжёлый атом,22,1,22,85
8aoh,любой углерод,8,0,8,85
8aoh,углерод и сера,8,0,8,85
8aoh,углерод и галогены,8,0,8,85
8aoh,"углерод, сера, фтор",8,0,8,85
8aoh,"углерод, сера, хлор",8,0,8,85
8aoh,"углерод, сера, галогены",8,0,8,85
8aoh,любой тяжёлый атом,8,3,8,85
8ao6,любой углерод,8,0,9,85
8ao6,углерод и сера,9,0,9,85
8ao6,углерод и галогены,8,0,9,85
8ao6,"углерод, сера, фтор",9,0,9,85
8ao6,"углерод, сера, хлор",9,0,9,85
8ao6,"углерод, сера, галогены",9,0,9,85
8ao6,любой тяжёлый атом,9,4,9,85
8ao7,любой углерод,13,0,13,85
8ao7,углерод и сера,13,0,13,85
8ao7,углерод и галогены,13,0,13,85
8ao7,"углерод, сера, фтор",13,0,13,85
8ao7,"углерод, сера, хлор",13,0,13,85
8ao7,"углерод, сера, галогены",13,0,13,85
8ao7,любой тяжёлый атом,13,2,13,85
2ojg,любой углерод,14,0,14,85
2ojg,углерод и сера,14,0,14,85
2ojg,углерод и галогены,14,0,14,85
2ojg,"углерод, сера, фтор",14,0,14,85
2ojg,"углерод, сера, хлор",14,0,14,85
2ojg,"углерод, сера, галогены",14,0,14,85
2ojg,любой тяжёлый атом,14,3,14,85
4fmq,любой углерод,9,0,9,85
4fmq,углерод и сера,9,0,9,85
4fmq,углерод и галогены,9,0,9,85
4fmq,"углерод, сера, фтор",9,0,9,85
4fmq,"углерод, сера, хлор",9,0,9,85
4fmq,"углерод, сера, галогены",9,0,9,85
4fmq,любой тяжёлый атом,9,14,9,85
4zzn,любой углерод,16,0,17,85
4zzn,углерод и сера,16,0,17,85
4zzn,углерод и галогены,17,0,17,85
4zzn,"углерод, сера, фтор",16,0,17,85
4zzn,"углерод, сера, хлор",17,0,17,85
4zzn,"углерод, сера, галогены",17,0,17,85
4zzn,любой тяжёлый атом,17,2,17,85
7xc1,любой углерод,9,0,11,85
7xc1,углерод и сера,9,0,11,85
7xc1,углерод и галогены,11,0,11,85
7xc1,"углерод, сера, фтор",9,0,11,85
7xc1,"углерод, сера, хлор",9,0,11,85
7xc1,"углерод, сера, галогены",11,0,11,85
7xc1,любой тяжёлый атом,11,4,11,85
4zzo,любой углерод,15,0,16,85
4zzo,углерод и сера,15,0,16,85
4zzo,углерод и галогены,16,0,16,85
4zzo,"углерод, сера, фтор",15,0,16,85
4zzo,"углерод, сера, хлор",16,0,16,85
4zzo,"углерод, сера, галогены",16,0,16,85
4zzo,любой тяжёлый атом,16,4,16,85
3tei,любой углерод,11,0,11,85
3tei,углерод и сера,11,0,11,85
3tei,углерод и галогены,11,0,11,85
3tei,"углерод, сера, фтор",11,0,11,85
3tei,"углерод, сера, хлор",11,0,11,85
3tei,"углерод, сера, галогены",11,0,11,85
3tei,любой тяжёлый атом,11,9,11,85
4g6n,любой углерод,10,0,11,85
4g6n,углерод и сера,10,0,11,85
4g6n,углерод и галогены,11,0,11,85
4g6n,"углерод, сера, фтор",10,0,11,85
4g6n,"углерод, сера, хлор",11,0,11,85
4g6n,"углерод, сера, галогены",11,0,11,85
4g6n,любой тяжёлый атом,11,2,11,85
4zzn,любой углерод,16,0,17,85
4zzn,углерод и сера,16,0,17,85
4zzn,углерод и галогены,17,0,17,85
4zzn,"углерод, сера, фтор",16,0,17,85
4zzn,"углерод, сера, хлор",17,0,17,85
4zzn,"углерод, сера, галогены",17,0,17,85
4zzn,любой тяжёлый атом,17,2,17,85
4h3q,любой углерод,9,0,9,85
4h3q,углерод и сера,9,0,9,85
4h3q,углерод и галогены,9,0,9,85
4h3q,"углерод, сера, фтор",9,0,9,85
4h3q,"углерод, сера, хлор",9,0,9,85
4h3q,"углерод, сера, галогены",9,0,9,85
4h3q,любой тяжёлый атом,9,15,9,85
2ojj,любой углерод,14,0,18,85
2ojj,углерод и сера,15,0,18,85
2ojj,углерод и галогены,16,0,18,85
2ojj,"углерод, сера, фтор",17,0,18,85
2ojj,"углерод, сера, хлор",17,0,18,85
2ojj,"углерод, сера, галогены",18,0,18,85
2ojj,любой тяжёлый атом,18,7,18,85
4fv1,любой углерод,18,0,18,85
4fv1,углерод и сера,18,0,18,85
4fv1,углерод и галогены,18,0,18,85
4fv1,"углерод, сера, фтор",18,0,18,85
4fv1,"углерод, сера, хлор",18,0,18,85
4fv1,"углерод, сера, галогены",18,0,18,85
4fv1,любой тяжёлый атом,18,5,18,85
7x4u,любой углерод,7,0,8,85
7x4u,углерод и сера,7,0,8,85
7x4u,углерод и галогены,8,0,8,85
7x4u,"углерод, сера, фтор",7,0,8,85
7x4u,"углерод, сера, хлор",7,0,8,85
7x4u,"углерод, сера, галогены",8,0,8,85
7x4u,любой тяжёлый атом,8,5,8,85
4fv7,любой углерод,19,0,22,85
4fv7,углерод и сера,20,0,22,85
4fv7,углерод и галогены,21,0,22,85
4fv7,"углерод, сера, фтор",20,0,22,85
4fv7,"углерод, сера, хлор",22,0,22,85
4fv7,"углерод, сера, галогены",22,0,22,85
4fv7,любой тяжёлый атом,22,2,22,85
5ax3,любой углерод,9,0,11,85
5ax3,углерод и сера,9,0,11,85
5ax3,углерод и галогены,11,0,11,85
5ax3,"углерод, сера, фтор",9,0,11,85
5ax3,"углерод, сера, хлор",9,0,11,85
5ax3,"углерод, сера, галогены",11,0,11,85
5ax3,любой тяжёлый атом,11,3,11,85
7x4u,любой углерод,7,0,8,85
7x4u,углерод и сера,7,0,8,85
7x4u,углерод и галогены,8,0,8,85
7x4u,"углерод, сера, фтор",7,0,8,85
7x4u,"углерод, сера, хлор",7,0,8,85
7x4u,"углерод, сера, галогены",8,0,8,85
7x4u,любой тяжёлый атом,8,5,8,85
5lcj,любой углерод,14,0,15,85
5lcj,углерод и сера,14,0,15,85
5lcj,углерод и галогены,15,0,15,85
5lcj,"углерод, сера, фтор",14,0,15,85
5lcj,"углерод, сера, хлор",15,0,15,85
5lcj,"углерод, сера, галогены",15,0,15,85
5lcj,любой тяжёлый атом,15,3,15,85
4zzm,любой углерод,13,0,13,85
4zzm,углерод и сера,13,0,13,85
4zzm,углерод и галогены,13,0,13,85
4zzm,"углерод, сера, фтор",13,0,13,85
4zzm,"углерод, сера, хлор",13,0,13,85
4zzm,"углерод, сера, галогены",13,0,13,85
4zzm,любой тяжёлый атом,13,2,13,85
2x7f,любой углерод,15,0,15,85
2x7f,углерод и сера,15,0,15,85
2x7f,углерод и галогены,15,0,15,85
2x7f,"углерод, сера, фтор",15,0,15,85
2x7f,"углерод, сера, хлор",15,0,15,85
2x7f,"углерод, сера, галогены",15,0,15,85
2x7f,любой тяжёлый атом,15,3,15,85
6ra5,любой углерод,10,0,12,85
6ra5,углерод и сера,10,0,12,85
6ra5,углерод и галогены,11,0,12,85
6ra5,"углерод, сера, фтор",11,0,12,85
6ra5,"углерод, сера, хлор",10,0,12,85
6ra5,"углерод, сера, галогены",12,0,12,85
6ra5,любой тяжёлый атом,12,4,12,85
2x7f,любой углерод,15,0,15,85
2x7f,углерод и сера,15,0,15,85
2x7f,углерод и галогены,15,0,15,85
2x7f,"углерод, сера, фтор",15,0,15,85
2x7f,"углерод, сера, хлор",15,0,15,85
2x7f,"углерод, сера, галогены",15,0,15,85
2x7f,любой тяжёлый атом,15,3,15,85
2x7f,любой углерод,15,0,15,85
2x7f,углерод и сера,15,0,15,85
2x7f,углерод и галогены,15,0,15,85
2x7f,"углерод, сера, фтор",15,0,15,85
2x7f,"углерод, сера, хлор",15,0,15,85
2x7f,"углерод, сера, галогены",15,0,15,85
2x7f,любой тяжёлый атом,15,3,15,85
2x7f,любой углерод,15,0,15,85
2x7f,углерод и сера,15,0,15,85
2x7f,углерод и галогены,15,0,15,85
2x7f,"углерод, сера, фтор",15,0,15,85
2x7f,"углерод, сера, хлор",15,0,15,85
2x7f,"углерод, сера, галогены",15,0,15,85
2x7f,любой тяжёлый атом,15,3,15,85
5ax9,любой углерод,15,0,15,85
5ax9,углерод и сера,15,0,15,85
5ax9,углерод и галогены,15,0,15,85
5ax9,"углерод, сера, фтор",15,0,15,85
5ax9,"углерод, сера, хлор",15,0,15,85
5ax9,"углерод, сера, галогены",15,0,15,85
5ax9,любой тяжёлый атом,15,5,15,85
5ax9,любой углерод,15,0,15,85
5ax9,углерод и сера,15,0,15,85
5ax9,углерод и галогены,15,0,15,85
5ax9,"углерод, сера, фтор",15,0,15,85
5ax9,"углерод, сера, хлор",15,0,15,85
5ax9,"углерод, сера, галогены",15,0,15,85
5ax9,любой тяжёлый атом,15,4,15,85
2x7f,любой углерод,15,0,15,85
2x7f,углерод и сера,15,0,15,85
2x7f,углерод и галогены,15,0,15,85
2x7f,"углерод, сера, фтор",15,0,15,85
2x7f,"углерод, сера, хлор",15,0,15,85
2x7f,"углерод, сера, галогены",15,0,15,85
2x7f,любой тяжёлый атом,15,3,15,85
5ax9,любой углерод,15,0,15,85
5ax9,углерод и сера,15,0,15,85
5ax9,углерод и галогены,15,0,15,85
5ax9,"углерод, сера, фтор",15,0,15,85
5ax9,"углерод, сера, хлор",15,0,15,85
5ax9,"углерод, сера, галогены",15,0,15,85
5ax9,любой тяжёлый атом,15,5,15,85
8wm0,любой углерод,10,0,10,85
8wm0,углерод и сера,10,0,10,85
8wm0,углерод и галогены,10,0,10,85
8wm0,"углерод, сера, фтор",10,0,10,85
8wm0,"углерод, сера, хлор",10,0,10,85
8wm0,"углерод, сера, галогены",10,0,10,85
8wm0,любой тяжёлый атом,10,7,10,85
7xzr,любой углерод,10,0,10,85
7xzr,углерод и сера,10,0,10,85
7xzr,углерод и галогены,10,0,10,85
7xzr,"углерод, сера, фтор",10,0,10,85
7xzr,"углерод, сера, хлор",10,0,10,85
7xzr,"углерод, сера, галогены",10,0,10,85
7xzr,любой тяжёлый атом,10,15,10,85
2x7f,любой углерод,15,0,15,85
2x7f,углерод и сера,15,0,15,85
2x7f,углерод и галогены,15,0,15,85
2x7f,"углерод, сера, фтор",15,0,15,85
2x7f,"углерод, сера, хлор",15,0,15,85
2x7f,"углерод, сера, галогены",15,0,15,85
2x7f,любой тяжёлый атом,15,3,15,85
6ra7,любой углерод,12,0,12,85
6ra7,углерод и сера,12,0,12,85
6ra7,углерод и галогены,12,0,12,85
6ra7,"углерод, сера, фтор",12,0,12,85
6ra7,"углерод, сера, хлор",12,0,12,85
6ra7,"углерод, сера, галогены",12,0,12,85
6ra7,любой тяжёлый атом,12,5,12,85
6ra7,любой углерод,12,0,12,85
6ra7,углерод и сера,12,0,12,85
6ra7,углерод и галогены,12,0,12,85
6ra7,"углерод, сера, фтор",12,0,12,85
6ra7,"углерод, сера, хлор",12,0,12,85
6ra7,"углерод, сера, галогены",12,0,12,85
6ra7,любой тяжёлый атом,12,5,12,85
7xzr,любой углерод,10,0,10,85
7xzr,углерод и сера,10,0,10,85
7xzr,углерод и галогены,10,0,10,85
7xzr,"углерод, сера, фтор",10,0,10,85
7xzr,"углерод, сера, хлор",10,0,10,85
7xzr,"углерод, сера, галогены",10,0,10,85
7xzr,любой тяжёлый атом,10,15,10,85
8wm0,любой углерод,10,0,10,85
8wm0,углерод и сера,10,0,10,85
8wm0,углерод и галогены,10,0,10,85
8wm0,"углерод, сера, фтор",10,0,10,85
8wm0,"углерод, сера, хлор",10,0,10,85
8wm0,"углерод, сера, галогены",10,0,10,85
8wm0,любой тяжёлый атом,10,7,10,85
6fnh,любой углерод,10,0,10,85
6fnh,углерод и сера,10,0,10,85
6fnh,углерод и галогены,10,0,10,85
6fnh,"углерод, сера, фтор",10,0,10,85
6fnh,"углерод, сера, хлор",10,0,10,85
6fnh,"углерод, сера, галогены",10,0,10,85
6fnh,любой тяжёлый атом,10,3,10,85
7kjc,любой углерод,9,0,9,85
7kjc,углерод и сера,9,0,9,85
7kjc,углерод и галогены,9,0,9,85
7kjc,"углерод, сера, фтор",9,0,9,85
7kjc,"углерод, сера, хлор",9,0,9,85
7kjc,"углерод, сера, галогены",9,0,9,85
7kjc,любой тяжёлый атом,9,8,9,85
5nk5,любой углерод,14,0,17,85
5nk5,углерод и сера,15,0,17,85
5nk5,углерод и галогены,16,0,17,85
5nk5,"углерод, сера, фтор",15,0,17,85
5nk5,"углерод, сера, хлор",17,0,17,85
5nk5,"углерод, сера, галогены",17,0,17,85
5nk5,любой тяжёлый атом,17,2,17,85
5nk2,любой углерод,13,0,17,85
5nk2,углерод и сера,13,0,17,85
5nk2,углерод и галогены,15,0,17,85
5nk2,"углерод, сера, фтор",15,0,17,85
5nk2,"углерод, сера, хлор",15,0,17,85
5nk2,"углерод, сера, галогены",17,0,17,85
5nk2,любой тяжёлый атом,17,3,17,85
5nk4,любой углерод,14,0,17,85
5nk4,углерод и сера,16,0,17,85
5nk4,углерод и галогены,15,0,17,85
5nk4,"углерод, сера, фтор",16,0,17,85
5nk4,"углерод, сера, хлор",17,0,17,85
5nk4,"углерод, сера, галогены",17,0,17,85
5nk4,любой тяжёлый атом,17,1,17,85
5nkh,любой углерод,15,0,18,85
5nkh,углерод и сера,16,0,18,85
5nkh,углерод и галогены,17,0,18,85
5nkh,"углерод, сера, фтор",16,0,18,85
5nkh,"углерод, сера, хлор",18,0,18,85
5nkh,"углерод, сера, галогены",18,0,18,85
5nkh,любой тяжёлый атом,18,2,18,85
5nk1,любой углерод,13,0,15,85
5nk1,углерод и сера,14,0,15,85
5nk1,углерод и галогены,14,0,15,85
5nk1,"углерод, сера, фтор",14,0,15,85
5nk1,"углерод, сера, хлор",15,0,15,85
5nk1,"углерод, сера, галогены",15,0,15,85
5nk1,любой тяжёлый атом,15,4,15,85
5nk1,любой углерод,13,0,15,85
5nk1,углерод и сера,14,0,15,85
5nk1,углерод и галогены,14,0,15,85
5nk1,"углерод, сера, фтор",14,0,15,85
5nk1,"углерод, сера, хлор",15,0,15,85
5nk1,"углерод, сера, галогены",15,0,15,85
5nk1,любой тяжёлый атом,15,5,15,85
5nkh,любой углерод,16,0,18,85
5nkh,углерод и сера,17,0,18,85
5nkh,углерод и галогены,17,0,18,85
5nkh,"углерод, сера, фтор",17,0,18,85
5nkh,"углерод, сера, хлор",18,0,18,85
5nkh,"углерод, сера, галогены",18,0,18,85
5nkh,любой тяжёлый атом,18,2,18,85
5nkd,любой углерод,14,0,17,85
5nkd,углерод и сера,15,0,17,85
5nkd,углерод и галогены,16,0,17,85
5nkd,"углерод, сера, фтор",15,0,17,85
5nkd,"углерод, сера, хлор",17,0,17,85
5nkd,"углерод, сера, галогены",17,0,17,85
5nkd,любой тяжёлый атом,17,3,17,85
5nkf,любой углерод,13,0,18,85
5nkf,углерод и сера,15,0,18,85
5nkf,углерод и галогены,15,0,18,85
5nkf,"углерод, сера, фтор",16,0,18,85
5nkf,"углерод, сера, хлор",17,0,18,85
5nkf,"углерод, сера, галогены",18,0,18,85
5nkf,любой тяжёлый атом,18,1,18,85
5nke,любой углерод,14,0,17,85
5nke,углерод и сера,16,0,17,85
5nke,углерод и галогены,15,0,17,85
5nke,"углерод, сера, фтор",16,0,17,85
5nke,"углерод, сера, хлор",17,0,17,85
5nke,"углерод, сера, галогены",17,0,17,85
5nke,любой тяжёлый атом,17,2,17,85
5nk9,любой углерод,14,0,16,85
5nk9,углерод и сера,15,0,16,85
5nk9,углерод и галогены,15,0,16,85
5nk9,"углерод, сера, фтор",15,0,16,85
5nk9,"углерод, сера, хлор",16,0,16,85
5nk9,"углерод, сера, галогены",16,0,16,85
5nk9,любой тяжёлый атом,16,2,16,85
5nki,любой углерод,16,0,17,85
5nki,углерод и сера,16,0,17,85
5nki,углерод и галогены,17,0,17,85
5nki,"углерод, сера, фтор",16,0,17,85
5nki,"углерод, сера, хлор",17,0,17,85
5nki,"углерод, сера, галогены",17,0,17,85
5nki,любой тяжёлый атом,17,2,17,85
7kja,любой углерод,8,0,8,85
7kja,углерод и сера,8,0,8,85
7kja,углерод и галогены,8,0,8,85
7kja,"углерод, сера, фтор",8,0,8,85
7kja,"углерод, сера, хлор",8,0,8,85
7kja,"углерод, сера, галогены",8,0,8,85
7kja,любой тяжёлый атом,8,9,8,85
5nk3,любой углерод,14,0,16,85
5nk3,углерод и сера,14,0,16,85
5nk3,углерод и галогены,16,0,16,85
5nk3,"углерод, сера, фтор",14,0,16,85
5nk3,"углерод, сера, хлор",16,0,16,85
5nk3,"углерод, сера, галогены",16,0,16,85
5nk3,любой тяжёлый атом,16,3,16,85
5nkc,любой углерод,14,0,17,85
5nkc,углерод и сера,16,0,17,85
5nkc,углерод и галогены,15,0,17,85
5nkc,"углерод, сера, фтор",16,0,17,85
5nkc,"углерод, сера, хлор",17,0,17,85
5nkc,"углерод, сера, галогены",17,0,17,85
5nkc,любой тяжёлый атом,17,3,17,85
5nke,любой углерод,14,0,17,85
5nke,углерод и сера,16,0,17,85
5nke,углерод и галогены,15,0,17,85
5nke,"углерод, сера, фтор",16,0,17,85
5nke,"углерод, сера, хлор",17,0,17,85
5nke,"углерод, сера, галогены",17,0,17,85
5nke,любой тяжёлый атом,17,2,17,85
5nka,любой углерод,13,0,15,85
5nka,углерод и сера,14,0,15,85
5nka,углерод и галогены,14,0,15,85
5nka,"углерод, сера, фтор",14,0,15,85
5nka,"углерод, сера, хлор",15,0,15,85
5nka,"углерод, сера, галогены",15,0,15,85
5nka,любой тяжёлый атом,15,3,15,85
7kja,любой углерод,9,0,9,85
7kja,углерод и сера,9,0,9,85
7kja,углерод и галогены,9,0,9,85
7kja,"углерод, сера, фтор",9,0,9,85
7kja,"углерод, сера, хлор",9,0,9,85
7kja,"углерод, сера, галогены",9,0,9,85
7kja,любой тяжёлый атом,9,9,9,85
5nk4,любой углерод,14,0,17,85
5nk4,углерод и сера,15,0,17,85
5nk4,углерод и галогены,15,0,17,85
5nk4,"углерод, сера, фтор",16,0,17,85
5nk4,"углерод, сера, хлор",16,0,17,85
5nk4,"углерод, сера, галогены",17,0,17,85
5nk4,любой тяжёлый атом,17,1,17,85
8bin,любой углерод,15,0,16,85
8bin,углерод и сера,15,0,16,85
8bin,углерод и галогены,16,0,16,85
8bin,"углерод, сера, фтор",15,0,16,85
8bin,"углерод, сера, хлор",16,0,16,85
8bin,"углерод, сера, галогены",16,0,16,85
8bin,любой тяжёлый атом,16,3,16,85
5nkg,любой углерод,16,0,18,85
5nkg,углерод и сера,17,0,18,85
5nkg,углерод и галогены,17,0,18,85
5nkg,"углерод, сера, фтор",17,0,18,85
5nkg,"углерод, сера, хлор",18,0,18,85
5nkg,"углерод, сера, галогены",18,0,18,85
5nkg,любой тяжёлый атом,18,2,18,85
5nkd,любой углерод,16,0,17,85
5nkd,углерод и сера,16,0,17,85
5nkd,углерод и галогены,17,0,17,85
5nkd,"углерод, сера, фтор",16,0,17,85
5nkd,"углерод, сера, хлор",17,0,17,85
5nkd,"углерод, сера, галогены",17,0,17,85
5nkd,любой тяжёлый атом,17,2,17,85
8bk0,любой углерод,16,0,17,85
8bk0,углерод и сера,16,0,17,85
8bk0,углерод и галогены,17,0,17,85
8bk0,"углерод, сера, фтор",16,0,17,85
8bk0,"углерод, сера, хлор",17,0,17,85
8bk0,"углерод, сера, галогены",17,0,17,85
8bk0,любой тяжёлый атом,17,1,17,85
8bk0,любой углерод,16,0,17,85
8bk0,углерод и сера,16,0,17,85
8bk0,углерод и галогены,17,0,17,85
8bk0,"углерод, сера, фтор",16,0,17,85
8bk0,"углерод, сера, хлор",17,0,17,85
8bk0,"углерод, сера, галогены",17,0,17,85
8bk0,любой тяжёлый атом,17,1,17,85
8bio,любой углерод,17,0,19,85
8bio,углерод и сера,17,0,19,85
8bio,углерод и галогены,18,0,19,85
8bio,"углерод, сера, фтор",18,0,19,85
8bio,"углерод, сера, хлор",18,0,19,85
8bio,"углерод, сера, галогены",19,0,19,85
8bio,любой тяжёлый атом,19,0,19,85
5nk5,любой углерод,15,0,17,85
5nk5,углерод и сера,16,0,17,85
5nk5,углерод и галогены,16,0,17,85
5nk5,"углерод, сера, фтор",16,0,17,85
5nk5,"углерод, сера, хлор",17,0,17,85
5nk5,"углерод, сера, галогены",17,0,17,85
5nk5,любой тяжёлый атом,17,1,17,85
5nk6,любой углерод,15,0,17,85
5nk6,углерод и сера,16,0,17,85
5nk6,углерод и галогены,16,0,17,85
5nk6,"углерод, сера, фтор",16,0,17,85
5nk6,"углерод, сера, хлор",17,0,17,85
5nk6,"углерод, сера, галогены",17,0,17,85
5nk6,любой тяжёлый атом,17,2,17,85
5nk9,любой углерод,14,0,16,85
5nk9,углерод и сера,15,0,16,85
5nk9,углерод и галогены,15,0,16,85
5nk9,"углерод, сера, фтор",15,0,16,85
5nk9,"углерод, сера, хлор",16,0,16,85
5nk9,"углерод, сера, галогены",16,0,16,85
5nk9,любой тяжёлый атом,16,3,16,85
5nk7,любой углерод,13,0,16,85
5nk7,углерод и сера,14,0,16,85
5nk7,углерод и галогены,15,0,16,85
5nk7,"углерод, сера, фтор",14,0,16,85
5nk7,"углерод, сера, хлор",16,0,16,85
5nk7,"углерод, сера, галогены",16,0,16,85
5nk7,любой тяжёлый атом,16,4,16,85
5nki,любой углерод,15,0,17,85
5nki,углерод и сера,15,0,17,85
5nki,углерод и галогены,17,0,17,85
5nki,"углерод, сера, фтор",15,0,17,85
5nki,"углерод, сера, хлор",17,0,17,85
5nki,"углерод, сера, галогены",17,0,17,85
5nki,любой тяжёлый атом,17,2,17,85
5njz,любой углерод,13,0,16,85
5njz,углерод и сера,14,0,16,85
5njz,углерод и галогены,15,0,16,85
5njz,"углерод, сера, фтор",14,0,16,85
5njz,"углерод, сера, хлор",16,0,16,85
5njz,"углерод, сера, галогены",16,0,16,85
5njz,любой тяжёлый атом,16,4,16,85
5nk7,любой углерод,14,0,17,85
5nk7,углерод и сера,14,0,17,85
5nk7,углерод и галогены,15,0,17,85
5nk7,"углерод, сера, фтор",16,0,17,85
5nk7,"углерод, сера, хлор",15,0,17,85
5nk7,"углерод, сера, галогены",17,0,17,85
5nk7,любой тяжёлый атом,17,2,17,85
5nkf,любой углерод,14,0,18,85
5nkf,углерод и сера,16,0,18,85
5nkf,углерод и галогены,15,0,18,85
5nkf,"углерод, сера, фтор",17,0,18,85
5nkf,"углерод, сера, хлор",17,0,18,85
5nkf,"углерод, сера, галогены",18,0,18,85
5nkf,любой тяжёлый атом,18,1,18,85
5nkg,любой углерод,15,0,18,85
5nkg,углерод и сера,17,0,18,85
5nkg,углерод и галогены,16,0,18,85
5nkg,"углерод, сера, фтор",17,0,18,85
5nkg,"углерод, сера, хлор",18,0,18,85
5nkg,"углерод, сера, галогены",18,0,18,85
5nkg,любой тяжёлый атом,18,1,18,85
5nkc,любой углерод,14,0,17,85
5nkc,углерод и сера,15,0,17,85
5nkc,углерод и галогены,16,0,17,85
5nkc,"углерод, сера, фтор",15,0,17,85
5nkc,"углерод, сера, хлор",17,0,17,85
5nkc,"углерод, сера, галогены",17,0,17,85
5nkc,любой тяжёлый атом,17,5,17,85
5nk3,любой углерод,14,0,15,85
5nk3,углерод и сера,14,0,15,85
5nk3,углерод и галогены,15,0,15,85
5nk3,"углерод, сера, фтор",14,0,15,85
5nk3,"углерод, сера, хлор",15,0,15,85
5nk3,"углерод, сера, галогены",15,0,15,85
5nk3,любой тяжёлый атом,15,2,15,85
5njz,любой углерод,14,0,16,85
5njz,углерод и сера,15,0,16,85
5njz,углерод и галогены,15,0,16,85
5njz,"углерод, сера, фтор",15,0,16,85
5njz,"углерод, сера, хлор",16,0,16,85
5njz,"углерод, сера, галогены",16,0,16,85
5njz,любой тяжёлый атом,16,3,16,85
5nk6,любой углерод,16,0,17,85
5nk6,углерод и сера,16,0,17,85
5nk6,углерод и галогены,17,0,17,85
5nk6,"углерод, сера, фтор",16,0,17,85
5nk6,"углерод, сера, хлор",17,0,17,85
5nk6,"углерод, сера, галогены",17,0,17,85
5nk6,любой тяжёлый атом,17,3,17,85
5i9v,любой углерод,8,0,8,85
5i9v,углерод и сера,8,0,8,85
5i9v,углерод и галогены,8,0,8,85
5i9v,"углерод, сера, фтор",8,0,8,85
5i9v,"углерод, сера, хлор",8,0,8,85
5i9v,"углерод, сера, галогены",8,0,8,85
5i9v,любой тяжёлый атом,8,12,8,85
5nk0,любой углерод,13,0,15,85
5nk0,углерод и сера,14,0,15,85
5nk0,углерод и галогены,14,0,15,85
5nk0,"углерод, сера, фтор",14,0,15,85
5nk0,"углерод, сера, хлор",15,0,15,85
5nk0,"углерод, сера, галогены",15,0,15,85
5nk0,любой тяжёлый атом,15,5,15,85
5nk0,любой углерод,13,0,16,85
5nk0,углерод и сера,15,0,16,85
5nk0,углерод и галогены,14,0,16,85
5nk0,"углерод, сера, фтор",15,0,16,85
5nk0,"углерод, сера, хлор",16,0,16,85
5nk0,"углерод, сера, галогены",16,0,16,85
5nk0,любой тяжёлый атом,16,4,16,85
5nkb,любой углерод,15,0,17,85
5nkb,углерод и сера,16,0,17,85
5nkb,углерод и галогены,16,0,17,85
5nkb,"углерод, сера, фтор",16,0,17,85
5nkb,"углерод, сера, хлор",17,0,17,85
5nkb,"углерод, сера, галогены",17,0,17,85
5nkb,любой тяжёлый атом,17,1,17,85
5nkb,любой углерод,15,0,18,85
5nkb,углерод и сера,16,0,18,85
5nkb,углерод и галогены,17,0,18,85
5nkb,"углерод, сера, фтор",16,0,18,85
5nkb,"углерод, сера, хлор",18,0,18,85
5nkb,"углерод, сера, галогены",18,0,18,85
5nkb,любой тяжёлый атом,18,2,18,85
8bin,любой углерод,15,0,16,85
8bin,углерод и сера,15,0,16,85
8bin,углерод и галогены,16,0,16,85
8bin,"углерод, сера, фтор",15,0,16,85
8bin,"углерод, сера, хлор",16,0,16,85
8bin,"углерод, сера, галогены",16,0,16,85
8bin,любой тяжёлый атом,16,4,16,85
5nk2,любой углерод,17,0,18,85
5nk2,углерод и сера,17,0,18,85
5nk2,углерод и галогены,18,0,18,85
5nk2,"углерод, сера, фтор",17,0,18,85
5nk2,"углерод, сера, хлор",18,0,18,85
5nk2,"углерод, сера, галогены",18,0,18,85
5nk2,любой тяжёлый атом,18,1,18,85
5ia2,любой углерод,15,0,15,85
5ia2,углерод и сера,15,0,15,85
5ia2,углерод и галогены,15,0,15,85
5ia2,"углерод, сера, фтор",15,0,15,85
5ia2,"углерод, сера, хлор",15,0,15,85
5ia2,"углерод, сера, галогены",15,0,15,85
5ia2,любой тяжёлый атом,15,5,15,85
5ia0,любой углерод,16,0,18,85
5ia0,углерод и сера,16,0,18,85
5ia0,углерод и галогены,18,0,18,85
5ia0,"углерод, сера, фтор",16,0,18,85
5ia0,"углерод, сера, хлор",18,0,18,85
5ia0,"углерод, сера, галогены",18,0,18,85
5ia0,любой тяжёлый атом,18,3,18,85
5ia0,любой углерод,14,0,16,85
5ia0,углерод и сера,14,0,16,85
5ia0,углерод и галогены,16,0,16,85
5ia0,"углерод, сера, фтор",14,0,16,85
5ia0,"углерод, сера, хлор",16,0,16,85
5ia0,"углерод, сера, галогены",16,0,16,85
5ia0,любой тяжёлый атом,16,5,16,85
5ia3,любой углерод,14,0,17,85
5ia3,углерод и сера,15,0,17,85
5ia3,углерод и галогены,16,0,17,85
5ia3,"углерод, сера, фтор",15,0,17,85
5ia3,"углерод, сера, хлор",17,0,17,85
5ia3,"углерод, сера, галогены",17,0,17,85
5ia3,любой тяжёлый атом,17,1,17,85
5ia3,любой углерод,13,0,16,85
5ia3,углерод и сера,14,0,16,85
5ia3,углерод и галогены,15,0,16,85
5ia3,"углерод, сера, фтор",14,0,16,85
5ia3,"углерод, сера, хлор",16,0,16,85
5ia3,"углерод, сера, галогены",16,0,16,85
5ia3,любой тяжёлый атом,16,2,16,85
7kja,любой углерод,8,0,8,85
7kja,углерод и сера,8,0,8,85
7kja,углерод и галогены,8,0,8,85
7kja,"углерод, сера, фтор",8,0,8,85
7kja,"углерод, сера, хлор",8,0,8,85
7kja,"углерод, сера, галогены",8,0,8,85
7kja,любой тяжёлый атом,8,8,8,85
1mqb,любой углерод,9,0,9,85
1mqb,углерод и сера,9,0,9,85
1mqb,углерод и галогены,9,0,9,85
1mqb,"углерод, сера, фтор",9,0,9,85
1mqb,"углерод, сера, хлор",9,0,9,85
1mqb,"углерод, сера, галогены",9,0,9,85
1mqb,любой тяжёлый атом,9,6,9,85
5ia0,любой углерод,15,0,17,85
5ia0,углерод и сера,15,0,17,85
5ia0,углерод и галогены,17,0,17,85
5ia0,"углерод, сера, фтор",15,0,17,85
5ia0,"углерод, сера, хлор",17,0,17,85
5ia0,"углерод, сера, галогены",17,0,17,85
5ia0,любой тяжёлый атом,17,4,17,85
5i9x,любой углерод,17,0,20,85
5i9x,углерод и сера,17,0,20,85
5i9x,углерод и галогены,19,0,20,85
5i9x,"углерод, сера, фтор",17,0,20,85
5i9x,"углерод, сера, хлор",20,0,20,85
5i9x,"углерод, сера, галогены",20,0,20,85
5i9x,любой тяжёлый атом,20,1,20,85
5i9y,любой углерод,16,0,17,85
5i9y,углерод и сера,16,0,17,85
5i9y,углерод и галогены,17,0,17,85
5i9y,"углерод, сера, фтор",16,0,17,85
5i9y,"углерод, сера, хлор",17,0,17,85
5i9y,"углерод, сера, галогены",17,0,17,85
5i9y,любой тяжёлый атом,17,4,17,85
5ia2,любой углерод,15,0,15,85
5ia2,углерод и сера,15,0,15,85
5ia2,углерод и галогены,15,0,15,85
5ia2,"углерод, сера, фтор",15,0,15,85
5ia2,"углерод, сера, хлор",15,0,15,85
5ia2,"углерод, сера, галогены",15,0,15,85
5ia2,любой тяжёлый атом,15,5,15,85
5ia0,любой углерод,15,0,17,85
5ia0,углерод и сера,15,0,17,85
5ia0,углерод и галогены,17,0,17,85
5ia0,"углерод, сера, фтор",15,0,17,85
5ia0,"углерод, сера, хлор",17,0,17,85
5ia0,"углерод, сера, галогены",17,0,17,85
5ia0,любой тяжёлый атом,17,4,17,85
5ia0,любой углерод,14,0,16,85
5ia0,углерод и сера,14,0,16,85
5ia0,углерод и галогены,16,0,16,85
5ia0,"углерод, сера, фтор",14,0,16,85
5ia0,"углерод, сера, хлор",16,0,16,85
5ia0,"углерод, сера, галогены",16,0,16,85
5ia0,любой тяжёлый атом,16,5,16,85
6fnh,любой углерод,11,0,11,85
6fnh,углерод и сера,11,0,11,85
6fnh,углерод и галогены,11,0,11,85
6fnh,"углерод, сера, фтор",11,0,11,85
6fnh,"углерод, сера, хлор",11,0,11,85
6fnh,"углерод, сера, галогены",11,0,11,85
6fnh,любой тяжёлый атом,11,2,11,85
6fnh,любой углерод,10,0,10,85
6fnh,углерод и сера,10,0,10,85
6fnh,углерод и галогены,10,0,10,85
6fnh,"углерод, сера, фтор",10,0,10,85
6fnh,"углерод, сера, хлор",10,0,10,85
6fnh,"углерод, сера, галогены",10,0,10,85
6fnh,любой тяжёлый атом,10,3,10,85
1mqb,любой углерод,7,0,7,85
1mqb,углерод и сера,7,0,7,85
1mqb,углерод и галогены,7,0,7,85
1mqb,"углерод, сера, фтор",7,0,7,85
1mqb,"углерод, сера, хлор",7,0,7,85
1mqb,"углерод, сера, галогены",7,0,7,85
1mqb,любой тяжёлый атом,7,14,7,85
5i9x,любой углерод,17,0,20,85
5i9x,углерод и сера,17,0,20,85
5i9x,углерод и галогены,19,0,20,85
5i9x,"углерод, сера, фтор",17,0,20,85
5i9x,"углерод, сера, хлор",20,0,20,85
5i9x,"углерод, сера, галогены",20,0,20,85
5i9x,любой тяжёлый атом,20,1,20,85
5i9w,любой углерод,7,0,7,85
5i9w,углерод и сера,7,0,7,85
5i9w,углерод и галогены,7,0,7,85
5i9w,"углерод, сера, фтор",7,0,7,85
5i9w,"углерод, сера, хлор",7,0,7,85
5i9w,"углерод, сера, галогены",7,0,7,85
5i9w,любой тяжёлый атом,7,6,7,85
7kjc,любой углерод,9,0,9,85
7kjc,углерод и сера,9,0,9,85
7kjc,углерод и галогены,9,0,9,85
7kjc,"углерод, сера, фтор",9,0,9,85
7kjc,"углерод, сера, хлор",9,0,9,85
7kjc,"углерод, сера, галогены",9,0,9,85
7kjc,любой тяжёлый атом,9,6,9,85
5ia0,любой углерод,16,0,18,85
5ia0,углерод и сера,16,0,18,85
5ia0,углерод и галогены,18,0,18,85
5ia0,"углерод, сера, фтор",16,0,18,85
5ia0,"углерод, сера, хлор",18,0,18,85
5ia0,"углерод, сера, галогены",18,0,18,85
5ia0,любой тяжёлый атом,18,3,18,85
5i9z,любой углерод,16,0,16,85
5i9z,углерод и сера,16,0,16,85
5i9z,углерод и галогены,16,0,16,85
5i9z,"углерод, сера, фтор",16,0,16,85
5i9z,"углерод, сера, хлор",16,0,16,85
5i9z,"углерод, сера, галогены",16,0,16,85
5i9z,любой тяжёлый атом,16,3,16,85
5i9z,любой углерод,16,0,16,85
5i9z,углерод и сера,16,0,16,85
5i9z,углерод и галогены,16,0,16,85
5i9z,"углерод, сера, фтор",16,0,16,85
5i9z,"углерод, сера, хлор",16,0,16,85
5i9z,"углерод, сера, галогены",16,0,16,85
5i9z,любой тяжёлый атом,16,3,16,85
7kjc,любой углерод,9,0,9,85
7kjc,углерод и сера,9,0,9,85
7kjc,углерод и галогены,9,0,9,85
7kjc,"углерод, сера, фтор",9,0,9,85
7kjc,"углерод, сера, хлор",9,0,9,85
7kjc,"углерод, сера, галогены",9,0,9,85
7kjc,любой тяжёлый атом,9,6,9,85
7kjc,любой углерод,9,0,9,85
7kjc,углерод и сера,9,0,9,85
7kjc,углерод и галогены,9,0,9,85
7kjc,"углерод, сера, фтор",9,0,9,85
7kjc,"углерод, сера, хлор",9,0,9,85
7kjc,"углерод, сера, галогены",9,0,9,85
7kjc,любой тяжёлый атом,9,8,9,85
6fnh,любой углерод,11,0,11,85
6fnh,углерод и сера,11,0,11,85
6fnh,углерод и галогены,11,0,11,85
6fnh,"углерод, сера, фтор",11,0,11,85
6fnh,"углерод, сера, хлор",11,0,11,85
6fnh,"углерод, сера, галогены",11,0,11,85
6fnh,любой тяжёлый атом,11,1,11,85
8qqy,любой углерод,14,0,15,85
8qqy,углерод и сера,14,0,15,85
8qqy,углерод и галогены,14,0,15,85
8qqy,"углерод, сера, фтор",15,0,15,85
8qqy,"углерод, сера, хлор",14,0,15,85
8qqy,"углерод, сера, галогены",15,0,15,85
8qqy,любой тяжёлый атом,15,3,15,85
6fnh,любой углерод,11,0,11,85
6fnh,углерод и сера,11,0,11,85
6fnh,углерод и галогены,11,0,11,85
6fnh,"углерод, сера, фтор",11,0,11,85
6fnh,"углерод, сера, хлор",11,0,11,85
6fnh,"углерод, сера, галогены",11,0,11,85
6fnh,любой тяжёлый атом,11,2,11,85
5i9w,любой углерод,7,0,7,85
5i9w,углерод и сера,7,0,7,85
5i9w,углерод и галогены,7,0,7,85
5i9w,"углерод, сера, фтор",7,0,7,85
5i9w,"углерод, сера, хлор",7,0,7,85
5i9w,"углерод, сера, галогены",7,0,7,85
5i9w,любой тяжёлый атом,7,6,7,85
5i9y,любой углерод,16,0,17,85
5i9y,углерод и сера,16,0,17,85
5i9y,углерод и галогены,17,0,17,85
5i9y,"углерод, сера, фтор",16,0,17,85
5i9y,"углерод, сера, хлор",17,0,17,85
5i9y,"углерод, сера, галогены",17,0,17,85
5i9y,любой тяжёлый атом,17,3,17,85
8qqy,любой углерод,14,0,15,85
8qqy,углерод и сера,14,0,15,85
8qqy,углерод и галогены,14,0,15,85
8qqy,"углерод, сера, фтор",15,0,15,85
8qqy,"углерод, сера, хлор",14,0,15,85
8qqy,"углерод, сера, галогены",15,0,15,85
8qqy,любой тяжёлый атом,15,3,15,85
5i9v,любой углерод,8,0,8,85
5i9v,углерод и сера,8,0,8,85
5i9v,углерод и галогены,8,0,8,85
5i9v,"углерод, сера, фтор",8,0,8,85
5i9v,"углерод, сера, хлор",8,0,8,85
5i9v,"углерод, сера, галогены",8,0,8,85
5i9v,любой тяжёлый атом,8,11,8,85
5ia1,любой углерод,13,0,15,85
5ia1,углерод и сера,13,0,15,85
5ia1,углерод и галогены,14,0,15,85
5ia1,"углерод, сера, фтор",14,0,15,85
5ia1,"углерод, сера, хлор",14,0,15,85
5ia1,"углерод, сера, галогены",15,0,15,85
5ia1,любой тяжёлый атом,15,5,15,85
6fnh,любой углерод,11,0,11,85
6fnh,углерод и сера,11,0,11,85
6fnh,углерод и галогены,11,0,11,85
6fnh,"углерод, сера, фтор",11,0,11,85
6fnh,"углерод, сера, хлор",11,0,11,85
6fnh,"углерод, сера, галогены",11,0,11,85
6fnh,любой тяжёлый атом,11,1,11,85
7kja,любой углерод,9,0,9,85
7kja,углерод и сера,9,0,9,85
7kja,углерод и галогены,9,0,9,85
7kja,"углерод, сера, фтор",9,0,9,85
7kja,"углерод, сера, хлор",9,0,9,85
7kja,"углерод, сера, галогены",9,0,9,85
7kja,любой тяжёлый атом,9,8,9,85
4gk3,любой углерод,16,0,16,85
4gk3,углерод и сера,16,0,16,85
4gk3,углерод и галогены,16,0,16,85
4gk3,"углерод, сера, фтор",16,0,16,85
4gk3,"углерод, сера, хлор",16,0,16,85
4gk3,"углерод, сера, галогены",16,0,16,85
4gk3,любой тяжёлый атом,16,2,16,85
4gk4,любой углерод,16,0,16,85
4gk4,углерод и сера,16,0,16,85
4gk4,углерод и галогены,16,0,16,85
4gk4,"углерод, сера, фтор",16,0,16,85
4gk4,"углерод, сера, хлор",16,0,16,85
4gk4,"углерод, сера, галогены",16,0,16,85
4gk4,любой тяжёлый атом,16,2,16,85
4two,любой углерод,12,0,12,85
4two,углерод и сера,12,0,12,85
4two,углерод и галогены,12,0,12,85
4two,"углерод, сера, фтор",12,0,12,85
4two,"углерод, сера, хлор",12,0,12,85
4two,"углерод, сера, галогены",12,0,12,85
4two,любой тяжёлый атом,12,5,12,85
4gk2,любой углерод,17,0,17,85
4gk2,углерод и сера,17,0,17,85
4gk2,углерод и галогены,17,0,17,85
4gk2,"углерод, сера, фтор",17,0,17,85
4gk2,"углерод, сера, хлор",17,0,17,85
4gk2,"углерод, сера, галогены",17,0,17,85
4gk2,любой тяжёлый атом,17,4,17,85
4g2f,любой углерод,13,0,14,85
4g2f,углерод и сера,14,0,14,85
4g2f,углерод и галогены,13,0,14,85
4g2f,"углерод, сера, фтор",14,0,14,85
4g2f,"углерод, сера, хлор",14,0,14,85
4g2f,"углерод, сера, галогены",14,0,14,85
4g2f,любой тяжёлый атом,14,3,14,85
4gk4,любой углерод,16,0,16,85
4gk4,углерод и сера,16,0,16,85
4gk4,углерод и галогены,16,0,16,85
4gk4,"углерод, сера, фтор",16,0,16,85
4gk4,"углерод, сера, хлор",16,0,16,85
4gk4,"углерод, сера, галогены",16,0,16,85
4gk4,любой тяжёлый атом,16,2,16,85
2qo7,любой углерод,6,0,6,85
2qo7,углерод и сера,6,0,6,85
2qo7,углерод и галогены,6,0,6,85
2qo7,"углерод, сера, фтор",6,0,6,85
2qo7,"углерод, сера, хлор",6,0,6,85
2qo7,"углерод, сера, галогены",6,0,6,85
2qo7,любой тяжёлый атом,6,8,6,85
4gk3,любой углерод,16,0,16,85
4gk3,углерод и сера,16,0,16,85
4gk3,углерод и галогены,16,0,16,85
4gk3,"углерод, сера, фтор",16,0,16,85
4gk3,"углерод, сера, хлор",16,0,16,85
4gk3,"углерод, сера, галогены",16,0,16,85
4gk3,любой тяжёлый атом,16,2,16,85
2qo7,любой углерод,6,0,6,85
2qo7,углерод и сера,6,0,6,85
2qo7,углерод и галогены,6,0,6,85
2qo7,"углерод, сера, фтор",6,0,6,85
2qo7,"углерод, сера, хлор",6,0,6,85
2qo7,"углерод, сера, галогены",6,0,6,85
2qo7,любой тяжёлый атом,6,8,6,85
4gk2,любой углерод,17,0,17,85
4gk2,углерод и сера,17,0,17,85
4gk2,углерод и галогены,17,0,17,85
4gk2,"углерод, сера, фтор",17,0,17,85
4gk2,"углерод, сера, хлор",17,0,17,85
4gk2,"углерод, сера, галогены",17,0,17,85
4gk2,любой тяжёлый атом,17,4,17,85
3fxx,любой углерод,8,0,8,85
3fxx,углерод и сера,8,0,8,85
3fxx,углерод и галогены,8,0,8,85
3fxx,"углерод, сера, фтор",8,0,8,85
3fxx,"углерод, сера, хлор",8,0,8,85
3fxx,"углерод, сера, галогены",8,0,8,85
3fxx,любой тяжёлый атом,8,7,8,85
4g2f,любой углерод,13,0,14,85
4g2f,углерод и сера,14,0,14,85
4g2f,углерод и галогены,13,0,14,85
4g2f,"углерод, сера, фтор",14,0,14,85
4g2f,"углерод, сера, хлор",14,0,14,85
4g2f,"углерод, сера, галогены",14,0,14,85
4g2f,любой тяжёлый атом,14,2,14,85
2qo9,любой углерод,8,0,8,85
2qo9,углерод и сера,8,0,8,85
2qo9,углерод и галогены,8,0,8,85
2qo9,"углерод, сера, фтор",8,0,8,85
2qo9,"углерод, сера, хлор",8,0,8,85
2qo9,"углерод, сера, галогены",8,0,8,85
2qo9,любой тяжёлый атом,8,7,8,85
2qo9,любой углерод,8,0,8,85
2qo9,углерод и сера,8,0,8,85
2qo9,углерод и галогены,8,0,8,85
2qo9,"углерод, сера, фтор",8,0,8,85
2qo9,"углерод, сера, хлор",8,0,8,85
2qo9,"углерод, сера, галогены",8,0,8,85
2qo9,любой тяжёлый атом,8,7,8,85
4two,любой углерод,12,0,12,85
4two,углерод и сера,12,0,12,85
4two,углерод и галогены,12,0,12,85
4two,"углерод, сера, фтор",12,0,12,85
4two,"углерод, сера, хлор",12,0,12,85
4two,"углерод, сера, галогены",12,0,12,85
4two,любой тяжёлый атом,12,6,12,85
2qoq,любой углерод,6,0,6,85
2qoq,углерод и сера,6,0,6,85
2qoq,углерод и галогены,6,0,6,85
2qoq,"углерод, сера, фтор",6,0,6,85
2qoq,"углерод, сера, хлор",6,0,6,85
2qoq,"углерод, сера, галогены",6,0,6,85
2qoq,любой тяжёлый атом,6,7,6,85
4p4c,любой углерод,14,0,14,85
4p4c,углерод и сера,14,0,14,85
4p4c,углерод и галогены,14,0,14,85
4p4c,"углерод, сера, фтор",14,0,14,85
4p4c,"углерод, сера, хлор",14,0,14,85
4p4c,"углерод, сера, галогены",14,0,14,85
4p4c,любой тяжёлый атом,14,5,14,85
4p5q,любой углерод,17,0,18,85
4p5q,углерод и сера,17,0,18,85
4p5q,углерод и галогены,18,0,18,85
4p5q,"углерод, сера, фтор",17,0,18,85
4p5q,"углерод, сера, хлор",18,0,18,85
4p5q,"углерод, сера, галогены",18,0,18,85
4p5q,любой тяжёлый атом,18,4,18,85
2qoq,любой углерод,6,0,6,85
2qoq,углерод и сера,6,0,6,85
2qoq,углерод и галогены,6,0,6,85
2qoq,"углерод, сера, фтор",6,0,6,85
2qoq,"углерод, сера, хлор",6,0,6,85
2qoq,"углерод, сера, галогены",6,0,6,85
2qoq,любой тяжёлый атом,6,7,6,85
2qoc,любой углерод,7,0,7,85
2qoc,углерод и сера,7,0,7,85
2qoc,углерод и галогены,7,0,7,85
2qoc,"углерод, сера, фтор",7,0,7,85
2qoc,"углерод, сера, хлор",7,0,7,85
2qoc,"углерод, сера, галогены",7,0,7,85
2qoc,любой тяжёлый атом,7,9,7,85
3fxx,любой углерод,8,0,8,85
3fxx,углерод и сера,8,0,8,85
3fxx,углерод и галогены,8,0,8,85
3fxx,"углерод, сера, фтор",8,0,8,85
3fxx,"углерод, сера, хлор",8,0,8,85
3fxx,"углерод, сера, галогены",8,0,8,85
3fxx,любой тяжёлый атом,8,7,8,85
2qoq,любой углерод,6,0,6,85
2qoq,углерод и сера,6,0,6,85
2qoq,углерод и галогены,6,0,6,85
2qoq,"углерод, сера, фтор",6,0,6,85
2qoq,"углерод, сера, хлор",6,0,6,85
2qoq,"углерод, сера, галогены",6,0,6,85
2qoq,любой тяжёлый атом,6,7,6,85
4p5q,любой углерод,17,0,18,85
4p5q,углерод и сера,17,0,18,85
4p5q,углерод и галогены,18,0,18,85
4p5q,"углерод, сера, фтор",17,0,18,85
4p5q,"углерод, сера, хлор",18,0,18,85
4p5q,"углерод, сера, галогены",18,0,18,85
4p5q,любой тяжёлый атом,18,4,18,85
6in0,любой углерод,12,0,12,85
6in0,углерод и сера,12,0,12,85
6in0,углерод и галогены,12,0,12,85
6in0,"углерод, сера, фтор",12,0,12,85
6in0,"углерод, сера, хлор",12,0,12,85
6in0,"углерод, сера, галогены",12,0,12,85
6in0,любой тяжёлый атом,12,1,12,85
6in0,любой углерод,12,0,12,85
6in0,углерод и сера,12,0,12,85
6in0,углерод и галогены,12,0,12,85
6in0,"углерод, сера, фтор",12,0,12,85
6in0,"углерод, сера, хлор",12,0,12,85
6in0,"углерод, сера, галогены",12,0,12,85
6in0,любой тяжёлый атом,12,0,12,85
2yn8,любой углерод,17,0,17,85
2yn8,углерод и сера,17,0,17,85
2yn8,углерод и галогены,17,0,17,85
2yn8,"углерод, сера, фтор",17,0,17,85
2yn8,"углерод, сера, хлор",17,0,17,85
2yn8,"углерод, сера, галогены",17,0,17,85
2yn8,любой тяжёлый атом,17,2,17,85
2vww,любой углерод,18,0,19,85
2vww,углерод и сера,18,0,19,85
2vww,углерод и галогены,19,0,19,85
2vww,"углерод, сера, фтор",18,0,19,85
2vww,"углерод, сера, хлор",19,0,19,85
2vww,"углерод, сера, галогены",19,0,19,85
2vww,любой тяжёлый атом,19,0,19,85
2vwx,любой углерод,15,0,17,85
2vwx,углерод и сера,16,0,17,85
2vwx,углерод и галогены,16,0,17,85
2vwx,"углерод, сера, фтор",16,0,17,85
2vwx,"углерод, сера, хлор",17,0,17,85
2vwx,"углерод, сера, галогены",17,0,17,85
2vwx,любой тяжёлый атом,17,2,17,85
4aw5,любой углерод,15,0,15,85
4aw5,углерод и сера,15,0,15,85
4aw5,углерод и галогены,15,0,15,85
4aw5,"углерод, сера, фтор",15,0,15,85
4aw5,"углерод, сера, хлор",15,0,15,85
4aw5,"углерод, сера, галогены",15,0,15,85
4aw5,любой тяжёлый атом,15,4,15,85
3zew,любой углерод,17,0,17,85
3zew,углерод и сера,17,0,17,85
3zew,углерод и галогены,17,0,17,85
3zew,"углерод, сера, фтор",17,0,17,85
3zew,"углерод, сера, хлор",17,0,17,85
3zew,"углерод, сера, галогены",17,0,17,85
3zew,любой тяжёлый атом,17,2,17,85
2vx0,любой углерод,17,0,18,85
2vx0,углерод и сера,17,0,18,85
2vx0,углерод и галогены,18,0,18,85
2vx0,"углерод, сера, фтор",17,0,18,85
2vx0,"углерод, сера, хлор",18,0,18,85
2vx0,"углерод, сера, галогены",18,0,18,85
2vx0,любой тяжёлый атом,18,0,18,85
2vww,любой углерод,18,0,19,85
2vww,углерод и сера,18,0,19,85
2vww,углерод и галогены,19,0,19,85
2vww,"углерод, сера, фтор",18,0,19,85
2vww,"углерод, сера, хлор",19,0,19,85
2vww,"углерод, сера, галогены",19,0,19,85
2vww,любой тяжёлый атом,19,0,19,85
3zew,любой углерод,17,0,17,85
3zew,углерод и сера,17,0,17,85
3zew,углерод и галогены,17,0,17,85
3zew,"углерод, сера, фтор",17,0,17,85
3zew,"углерод, сера, хлор",17,0,17,85
3zew,"углерод, сера, галогены",17,0,17,85
3zew,любой тяжёлый атом,17,2,17,85
4bb4,любой углерод,16,0,16,85
4bb4,углерод и сера,16,0,16,85
4bb4,углерод и галогены,16,0,16,85
4bb4,"углерод, сера, фтор",16,0,16,85
4bb4,"углерод, сера, хлор",16,0,16,85
4bb4,"углерод, сера, галогены",16,0,16,85
4bb4,любой тяжёлый атом,16,2,16,85
2xvd,любой углерод,19,0,19,85
2xvd,углерод и сера,19,0,19,85
2xvd,углерод и галогены,19,0,19,85
2xvd,"углерод, сера, фтор",19,0,19,85
2xvd,"углерод, сера, хлор",19,0,19,85
2xvd,"углерод, сера, галогены",19,0,19,85
2xvd,любой тяжёлый атом,19,2,19,85
2vwy,любой углерод,16,0,18,85
2vwy,углерод и сера,17,0,18,85
2vwy,углерод и галогены,17,0,18,85
2vwy,"углерод, сера, фтор",17,0,18,85
2vwy,"углерод, сера, хлор",18,0,18,85
2vwy,"углерод, сера, галогены",18,0,18,85
2vwy,любой тяжёлый атом,18,1,18,85
2vwy,любой углерод,17,0,18,85
2vwy,углерод и сера,17,0,18,85
2vwy,углерод и галогены,18,0,18,85
2vwy,"углерод, сера, фтор",17,0,18,85
2vwy,"углерод, сера, хлор",18,0,18,85
2vwy,"углерод, сера, галогены",18,0,18,85
2vwy,любой тяжёлый атом,18,0,18,85
6fnm,любой углерод,17,0,19,85
6fnm,углерод и сера,17,0,19,85
6fnm,углерод и галогены,19,0,19,85
6fnm,"углерод, сера, фтор",17,0,19,85
6fnm,"углерод, сера, хлор",19,0,19,85
6fnm,"углерод, сера, галогены",19,0,19,85
6fnm,любой тяжёлый атом,19,1,19,85
6fnk,любой углерод,11,0,11,85
6fnk,углерод и сера,11,0,11,85
6fnk,углерод и галогены,11,0,11,85
6fnk,"углерод, сера, фтор",11,0,11,85
6fnk,"углерод, сера, хлор",11,0,11,85
6fnk,"углерод, сера, галогены",11,0,11,85
6fnk,любой тяжёлый атом,11,3,11,85
2vwz,любой углерод,15,0,16,85
2vwz,углерод и сера,15,0,16,85
2vwz,углерод и галогены,16,0,16,85
2vwz,"углерод, сера, фтор",15,0,16,85
2vwz,"углерод, сера, хлор",16,0,16,85
2vwz,"углерод, сера, галогены",16,0,16,85
2vwz,любой тяжёлый атом,16,1,16,85
2vwv,любой углерод,15,0,16,85
2vwv,углерод и сера,15,0,16,85
2vwv,углерод и галогены,16,0,16,85
2vwv,"углерод, сера, фтор",15,0,16,85
2vwv,"углерод, сера, хлор",16,0,16,85
2vwv,"углерод, сера, галогены",16,0,16,85
2vwv,любой тяжёлый атом,16,0,16,85
4bb4,любой углерод,16,0,16,85
4bb4,углерод и сера,16,0,16,85
4bb4,углерод и галогены,16,0,16,85
4bb4,"углерод, сера, фтор",16,0,16,85
4bb4,"углерод, сера, хлор",16,0,16,85
4bb4,"углерод, сера, галогены",16,0,16,85
4bb4,любой тяжёлый атом,16,2,16,85
2vx1,любой углерод,15,0,16,85
2vx1,углерод и сера,15,0,16,85
2vx1,углерод и галогены,16,0,16,85
2vx1,"углерод, сера, фтор",15,0,16,85
2vx1,"углерод, сера, хлор",16,0,16,85
2vx1,"углерод, сера, галогены",16,0,16,85
2vx1,любой тяжёлый атом,16,1,16,85
2vwv,любой углерод,15,0,16,85
2vwv,углерод и сера,15,0,16,85
2vwv,углерод и галогены,16,0,16,85
2vwv,"углерод, сера, фтор",15,0,16,85
2vwv,"углерод, сера, хлор",16,0,16,85
2vwv,"углерод, сера, галогены",16,0,16,85
2vwv,любой тяжёлый атом,16,0,16,85
2x9f,любой углерод,16,0,16,85
2x9f,углерод и сера,16,0,16,85
2x9f,углерод и галогены,16,0,16,85
2x9f,"углерод, сера, фтор",16,0,16,85
2x9f,"углерод, сера, хлор",16,0,16,85
2x9f,"углерод, сера, галогены",16,0,16,85
2x9f,любой тяжёлый атом,16,3,16,85
3zew,любой углерод,18,0,18,85
3zew,углерод и сера,18,0,18,85
3zew,углерод и галогены,18,0,18,85
3zew,"углерод, сера, фтор",18,0,18,85
3zew,"углерод, сера, хлор",18,0,18,85
3zew,"углерод, сера, галогены",18,0,18,85
3zew,любой тяжёлый атом,18,2,18,85
4aw5,любой углерод,16,0,16,85
4aw5,углерод и сера,16,0,16,85
4aw5,углерод и галогены,16,0,16,85
4aw5,"углерод, сера, фтор",16,0,16,85
4aw5,"углерод, сера, хлор",16,0,16,85
4aw5,"углерод, сера, галогены",16,0,16,85
4aw5,любой тяжёлый атом,16,4,16,85
2vx0,любой углерод,17,0,18,85
2vx0,углерод и сера,17,0,18,85
2vx0,углерод и галогены,18,0,18,85
2vx0,"углерод, сера, фтор",17,0,18,85
2vx0,"углерод, сера, хлор",18,0,18,85
2vx0,"углерод, сера, галогены",18,0,18,85
2vx0,любой тяжёлый атом,18,0,18,85
2x9f,любой углерод,16,0,16,85
2x9f,углерод и сера,16,0,16,85
2x9f,углерод и галогены,16,0,16,85
2x9f,"углерод, сера, фтор",16,0,16,85
2x9f,"углерод, сера, хлор",16,0,16,85
2x9f,"углерод, сера, галогены",16,0,16,85
2x9f,любой тяжёлый атом,16,4,16,85
2xvd,любой углерод,19,0,19,85
2xvd,углерод и сера,19,0,19,85
2xvd,углерод и галогены,19,0,19,85
2xvd,"углерод, сера, фтор",19,0,19,85
2xvd,"углерод, сера, хлор",19,0,19,85
2xvd,"углерод, сера, галогены",19,0,19,85
2xvd,любой тяжёлый атом,19,2,19,85
3zew,любой углерод,18,0,18,85
3zew,углерод и сера,18,0,18,85
3zew,углерод и галогены,18,0,18,85
3zew,"углерод, сера, фтор",18,0,18,85
3zew,"углерод, сера, хлор",18,0,18,85
3zew,"углерод, сера, галогены",18,0,18,85
3zew,любой тяжёлый атом,18,2,18,85
2vx1,любой углерод,16,0,17,85
2vx1,углерод и сера,16,0,17,85
2vx1,углерод и галогены,17,0,17,85
2vx1,"углерод, сера, фтор",16,0,17,85
2vx1,"углерод, сера, хлор",17,0,17,85
2vx1,"углерод, сера, галогены",17,0,17,85
2vx1,любой тяжёлый атом,17,1,17,85
2vwz,любой углерод,17,0,19,85
2vwz,углерод и сера,18,0,19,85
2vwz,углерод и галогены,18,0,19,85
2vwz,"углерод, сера, фтор",18,0,19,85
2vwz,"углерод, сера, хлор",19,0,19,85
2vwz,"углерод, сера, галогены",19,0,19,85
2vwz,любой тяжёлый атом,19,1,19,85
2vwu,любой углерод,19,0,20,85
2vwu,углерод и сера,19,0,20,85
2vwu,углерод и галогены,20,0,20,85
2vwu,"углерод, сера, фтор",19,0,20,85
2vwu,"углерод, сера, хлор",20,0,20,85
2vwu,"углерод, сера, галогены",20,0,20,85
2vwu,любой тяжёлый атом,20,0,20,85
6fnk,любой углерод,12,0,12,85
6fnk,углерод и сера,12,0,12,85
6fnk,углерод и галогены,12,0,12,85
6fnk,"углерод, сера, фтор",12,0,12,85
6fnk,"углерод, сера, хлор",12,0,12,85
6fnk,"углерод, сера, галогены",12,0,12,85
6fnk,любой тяжёлый атом,12,2,12,85
2vwx,любой углерод,15,0,16,85
2vwx,углерод и сера,15,0,16,85
2vwx,углерод и галогены,16,0,16,85
2vwx,"углерод, сера, фтор",15,0,16,85
2vwx,"углерод, сера, хлор",16,0,16,85
2vwx,"углерод, сера, галогены",16,0,16,85
2vwx,любой тяжёлый атом,16,1,16,85
2yn8,любой углерод,17,0,17,85
2yn8,углерод и сера,17,0,17,85
2yn8,углерод и галогены,17,0,17,85
2yn8,"углерод, сера, фтор",17,0,17,85
2yn8,"углерод, сера, хлор",17,0,17,85
2yn8,"углерод, сера, галогены",17,0,17,85
2yn8,любой тяжёлый атом,17,2,17,85
6fnm,любой углерод,17,0,19,85
6fnm,углерод и сера,18,0,19,85
6fnm,углерод и галогены,18,0,19,85
6fnm,"углерод, сера, фтор",18,0,19,85
6fnm,"углерод, сера, хлор",19,0,19,85
6fnm,"углерод, сера, галогены",19,0,19,85
6fnm,любой тяжёлый атом,19,2,19,85
5s7s,любой углерод,17,0,17,85
5s7s,углерод и сера,17,0,17,85
5s7s,углерод и галогены,17,0,17,85
5s7s,"углерод, сера, фтор",17,0,17,85
5s7s,"углерод, сера, хлор",17,0,17,85
5s7s,"углерод, сера, галогены",17,0,17,85
5s7s,любой тяжёлый атом,17,4,17,85
6jux,любой углерод,15,0,15,85
6jux,углерод и сера,15,0,15,85
6jux,углерод и галогены,15,0,15,85
6jux,"углерод, сера, фтор",15,0,15,85
6jux,"углерод, сера, хлор",15,0,15,85
6jux,"углерод, сера, галогены",15,0,15,85
6jux,любой тяжёлый атом,15,2,15,85
6jux,любой углерод,16,0,16,85
6jux,углерод и сера,16,0,16,85
6jux,углерод и галогены,16,0,16,85
6jux,"углерод, сера, фтор",16,0,16,85
6jux,"углерод, сера, хлор",16,0,16,85
6jux,"углерод, сера, галогены",16,0,16,85
6jux,любой тяжёлый атом,16,2,16,85
6tn8,любой углерод,18,0,18,85
6tn8,углерод и сера,18,0,18,85
6tn8,углерод и галогены,18,0,18,85
6tn8,"углерод, сера, фтор",18,0,18,85
6tn8,"углерод, сера, хлор",18,0,18,85
6tn8,"углерод, сера, галогены",18,0,18,85
6tn8,любой тяжёлый атом,18,2,18,85
6tn8,любой углерод,18,0,18,85
6tn8,углерод и сера,18,0,18,85
6tn8,углерод и галогены,18,0,18,85
6tn8,"углерод, сера, фтор",18,0,18,85
6tn8,"углерод, сера, хлор",18,0,18,85
6tn8,"углерод, сера, галогены",18,0,18,85
6tn8,любой тяжёлый атом,18,2,18,85
6t8n,любой углерод,20,0,20,85
6t8n,углерод и сера,20,0,20,85
6t8n,углерод и галогены,20,0,20,85
6t8n,"углерод, сера, фтор",20,0,20,85
6t8n,"углерод, сера, хлор",20,0,20,85
6t8n,"углерод, сера, галогены",20,0,20,85
6t8n,любой тяжёлый атом,20,3,20,85
6t8n,любой углерод,20,0,20,85
6t8n,углерод и сера,20,0,20,85
6t8n,углерод и галогены,20,0,20,85
6t8n,"углерод, сера, фтор",20,0,20,85
6t8n,"углерод, сера, хлор",20,0,20,85
6t8n,"углерод, сера, галогены",20,0,20,85
6t8n,любой тяжёлый атом,20,3,20,85
6t8n,любой углерод,19,0,19,85
6t8n,углерод и сера,19,0,19,85
6t8n,углерод и галогены,19,0,19,85
6t8n,"углерод, сера, фтор",19,0,19,85
6t8n,"углерод, сера, хлор",19,0,19,85
6t8n,"углерод, сера, галогены",19,0,19,85
6t8n,любой тяжёлый атом,19,1,19,85
6t8n,любой углерод,19,0,19,85
6t8n,углерод и сера,19,0,19,85
6t8n,углерод и галогены,19,0,19,85
6t8n,"углерод, сера, фтор",19,0,19,85
6t8n,"углерод, сера, хлор",19,0,19,85
6t8n,"углерод, сера, галогены",19,0,19,85
6t8n,любой тяжёлый атом,19,2,19,85
6t6d,любой углерод,16,0,16,85
6t6d,углерод и сера,16,0,16,85
6t6d,углерод и галогены,16,0,16,85
6t6d,"углерод, сера, фтор",16,0,16,85
6t6d,"углерод, сера, хлор",16,0,16,85
6t6d,"углерод, сера, галогены",16,0,16,85
6t6d,любой тяжёлый атом,16,3,16,85
6t6d,любой углерод,15,0,15,85
6t6d,углерод и сера,15,0,15,85
6t6d,углерод и галогены,15,0,15,85
6t6d,"углерод, сера, фтор",15,0,15,85
6t6d,"углерод, сера, хлор",15,0,15,85
6t6d,"углерод, сера, галогены",15,0,15,85
6t6d,любой тяжёлый атом,15,4,15,85
6z36,любой углерод,16,0,16,85
6z36,углерод и сера,16,0,16,85
6z36,углерод и галогены,16,0,16,85
6z36,"углерод, сера, фтор",16,0,16,85
6z36,"углерод, сера, хлор",16,0,16,85
6z36,"углерод, сера, галогены",16,0,16,85
6z36,любой тяжёлый атом,16,4,16,85
6z36,любой углерод,16,0,16,85
6z36,углерод и сера,16,0,16,85
6z36,углерод и галогены,16,0,16,85
6z36,"углерод, сера, фтор",16,0,16,85
6z36,"углерод, сера, хлор",16,0,16,85
6z36,"углерод, сера, галогены",16,0,16,85
6z36,любой тяжёлый атом,16,4,16,85
6z36,любой углерод,16,0,16,85
6z36,углерод и сера,16,0,16,85
6z36,углерод и галогены,16,0,16,85
6z36,"углерод, сера, фтор",16,0,16,85
6z36,"углерод, сера, хлор",16,0,16,85
6z36,"углерод, сера, галогены",16,0,16,85
6z36,любой тяжёлый атом,16,4,16,85
6z36,любой углерод,16,0,16,85
6z36,углерод и сера,16,0,16,85
6z36,углерод и галогены,16,0,16,85
6z36,"углерод, сера, фтор",16,0,16,85
6z36,"углерод, сера, хлор",16,0,16,85
6z36,"углерод, сера, галогены",16,0,16,85
6z36,любой тяжёлый атом,16,4,16,85
6t6d,любой углерод,15,0,15,85
6t6d,углерод и сера,15,0,15,85
6t6d,углерод и галогены,15,0,15,85
6t6d,"углерод, сера, фтор",15,0,15,85
6t6d,"углерод, сера, хлор",15,0,15,85
6t6d,"углерод, сера, галогены",15,0,15,85
6t6d,любой тяжёлый атом,15,4,15,85
6t6d,любой углерод,16,0,16,85
6t6d,углерод и сера,16,0,16,85
6t6d,углерод и галогены,16,0,16,85
6t6d,"углерод, сера, фтор",16,0,16,85
6t6d,"углерод, сера, хлор",16,0,16,85
6t6d,"углерод, сера, галогены",16,0,16,85
6t6d,любой тяжёлый атом,16,3,16,85
6t6d,любой углерод,15,0,15,85
6t6d,углерод и сера,15,0,15,85
6t6d,углерод и галогены,15,0,15,85
6t6d,"углерод, сера, фтор",15,0,15,85
6t6d,"углерод, сера, хлор",15,0,15,85
6t6d,"углерод, сера, галогены",15,0,15,85
6t6d,любой тяжёлый атом,15,4,15,85
6t6d,любой углерод,14,0,14,85
6t6d,углерод и сера,14,0,14,85
6t6d,углерод и галогены,14,0,14,85
6t6d,"углерод, сера, фтор",14,0,14,85
6t6d,"углерод, сера, хлор",14,0,14,85
6t6d,"углерод, сера, галогены",14,0,14,85
6t6d,любой тяжёлый атом,14,4,14,85
6t6d,любой углерод,14,0,14,85
6t6d,углерод и сера,14,0,14,85
6t6d,углерод и галогены,14,0,14,85
6t6d,"углерод, сера, фтор",14,0,14,85
6t6d,"углерод, сера, хлор",14,0,14,85
6t6d,"углерод, сера, галогены",14,0,14,85
6t6d,любой тяжёлый атом,14,4,14,85
6t6d,любой углерод,15,0,15,85
6t6d,углерод и сера,15,0,15,85
6t6d,углерод и галогены,15,0,15,85
6t6d,"углерод, сера, фтор",15,0,15,85
6t6d,"углерод, сера, хлор",15,0,15,85
6t6d,"углерод, сера, галогены",15,0,15,85
6t6d,любой тяжёлый атом,15,4,15,85
6szm,любой углерод,16,0,16,85
6szm,углерод и сера,16,0,16,85
6szm,углерод и галогены,16,0,16,85
6szm,"углерод, сера, фтор",16,0,16,85
6szm,"углерод, сера, хлор",16,0,16,85
6szm,"углерод, сера, галогены",16,0,16,85
6szm,любой тяжёлый атом,16,4,16,85
6szm,любой углерод,17,0,17,85
6szm,углерод и сера,17,0,17,85
6szm,углерод и галогены,17,0,17,85
6szm,"углерод, сера, фтор",17,0,17,85
6szm,"углерод, сера, хлор",17,0,17,85
6szm,"углерод, сера, галогены",17,0,17,85
6szm,любой тяжёлый атом,17,3,17,85
6szm,любой углерод,16,0,16,85
6szm,углерод и сера,16,0,16,85
6szm,углерод и галогены,16,0,16,85
6szm,"углерод, сера, фтор",16,0,16,85
6szm,"углерод, сера, хлор",16,0,16,85
6szm,"углерод, сера, галогены",16,0,16,85
6szm,любой тяжёлый атом,16,4,16,85
6szm,любой углерод,17,0,17,85
6szm,углерод и сера,17,0,17,85
6szm,углерод и галогены,17,0,17,85
6szm,"углерод, сера, фтор",17,0,17,85
6szm,"углерод, сера, хлор",17,0,17,85
6szm,"углерод, сера, галогены",17,0,17,85
6szm,любой тяжёлый атом,17,3,17,85
6srh,любой углерод,17,0,17,85
6srh,углерод и сера,17,0,17,85
6srh,углерод и галогены,17,0,17,85
6srh,"углерод, сера, фтор",17,0,17,85
6srh,"углерод, сера, хлор",17,0,17,85
6srh,"углерод, сера, галогены",17,0,17,85
6srh,любой тяжёлый атом,17,3,17,85
6srh,любой углерод,15,0,15,85
6srh,углерод и сера,15,0,15,85
6srh,углерод и галогены,15,0,15,85
6srh,"углерод, сера, фтор",15,0,15,85
6srh,"углерод, сера, хлор",15,0,15,85
6srh,"углерод, сера, галогены",15,0,15,85
6srh,любой тяжёлый атом,15,7,15,85
6srh,любой углерод,17,0,17,85
6srh,углерод и сера,17,0,17,85
6srh,углерод и галогены,17,0,17,85
6srh,"углерод, сера, фтор",17,0,17,85
6srh,"углерод, сера, хлор",17,0,17,85
6srh,"углерод, сера, галогены",17,0,17,85
6srh,любой тяжёлый атом,17,3,17,85
6srh,любой углерод,16,0,16,85
6srh,углерод и сера,16,0,16,85
6srh,углерод и галогены,16,0,16,85
6srh,"углерод, сера, фтор",16,0,16,85
6srh,"углерод, сера, хлор",16,0,16,85
6srh,"углерод, сера, галогены",16,0,16,85
6srh,любой тяжёлый атом,16,5,16,85
6i1s,любой углерод,14,0,14,85
6i1s,углерод и сера,14,0,14,85
6i1s,углерод и галогены,14,0,14,85
6i1s,"углерод, сера, фтор",14,0,14,85
6i1s,"углерод, сера, хлор",14,0,14,85
6i1s,"углерод, сера, галогены",14,0,14,85
6i1s,любой тяжёлый атом,14,5,14,85
6i1s,любой углерод,14,0,14,85
6i1s,углерод и сера,14,0,14,85
6i1s,углерод и галогены,14,0,14,85
6i1s,"углерод, сера, фтор",14,0,14,85
6i1s,"углерод, сера, хлор",14,0,14,85
6i1s,"углерод, сера, галогены",14,0,14,85
6i1s,любой тяжёлый атом,14,5,14,85
6zgc,любой углерод,20,0,20,85
6zgc,углерод и сера,20,0,20,85
6zgc,углерод и галогены,20,0,20,85
6zgc,"углерод, сера, фтор",20,0,20,85
6zgc,"углерод, сера, хлор",20,0,20,85
6zgc,"углерод, сера, галогены",20,0,20,85
6zgc,любой тяжёлый атом,20,2,20,85
6zgc,любой углерод,21,0,21,85
6zgc,углерод и сера,21,0,21,85
6zgc,углерод и галогены,21,0,21,85
6zgc,"углерод, сера, фтор",21,0,21,85
6zgc,"углерод, сера, хлор",21,0,21,85
6zgc,"углерод, сера, галогены",21,0,21,85
6zgc,любой тяжёлый атом,21,2,21,85
6zgc,любой углерод,20,0,20,85
6zgc,углерод и сера,20,0,20,85
6zgc,углерод и галогены,20,0,20,85
6zgc,"углерод, сера, фтор",20,0,20,85
6zgc,"углерод, сера, хлор",20,0,20,85
6zgc,"углерод, сера, галогены",20,0,20,85
6zgc,любой тяжёлый атом,20,1,20,85
6zgc,любой углерод,19,0,19,85
6zgc,углерод и сера,19,0,19,85
6zgc,углерод и галогены,19,0,19,85
6zgc,"углерод, сера, фтор",19,0,19,85
6zgc,"углерод, сера, хлор",19,0,19,85
6zgc,"углерод, сера, галогены",19,0,19,85
6zgc,любой тяжёлый атом,19,3,19,85
7a21,любой углерод,18,0,18,85
7a21,углерод и сера,18,0,18,85
7a21,углерод и галогены,18,0,18,85
7a21,"углерод, сера, фтор",18,0,18,85
7a21,"углерод, сера, хлор",18,0,18,85
7a21,"углерод, сера, галогены",18,0,18,85
7a21,любой тяжёлый атом,18,4,18,85
7a21,любой углерод,19,0,19,85
7a21,углерод и сера,19,0,19,85
7a21,углерод и галогены,19,0,19,85
7a21,"углерод, сера, фтор",19,0,19,85
7a21,"углерод, сера, хлор",19,0,19,85
7a21,"углерод, сера, галогены",19,0,19,85
7a21,любой тяжёлый атом,19,4,19,85
7a21,любой углерод,18,0,18,85
7a21,углерод и сера,18,0,18,85
7a21,углерод и галогены,18,0,18,85
7a21,"углерод, сера, фтор",18,0,18,85
7a21,"углерод, сера, хлор",18,0,18,85
7a21,"углерод, сера, галогены",18,0,18,85
7a21,любой тяжёлый атом,18,4,18,85
7a21,любой углерод,19,0,19,85
7a21,углерод и сера,19,0,19,85
7a21,углерод и галогены,19,0,19,85
7a21,"углерод, сера, фтор",19,0,19,85
7a21,"углерод, сера, хлор",19,0,19,85
7a21,"углерод, сера, галогены",19,0,19,85
7a21,любой тяжёлый атом,19,4,19,85
6acr,любой углерод,14,0,14,85
6acr,углерод и сера,14,0,14,85
6acr,углерод и галогены,14,0,14,85
6acr,"углерод, сера, фтор",14,0,14,85
6acr,"углерод, сера, хлор",14,0,14,85
6acr,"углерод, сера, галогены",14,0,14,85
6acr,любой тяжёлый атом,14,3,14,85
6acr,любой углерод,14,0,14,85
6acr,углерод и сера,14,0,14,85
6acr,углерод и галогены,14,0,14,85
6acr,"углерод, сера, фтор",14,0,14,85
6acr,"углерод, сера, хлор",14,0,14,85
6acr,"углерод, сера, галогены",14,0,14,85
6acr,любой тяжёлый атом,14,2,14,85
7c3g,любой углерод,18,0,18,85
7c3g,углерод и сера,18,0,18,85
7c3g,углерод и галогены,18,0,18,85
7c3g,"углерод, сера, фтор",18,0,18,85
7c3g,"углерод, сера, хлор",18,0,18,85
7c3g,"углерод, сера, галогены",18,0,18,85
7c3g,любой тяжёлый атом,18,1,18,85
7c3g,любой углерод,18,0,18,85
7c3g,углерод и сера,18,0,18,85
7c3g,углерод и галогены,18,0,18,85
7c3g,"углерод, сера, фтор",18,0,18,85
7c3g,"углерод, сера, хлор",18,0,18,85
7c3g,"углерод, сера, галогены",18,0,18,85
7c3g,любой тяжёлый атом,18,1,18,85
7c3g,любой углерод,19,0,19,85
7c3g,углерод и сера,19,0,19,85
7c3g,углерод и галогены,19,0,19,85
7c3g,"углерод, сера, фтор",19,0,19,85
7c3g,"углерод, сера, хлор",19,0,19,85
7c3g,"углерод, сера, галогены",19,0,19,85
7c3g,любой тяжёлый атом,19,1,19,85
7c3g,любой углерод,18,0,18,85
7c3g,углерод и сера,18,0,18,85
7c3g,углерод и галогены,18,0,18,85
7c3g,"углерод, сера, фтор",18,0,18,85
7c3g,"углерод, сера, хлор",18,0,18,85
7c3g,"углерод, сера, галогены",18,0,18,85
7c3g,любой тяжёлый атом,18,2,18,85
7nns,любой углерод,16,0,16,85
7nns,углерод и сера,16,0,16,85
7nns,углерод и галогены,16,0,16,85
7nns,"углерод, сера, фтор",16,0,16,85
7nns,"углерод, сера, хлор",16,0,16,85
7nns,"углерод, сера, галогены",16,0,16,85
7nns,любой тяжёлый атом,16,3,16,85
7nns,любой углерод,16,0,16,85
7nns,углерод и сера,16,0,16,85
7nns,углерод и галогены,16,0,16,85
7nns,"углерод, сера, фтор",16,0,16,85
7nns,"углерод, сера, хлор",16,0,16,85
7nns,"углерод, сера, галогены",16,0,16,85
7nns,любой тяжёлый атом,16,3,16,85
5s7e,любой углерод,16,0,16,85
5s7e,углерод и сера,16,0,16,85
5s7e,углерод и галогены,16,0,16,85
5s7e,"углерод, сера, фтор",16,0,16,85
5s7e,"углерод, сера, хлор",16,0,16,85
5s7e,"углерод, сера, галогены",16,0,16,85
5s7e,любой тяжёлый атом,16,5,16,85
5s7a,любой углерод,16,0,16,85
5s7a,углерод и сера,16,0,16,85
5s7a,углерод и галогены,16,0,16,85
5s7a,"углерод, сера, фтор",16,0,16,85
5s7a,"углерод, сера, хлор",16,0,16,85
5s7a,"углерод, сера, галогены",16,0,16,85
5s7a,любой тяжёлый атом,16,4,16,85
5s9k,любой углерод,17,0,17,85
5s9k,углерод и сера,17,0,17,85
5s9k,углерод и галогены,17,0,17,85
5s9k,"углерод, сера, фтор",17,0,17,85
5s9k,"углерод, сера, хлор",17,0,17,85
5s9k,"углерод, сера, галогены",17,0,17,85
5s9k,любой тяжёлый атом,17,3,17,85
5s7x,любой углерод,17,0,17,85
5s7x,углерод и сера,17,0,17,85
5s7x,углерод и галогены,17,0,17,85
5s7x,"углерод, сера, фтор",17,0,17,85
5s7x,"углерод, сера, хлор",17,0,17,85
5s7x,"углерод, сера, галогены",17,0,17,85
5s7x,любой тяжёлый атом,17,4,17,85
5s7j,любой углерод,16,0,16,85
5s7j,углерод и сера,16,0,16,85
5s7j,углерод и галогены,16,0,16,85
5s7j,"углерод, сера, фтор",16,0,16,85
5s7j,"углерод, сера, хлор",16,0,16,85
5s7j,"углерод, сера, галогены",16,0,16,85
5s7j,любой тяжёлый атом,16,5,16,85
5s7k,любой углерод,17,0,17,85
5s7k,углерод и сера,17,0,17,85
5s7k,углерод и галогены,17,0,17,85
5s7k,"углерод, сера, фтор",17,0,17,85
5s7k,"углерод, сера, хлор",17,0,17,85
5s7k,"углерод, сера, галогены",17,0,17,85
5s7k,любой тяжёлый атом,17,3,17,85
5s7b,любой углерод,17,0,17,85
5s7b,углерод и сера,17,0,17,85
5s7b,углерод и галогены,17,0,17,85
5s7b,"углерод, сера, фтор",17,0,17,85
5s7b,"углерод, сера, хлор",17,0,17,85
5s7b,"углерод, сера, галогены",17,0,17,85
5s7b,любой тяжёлый атом,17,4,17,85
5s7s,любой углерод,15,0,15,85
5s7s,углерод и сера,15,0,15,85
5s7s,углерод и галогены,15,0,15,85
5s7s,"углерод, сера, фтор",15,0,15,85
5s7s,"углерод, сера, хлор",15,0,15,85
5s7s,"углерод, сера, галогены",15,0,15,85
5s7s,любой тяжёлый атом,15,3,15,85
5s7z,любой углерод,16,0,16,85
5s7z,углерод и сера,16,0,16,85
5s7z,углерод и галогены,16,0,16,85
5s7z,"углерод, сера, фтор",16,0,16,85
5s7z,"углерод, сера, хлор",16,0,16,85
5s7z,"углерод, сера, галогены",16,0,16,85
5s7z,любой тяжёлый атом,16,5,16,85
5s7i,любой углерод,15,0,15,85
5s7i,углерод и сера,15,0,15,85
5s7i,углерод и галогены,15,0,15,85
5s7i,"углерод, сера, фтор",15,0,15,85
5s7i,"углерод, сера, хлор",15,0,15,85
5s7i,"углерод, сера, галогены",15,0,15,85
5s7i,любой тяжёлый атом,15,4,15,85
5s7n,любой углерод,16,0,16,85
5s7n,углерод и сера,16,0,16,85
5s7n,углерод и галогены,16,0,16,85
5s7n,"углерод, сера, фтор",16,0,16,85
5s7n,"углерод, сера, хлор",16,0,16,85
5s7n,"углерод, сера, галогены",16,0,16,85
5s7n,любой тяжёлый атом,16,4,16,85
5s84,любой углерод,16,0,16,85
5s84,углерод и сера,16,0,16,85
5s84,углерод и галогены,16,0,16,85
5s84,"углерод, сера, фтор",16,0,16,85
5s84,"углерод, сера, хлор",16,0,16,85
5s84,"углерод, сера, галогены",16,0,16,85
5s84,любой тяжёлый атом,16,6,16,85
5s88,любой углерод,17,0,17,85
5s88,углерод и сера,17,0,17,85
5s88,углерод и галогены,17,0,17,85
5s88,"углерод, сера, фтор",17,0,17,85
5s88,"углерод, сера, хлор",17,0,17,85
5s88,"углерод, сера, галогены",17,0,17,85
5s88,любой тяжёлый атом,17,3,17,85
5s82,любой углерод,16,0,16,85
5s82,углерод и сера,16,0,16,85
5s82,углерод и галогены,16,0,16,85
5s82,"углерод, сера, фтор",16,0,16,85
5s82,"углерод, сера, хлор",16,0,16,85
5s82,"углерод, сера, галогены",16,0,16,85
5s82,любой тяжёлый атом,16,5,16,85
5s9k,любой углерод,17,0,17,85
5s9k,углерод и сера,17,0,17,85
5s9k,углерод и галогены,17,0,17,85
5s9k,"углерод, сера, фтор",17,0,17,85
5s9k,"углерод, сера, хлор",17,0,17,85
5s9k,"углерод, сера, галогены",17,0,17,85
5s9k,любой тяжёлый атом,17,4,17,85
5s77,любой углерод,16,0,16,85
5s77,углерод и сера,16,0,16,85
5s77,углерод и галогены,16,0,16,85
5s77,"углерод, сера, фтор",16,0,16,85
5s77,"углерод, сера, хлор",16,0,16,85
5s77,"углерод, сера, галогены",16,0,16,85
5s77,любой тяжёлый атом,16,6,16,85
5s7n,любой углерод,16,0,16,85
5s7n,углерод и сера,16,0,16,85
5s7n,углерод и галогены,16,0,16,85
5s7n,"углерод, сера, фтор",16,0,16,85
5s7n,"углерод, сера, хлор",16,0,16,85
5s7n,"углерод, сера, галогены",16,0,16,85
5s7n,любой тяжёлый атом,16,5,16,85
5s7a,любой углерод,15,0,15,85
5s7a,углерод и сера,15,0,15,85
5s7a,углерод и галогены,15,0,15,85
5s7a,"углерод, сера, фтор",15,0,15,85
5s7a,"углерод, сера, хлор",15,0,15,85
5s7a,"углерод, сера, галогены",15,0,15,85
5s7a,любой тяжёлый атом,15,6,15,85
5s81,любой углерод,16,0,16,85
5s81,углерод и сера,16,0,16,85
5s81,углерод и галогены,16,0,16,85
5s81,"углерод, сера, фтор",16,0,16,85
5s81,"углерод, сера, хлор",16,0,16,85
5s81,"углерод, сера, галогены",16,0,16,85
5s81,любой тяжёлый атом,16,4,16,85
5s7w,любой углерод,17,0,17,85
5s7w,углерод и сера,17,0,17,85
5s7w,углерод и галогены,17,0,17,85
5s7w,"углерод, сера, фтор",17,0,17,85
5s7w,"углерод, сера, хлор",17,0,17,85
5s7w,"углерод, сера, галогены",17,0,17,85
5s7w,любой тяжёлый атом,17,3,17,85
5s7y,любой углерод,16,0,16,85
5s7y,углерод и сера,16,0,16,85
5s7y,углерод и галогены,16,0,16,85
5s7y,"углерод, сера, фтор",16,0,16,85
5s7y,"углерод, сера, хлор",16,0,16,85
5s7y,"углерод, сера, галогены",16,0,16,85
5s7y,любой тяжёлый атом,16,4,16,85
5s87,любой углерод,16,0,16,85
5s87,углерод и сера,16,0,16,85
5s87,углерод и галогены,16,0,16,85
5s87,"углерод, сера, фтор",16,0,16,85
5s87,"углерод, сера, хлор",16,0,16,85
5s87,"углерод, сера, галогены",16,0,16,85
5s87,любой тяжёлый атом,16,4,16,85
5s7o,любой углерод,17,0,17,85
5s7o,углерод и сера,17,0,17,85
5s7o,углерод и галогены,17,0,17,85
5s7o,"углерод, сера, фтор",17,0,17,85
5s7o,"углерод, сера, хлор",17,0,17,85
5s7o,"углерод, сера, галогены",17,0,17,85
5s7o,любой тяжёлый атом,17,4,17,85
5s7w,любой углерод,16,0,16,85
5s7w,углерод и сера,16,0,16,85
5s7w,углерод и галогены,16,0,16,85
5s7w,"углерод, сера, фтор",16,0,16,85
5s7w,"углерод, сера, хлор",16,0,16,85
5s7w,"углерод, сера, галогены",16,0,16,85
5s7w,любой тяжёлый атом,16,4,16,85
5s7m,любой углерод,16,0,16,85
5s7m,углерод и сера,16,0,16,85
5s7m,углерод и галогены,16,0,16,85
5s7m,"углерод, сера, фтор",16,0,16,85
5s7m,"углерод, сера, хлор",16,0,16,85
5s7m,"углерод, сера, галогены",16,0,16,85
5s7m,любой тяжёлый атом,16,5,16,85
5s75,любой углерод,16,0,16,85
5s75,углерод и сера,16,0,16,85
5s75,углерод и галогены,16,0,16,85
5s75,"углерод, сера, фтор",16,0,16,85
5s75,"углерод, сера, хлор",16,0,16,85
5s75,"углерод, сера, галогены",16,0,16,85
5s75,любой тяжёлый атом,16,5,16,85
5s7s,любой углерод,17,0,17,85
5s7s,углерод и сера,17,0,17,85
5s7s,углерод и галогены,17,0,17,85
5s7s,"углерод, сера, фтор",17,0,17,85
5s7s,"углерод, сера, хлор",17,0,17,85
5s7s,"углерод, сера, галогены",17,0,17,85
5s7s,любой тяжёлый атом,17,4,17,85
5s78,любой углерод,16,0,16,85
5s78,углерод и сера,16,0,16,85
5s78,углерод и галогены,16,0,16,85
5s78,"углерод, сера, фтор",16,0,16,85
5s78,"углерод, сера, хлор",16,0,16,85
5s78,"углерод, сера, галогены",16,0,16,85
5s78,любой тяжёлый атом,16,7,16,85
5s7d,любой углерод,16,0,16,85
5s7d,углерод и сера,16,0,16,85
5s7d,углерод и галогены,16,0,16,85
5s7d,"углерод, сера, фтор",16,0,16,85
5s7d,"углерод, сера, хлор",16,0,16,85
5s7d,"углерод, сера, галогены",16,0,16,85
5s7d,любой тяжёлый атом,16,4,16,85
5s82,любой углерод,17,0,17,85
5s82,углерод и сера,17,0,17,85
5s82,углерод и галогены,17,0,17,85
5s82,"углерод, сера, фтор",17,0,17,85
5s82,"углерод, сера, хлор",17,0,17,85
5s82,"углерод, сера, галогены",17,0,17,85
5s82,любой тяжёлый атом,17,4,17,85
5s7p,любой углерод,16,0,16,85
5s7p,углерод и сера,16,0,16,85
5s7p,углерод и галогены,16,0,16,85
5s7p,"углерод, сера, фтор",16,0,16,85
5s7p,"углерод, сера, хлор",16,0,16,85
5s7p,"углерод, сера, галогены",16,0,16,85
5s7p,любой тяжёлый атом,16,5,16,85
5s80,любой углерод,16,0,16,85
5s80,углерод и сера,16,0,16,85
5s80,углерод и галогены,16,0,16,85
5s80,"углерод, сера, фтор",16,0,16,85
5s80,"углерод, сера, хлор",16,0,16,85
5s80,"углерод, сера, галогены",16,0,16,85
5s80,любой тяжёлый атом,16,4,16,85
5s86,любой углерод,17,0,17,85
5s86,углерод и сера,17,0,17,85
5s86,углерод и галогены,17,0,17,85
5s86,"углерод, сера, фтор",17,0,17,85
5s86,"углерод, сера, хлор",17,0,17,85
5s86,"углерод, сера, галогены",17,0,17,85
5s86,любой тяжёлый атом,17,3,17,85
5s7q,любой углерод,15,0,15,85
5s7q,углерод и сера,15,0,15,85
5s7q,углерод и галогены,15,0,15,85
5s7q,"углерод, сера, фтор",15,0,15,85
5s7q,"углерод, сера, хлор",15,0,15,85
5s7q,"углерод, сера, галогены",15,0,15,85
5s7q,любой тяжёлый атом,15,5,15,85
5s7k,любой углерод,17,0,17,85
5s7k,углерод и сера,17,0,17,85
5s7k,углерод и галогены,17,0,17,85
5s7k,"углерод, сера, фтор",17,0,17,85
5s7k,"углерод, сера, хлор",17,0,17,85
5s7k,"углерод, сера, галогены",17,0,17,85
5s7k,любой тяжёлый атом,17,2,17,85
5s89,любой углерод,16,0,16,85
5s89,углерод и сера,16,0,16,85
5s89,углерод и галогены,16,0,16,85
5s89,"углерод, сера, фтор",16,0,16,85
5s89,"углерод, сера, хлор",16,0,16,85
5s89,"углерод, сера, галогены",16,0,16,85
5s89,любой тяжёлый атом,16,5,16,85
5s7f,любой углерод,16,0,16,85
5s7f,углерод и сера,16,0,16,85
5s7f,углерод и галогены,16,0,16,85
5s7f,"углерод, сера, фтор",16,0,16,85
5s7f,"углерод, сера, хлор",16,0,16,85
5s7f,"углерод, сера, галогены",16,0,16,85
5s7f,любой тяжёлый атом,16,5,16,85
5s88,любой углерод,16,0,16,85
5s88,углерод и сера,16,0,16,85
5s88,углерод и галогены,16,0,16,85
5s88,"углерод, сера, фтор",16,0,16,85
5s88,"углерод, сера, хлор",16,0,16,85
5s88,"углерод, сера, галогены",16,0,16,85
5s88,любой тяжёлый атом,16,5,16,85
5s7e,любой углерод,17,0,17,85
5s7e,углерод и сера,17,0,17,85
5s7e,углерод и галогены,17,0,17,85
5s7e,"углерод, сера, фтор",17,0,17,85
5s7e,"углерод, сера, хлор",17,0,17,85
5s7e,"углерод, сера, галогены",17,0,17,85
5s7e,любой тяжёлый атом,17,4,17,85
5s76,любой углерод,16,0,16,85
5s76,углерод и сера,16,0,16,85
5s76,углерод и галогены,16,0,16,85
5s76,"углерод, сера, фтор",16,0,16,85
5s76,"углерод, сера, хлор",16,0,16,85
5s76,"углерод, сера, галогены",16,0,16,85
5s76,любой тяжёлый атом,16,4,16,85
5s7c,любой углерод,16,0,16,85
5s7c,углерод и сера,16,0,16,85
5s7c,углерод и галогены,16,0,16,85
5s7c,"углерод, сера, фтор",16,0,16,85
5s7c,"углерод, сера, хлор",16,0,16,85
5s7c,"углерод, сера, галогены",16,0,16,85
5s7c,любой тяжёлый атом,16,5,16,85
5s89,любой углерод,17,0,17,85
5s89,углерод и сера,17,0,17,85
5s89,углерод и галогены,17,0,17,85
5s89,"углерод, сера, фтор",17,0,17,85
5s89,"углерод, сера, хлор",17,0,17,85
5s89,"углерод, сера, галогены",17,0,17,85
5s89,любой тяжёлый атом,17,3,17,85
5s79,любой углерод,15,0,15,85
5s79,углерод и сера,15,0,15,85
5s79,углерод и галогены,15,0,15,85
5s79,"углерод, сера, фтор",15,0,15,85
5s79,"углерод, сера, хлор",15,0,15,85
5s79,"углерод, сера, галогены",15,0,15,85
5s79,любой тяжёлый атом,15,6,15,85
5s7c,любой углерод,16,0,16,85
5s7c,углерод и сера,16,0,16,85
5s7c,углерод и галогены,16,0,16,85
5s7c,"углерод, сера, фтор",16,0,16,85
5s7c,"углерод, сера, хлор",16,0,16,85
5s7c,"углерод, сера, галогены",16,0,16,85
5s7c,любой тяжёлый атом,16,4,16,85
5s7z,любой углерод,16,0,16,85
5s7z,углерод и сера,16,0,16,85
5s7z,углерод и галогены,16,0,16,85
5s7z,"углерод, сера, фтор",16,0,16,85
5s7z,"углерод, сера, хлор",16,0,16,85
5s7z,"углерод, сера, галогены",16,0,16,85
5s7z,любой тяжёлый атом,16,5,16,85
5s7u,любой углерод,16,0,16,85
5s7u,углерод и сера,16,0,16,85
5s7u,углерод и галогены,16,0,16,85
5s7u,"углерод, сера, фтор",16,0,16,85
5s7u,"углерод, сера, хлор",16,0,16,85
5s7u,"углерод, сера, галогены",16,0,16,85
5s7u,любой тяжёлый атом,16,4,16,85
5s8a,любой углерод,16,0,16,85
5s8a,углерод и сера,16,0,16,85
5s8a,углерод и галогены,16,0,16,85
5s8a,"углерод, сера, фтор",16,0,16,85
5s8a,"углерод, сера, хлор",16,0,16,85
5s8a,"углерод, сера, галогены",16,0,16,85
5s8a,любой тяжёлый атом,16,5,16,85
5s76,любой углерод,16,0,16,85
5s76,углерод и сера,16,0,16,85
5s76,углерод и галогены,16,0,16,85
5s76,"углерод, сера, фтор",16,0,16,85
5s76,"углерод, сера, хлор",16,0,16,85
5s76,"углерод, сера, галогены",16,0,16,85
5s76,любой тяжёлый атом,16,5,16,85
5s7l,любой углерод,16,0,16,85
5s7l,углерод и сера,16,0,16,85
5s7l,углерод и галогены,16,0,16,85
5s7l,"углерод, сера, фтор",16,0,16,85
5s7l,"углерод, сера, хлор",16,0,16,85
5s7l,"углерод, сера, галогены",16,0,16,85
5s7l,любой тяжёлый атом,16,6,16,85
5s78,любой углерод,16,0,16,85
5s78,углерод и сера,16,0,16,85
5s78,углерод и галогены,16,0,16,85
5s78,"углерод, сера, фтор",16,0,16,85
5s78,"углерод, сера, хлор",16,0,16,85
5s78,"углерод, сера, галогены",16,0,16,85
5s78,любой тяжёлый атом,16,6,16,85
5s7x,любой углерод,17,0,17,85
5s7x,углерод и сера,17,0,17,85
5s7x,углерод и галогены,17,0,17,85
5s7x,"углерод, сера, фтор",17,0,17,85
5s7x,"углерод, сера, хлор",17,0,17,85
5s7x,"углерод, сера, галогены",17,0,17,85
5s7x,любой тяжёлый атом,17,5,17,85
5s7q,любой углерод,16,0,16,85
5s7q,углерод и сера,16,0,16,85
5s7q,углерод и галогены,16,0,16,85
5s7q,"углерод, сера, фтор",16,0,16,85
5s7q,"углерод, сера, хлор",16,0,16,85
5s7q,"углерод, сера, галогены",16,0,16,85
5s7q,любой тяжёлый атом,16,4,16,85
5s8a,любой углерод,16,0,16,85
5s8a,углерод и сера,16,0,16,85
5s8a,углерод и галогены,16,0,16,85
5s8a,"углерод, сера, фтор",16,0,16,85
5s8a,"углерод, сера, хлор",16,0,16,85
5s8a,"углерод, сера, галогены",16,0,16,85
5s8a,любой тяжёлый атом,16,4,16,85
5s85,любой углерод,15,0,15,85
5s85,углерод и сера,15,0,15,85
5s85,углерод и галогены,15,0,15,85
5s85,"углерод, сера, фтор",15,0,15,85
5s85,"углерод, сера, хлор",15,0,15,85
5s85,"углерод, сера, галогены",15,0,15,85
5s85,любой тяжёлый атом,15,4,15,85
5s7o,любой углерод,17,0,17,85
5s7o,углерод и сера,17,0,17,85
5s7o,углерод и галогены,17,0,17,85
5s7o,"углерод, сера, фтор",17,0,17,85
5s7o,"углерод, сера, хлор",17,0,17,85
5s7o,"углерод, сера, галогены",17,0,17,85
5s7o,любой тяжёлый атом,17,4,17,85
5s7v,любой углерод,16,0,16,85
5s7v,углерод и сера,16,0,16,85
5s7v,углерод и галогены,16,0,16,85
5s7v,"углерод, сера, фтор",16,0,16,85
5s7v,"углерод, сера, хлор",16,0,16,85
5s7v,"углерод, сера, галогены",16,0,16,85
5s7v,любой тяжёлый атом,16,5,16,85
5s77,любой углерод,16,0,16,85
5s77,углерод и сера,16,0,16,85
5s77,углерод и галогены,16,0,16,85
5s77,"углерод, сера, фтор",16,0,16,85
5s77,"углерод, сера, хлор",16,0,16,85
5s77,"углерод, сера, галогены",16,0,16,85
5s77,любой тяжёлый атом,16,5,16,85
5s8b,любой углерод,17,0,17,85
5s8b,углерод и сера,17,0,17,85
5s8b,углерод и галогены,17,0,17,85
5s8b,"углерод, сера, фтор",17,0,17,85
5s8b,"углерод, сера, хлор",17,0,17,85
5s8b,"углерод, сера, галогены",17,0,17,85
5s8b,любой тяжёлый атом,17,4,17,85
5s7p,любой углерод,16,0,16,85
5s7p,углерод и сера,16,0,16,85
5s7p,углерод и галогены,16,0,16,85
5s7p,"углерод, сера, фтор",16,0,16,85
5s7p,"углерод, сера, хлор",16,0,16,85
5s7p,"углерод, сера, галогены",16,0,16,85
5s7p,любой тяжёлый атом,16,4,16,85
5s79,любой углерод,15,0,15,85
5s79,углерод и сера,15,0,15,85
5s79,углерод и галогены,15,0,15,85
5s79,"углерод, сера, фтор",15,0,15,85
5s79,"углерод, сера, хлор",15,0,15,85
5s79,"углерод, сера, галогены",15,0,15,85
5s79,любой тяжёлый атом,15,6,15,85
5s7u,любой углерод,16,0,16,85
5s7u,углерод и сера,16,0,16,85
5s7u,углерод и галогены,16,0,16,85
5s7u,"углерод, сера, фтор",16,0,16,85
5s7u,"углерод, сера, хлор",16,0,16,85
5s7u,"углерод, сера, галогены",16,0,16,85
5s7u,любой тяжёлый атом,16,4,16,85
5s7m,любой углерод,16,0,16,85
5s7m,углерод и сера,16,0,16,85
5s7m,углерод и галогены,16,0,16,85
5s7m,"углерод, сера, фтор",16,0,16,85
5s7m,"углерод, сера, хлор",16,0,16,85
5s7m,"углерод, сера, галогены",16,0,16,85
5s7m,любой тяжёлый атом,16,5,16,85
5s81,любой углерод,16,0,16,85
5s81,углерод и сера,16,0,16,85
5s81,углерод и галогены,16,0,16,85
5s81,"углерод, сера, фтор",16,0,16,85
5s81,"углерод, сера, хлор",16,0,16,85
5s81,"углерод, сера, галогены",16,0,16,85
5s81,любой тяжёлый атом,16,4,16,85
5s75,любой углерод,16,0,16,85
5s75,углерод и сера,16,0,16,85
5s75,углерод и галогены,16,0,16,85
5s75,"углерод, сера, фтор",16,0,16,85
5s75,"углерод, сера, хлор",16,0,16,85
5s75,"углерод, сера, галогены",16,0,16,85
5s75,любой тяжёлый атом,16,5,16,85
5s7y,любой углерод,17,0,17,85
5s7y,углерод и сера,17,0,17,85
5s7y,углерод и галогены,17,0,17,85
5s7y,"углерод, сера, фтор",17,0,17,85
5s7y,"углерод, сера, хлор",17,0,17,85
5s7y,"углерод, сера, галогены",17,0,17,85
5s7y,любой тяжёлый атом,17,2,17,85
5s85,любой углерод,17,0,17,85
5s85,углерод и сера,17,0,17,85
5s85,углерод и галогены,17,0,17,85
5s85,"углерод, сера, фтор",17,0,17,85
5s85,"углерод, сера, хлор",17,0,17,85
5s85,"углерод, сера, галогены",17,0,17,85
5s85,любой тяжёлый атом,17,4,17,85
5s7b,любой углерод,17,0,17,85
5s7b,углерод и сера,17,0,17,85
5s7b,углерод и галогены,17,0,17,85
5s7b,"углерод, сера, фтор",17,0,17,85
5s7b,"углерод, сера, хлор",17,0,17,85
5s7b,"углерод, сера, галогены",17,0,17,85
5s7b,любой тяжёлый атом,17,4,17,85
5s7v,любой углерод,16,0,16,85
5s7v,углерод и сера,16,0,16,85
5s7v,углерод и галогены,16,0,16,85
5s7v,"углерод, сера, фтор",16,0,16,85
5s7v,"углерод, сера, хлор",16,0,16,85
5s7v,"углерод, сера, галогены",16,0,16,85
5s7v,любой тяжёлый атом,16,4,16,85
5s84,любой углерод,16,0,16,85
5s84,углерод и сера,16,0,16,85
5s84,углерод и галогены,16,0,16,85
5s84,"углерод, сера, фтор",16,0,16,85
5s84,"углерод, сера, хлор",16,0,16,85
5s84,"углерод, сера, галогены",16,0,16,85
5s84,любой тяжёлый атом,16,5,16,85
5s7j,любой углерод,16,0,16,85
5s7j,углерод и сера,16,0,16,85
5s7j,углерод и галогены,16,0,16,85
5s7j,"углерод, сера, фтор",16,0,16,85
5s7j,"углерод, сера, хлор",16,0,16,85
5s7j,"углерод, сера, галогены",16,0,16,85
5s7j,любой тяжёлый атом,16,5,16,85
5s85,любой углерод,17,0,17,85
5s85,углерод и сера,17,0,17,85
5s85,углерод и галогены,17,0,17,85
5s85,"углерод, сера, фтор",17,0,17,85
5s85,"углерод, сера, хлор",17,0,17,85
5s85,"углерод, сера, галогены",17,0,17,85
5s85,любой тяжёлый атом,17,4,17,85
5s80,любой углерод,17,0,17,85
5s80,углерод и сера,17,0,17,85
5s80,углерод и галогены,17,0,17,85
5s80,"углерод, сера, фтор",17,0,17,85
5s80,"углерод, сера, хлор",17,0,17,85
5s80,"углерод, сера, галогены",17,0,17,85
5s80,любой тяжёлый атом,17,4,17,85
5s8b,любой углерод,16,0,16,85
5s8b,углерод и сера,16,0,16,85
5s8b,углерод и галогены,16,0,16,85
5s8b,"углерод, сера, фтор",16,0,16,85
5s8b,"углерод, сера, хлор",16,0,16,85
5s8b,"углерод, сера, галогены",16,0,16,85
5s8b,любой тяжёлый атом,16,4,16,85
5s86,любой углерод,17,0,17,85
5s86,углерод и сера,17,0,17,85
5s86,углерод и галогены,17,0,17,85
5s86,"углерод, сера, фтор",17,0,17,85
5s86,"углерод, сера, хлор",17,0,17,85
5s86,"углерод, сера, галогены",17,0,17,85
5s86,любой тяжёлый атом,17,4,17,85
5s84,любой углерод,14,0,14,85
5s84,углерод и сера,14,0,14,85
5s84,углерод и галогены,14,0,14,85
5s84,"углерод, сера, фтор",14,0,14,85
5s84,"углерод, сера, хлор",14,0,14,85
5s84,"углерод, сера, галогены",14,0,14,85
5s84,любой тяжёлый атом,14,5,14,85
5s87,любой углерод,16,0,16,85
5s87,углерод и сера,16,0,16,85
5s87,углерод и галогены,16,0,16,85
5s87,"углерод, сера, фтор",16,0,16,85
5s87,"углерод, сера, хлор",16,0,16,85
5s87,"углерод, сера, галогены",16,0,16,85
5s87,любой тяжёлый атом,16,4,16,85
5s7d,любой углерод,16,0,16,85
5s7d,углерод и сера,16,0,16,85
5s7d,углерод и галогены,16,0,16,85
5s7d,"углерод, сера, фтор",16,0,16,85
5s7d,"углерод, сера, хлор",16,0,16,85
5s7d,"углерод, сера, галогены",16,0,16,85
5s7d,любой тяжёлый атом,16,6,16,85
5s7l,любой углерод,17,0,17,85
5s7l,углерод и сера,17,0,17,85
5s7l,углерод и галогены,17,0,17,85
5s7l,"углерод, сера, фтор",17,0,17,85
5s7l,"углерод, сера, хлор",17,0,17,85
5s7l,"углерод, сера, галогены",17,0,17,85
5s7l,любой тяжёлый атом,17,3,17,85
6gin,любой углерод,16,0,16,85
6gin,углерод и сера,16,0,16,85
6gin,углерод и галогены,16,0,16,85
6gin,"углерод, сера, фтор",16,0,16,85
6gin,"углерод, сера, хлор",16,0,16,85
6gin,"углерод, сера, галогены",16,0,16,85
6gin,любой тяжёлый атом,16,2,16,85
5s7f,любой углерод,16,0,16,85
5s7f,углерод и сера,16,0,16,85
5s7f,углерод и галогены,16,0,16,85
5s7f,"углерод, сера, фтор",16,0,16,85
5s7f,"углерод, сера, хлор",16,0,16,85
5s7f,"углерод, сера, галогены",16,0,16,85
5s7f,любой тяжёлый атом,16,4,16,85
6gi6,любой углерод,13,0,13,85
6gi6,углерод и сера,13,0,13,85
6gi6,углерод и галогены,13,0,13,85
6gi6,"углерод, сера, фтор",13,0,13,85
6gi6,"углерод, сера, хлор",13,0,13,85
6gi6,"углерод, сера, галогены",13,0,13,85
6gi6,любой тяжёлый атом,13,3,13,85
6gin,любой углерод,17,0,17,85
6gin,углерод и сера,17,0,17,85
6gin,углерод и галогены,17,0,17,85
6gin,"углерод, сера, фтор",17,0,17,85
6gin,"углерод, сера, хлор",17,0,17,85
6gin,"углерод, сера, галогены",17,0,17,85
6gin,любой тяжёлый атом,17,4,17,85
6gip,любой углерод,13,0,13,85
6gip,углерод и сера,13,0,13,85
6gip,углерод и галогены,13,0,13,85
6gip,"углерод, сера, фтор",13,0,13,85
6gip,"углерод, сера, хлор",13,0,13,85
6gip,"углерод, сера, галогены",13,0,13,85
6gip,любой тяжёлый атом,13,3,13,85
6gin,любой углерод,16,0,16,85
6gin,углерод и сера,16,0,16,85
6gin,углерод и галогены,16,0,16,85
6gin,"углерод, сера, фтор",16,0,16,85
6gin,"углерод, сера, хлор",16,0,16,85
6gin,"углерод, сера, галогены",16,0,16,85
6gin,любой тяжёлый атом,16,2,16,85
6gip,любой углерод,13,0,13,85
6gip,углерод и сера,13,0,13,85
6gip,углерод и галогены,13,0,13,85
6gip,"углерод, сера, фтор",13,0,13,85
6gip,"углерод, сера, хлор",13,0,13,85
6gip,"углерод, сера, галогены",13,0,13,85
6gip,любой тяжёлый атом,13,3,13,85
6gin,любой углерод,17,0,17,85
6gin,углерод и сера,17,0,17,85
6gin,углерод и галогены,17,0,17,85
6gin,"углерод, сера, фтор",17,0,17,85
6gin,"углерод, сера, хлор",17,0,17,85
6gin,"углерод, сера, галогены",17,0,17,85
6gin,любой тяжёлый атом,17,4,17,85
6uns,любой углерод,18,0,18,85
6uns,углерод и сера,18,0,18,85
6uns,углерод и галогены,18,0,18,85
6uns,"углерод, сера, фтор",18,0,18,85
6uns,"углерод, сера, хлор",18,0,18,85
6uns,"углерод, сера, галогены",18,0,18,85
6uns,любой тяжёлый атом,18,2,18,85
6uns,любой углерод,18,0,18,85
6uns,углерод и сера,18,0,18,85
6uns,углерод и галогены,18,0,18,85
6uns,"углерод, сера, фтор",18,0,18,85
6uns,"углерод, сера, хлор",18,0,18,85
6uns,"углерод, сера, галогены",18,0,18,85
6uns,любой тяжёлый атом,18,2,18,85
6unq,любой углерод,9,0,9,85
6unq,углерод и сера,9,0,9,85
6unq,углерод и галогены,9,0,9,85
6unq,"углерод, сера, фтор",9,0,9,85
6unq,"углерод, сера, хлор",9,0,9,85
6unq,"углерод, сера, галогены",9,0,9,85
6unq,любой тяжёлый атом,9,13,9,85
6unq,любой углерод,9,0,9,85
6unq,углерод и сера,9,0,9,85
6unq,углерод и галогены,9,0,9,85
6unq,"углерод, сера, фтор",9,0,9,85
6unq,"углерод, сера, хлор",9,0,9,85
6unq,"углерод, сера, галогены",9,0,9,85
6unq,любой тяжёлый атом,9,13,9,85
6unr,любой углерод,7,0,7,85
6unr,углерод и сера,7,0,7,85
6unr,углерод и галогены,7,0,7,85
6unr,"углерод, сера, фтор",7,0,7,85
6unr,"углерод, сера, хлор",7,0,7,85
6unr,"углерод, сера, галогены",7,0,7,85
6unr,любой тяжёлый атом,7,14,7,85
5oy6,любой углерод,15,0,16,85
5oy6,углерод и сера,15,0,16,85
5oy6,углерод и галогены,16,0,16,85
5oy6,"углерод, сера, фтор",15,0,16,85
5oy6,"углерод, сера, хлор",16,0,16,85
5oy6,"углерод, сера, галогены",16,0,16,85
5oy6,любой тяжёлый атом,16,2,16,85
5oy6,любой углерод,15,0,17,85
5oy6,углерод и сера,15,0,17,85
5oy6,углерод и галогены,17,0,17,85
5oy6,"углерод, сера, фтор",15,0,17,85
5oy6,"углерод, сера, хлор",17,0,17,85
5oy6,"углерод, сера, галогены",17,0,17,85
5oy6,любой тяжёлый атом,17,0,17,85
6eix,любой углерод,17,0,17,85
6eix,углерод и сера,17,0,17,85
6eix,углерод и галогены,17,0,17,85
6eix,"углерод, сера, фтор",17,0,17,85
6eix,"углерод, сера, хлор",17,0,17,85
6eix,"углерод, сера, галогены",17,0,17,85
6eix,любой тяжёлый атом,17,3,17,85
5oy6,любой углерод,14,0,16,85
5oy6,углерод и сера,14,0,16,85
5oy6,углерод и галогены,16,0,16,85
5oy6,"углерод, сера, фтор",14,0,16,85
5oy6,"углерод, сера, хлор",16,0,16,85
5oy6,"углерод, сера, галогены",16,0,16,85
5oy6,любой тяжёлый атом,16,3,16,85
5oxg,любой углерод,16,0,16,85
5oxg,углерод и сера,16,0,16,85
5oxg,углерод и галогены,16,0,16,85
5oxg,"углерод, сера, фтор",16,0,16,85
5oxg,"углерод, сера, хлор",16,0,16,85
5oxg,"углерод, сера, галогены",16,0,16,85
5oxg,любой тяжёлый атом,16,4,16,85
5oxg,любой углерод,16,0,16,85
5oxg,углерод и сера,16,0,16,85
5oxg,углерод и галогены,16,0,16,85
5oxg,"углерод, сера, фтор",16,0,16,85
5oxg,"углерод, сера, хлор",16,0,16,85
5oxg,"углерод, сера, галогены",16,0,16,85
5oxg,любой тяжёлый атом,16,3,16,85
5oxg,любой углерод,15,0,15,85
5oxg,углерод и сера,15,0,15,85
5oxg,углерод и галогены,15,0,15,85
5oxg,"углерод, сера, фтор",15,0,15,85
5oxg,"углерод, сера, хлор",15,0,15,85
5oxg,"углерод, сера, галогены",15,0,15,85
5oxg,любой тяжёлый атом,15,4,15,85
5oxg,любой углерод,16,0,16,85
5oxg,углерод и сера,16,0,16,85
5oxg,углерод и галогены,16,0,16,85
5oxg,"углерод, сера, фтор",16,0,16,85
5oxg,"углерод, сера, хлор",16,0,16,85
5oxg,"углерод, сера, галогены",16,0,16,85
5oxg,любой тяжёлый атом,16,3,16,85
5oxg,любой углерод,16,0,16,85
5oxg,углерод и сера,16,0,16,85
5oxg,углерод и галогены,16,0,16,85
5oxg,"углерод, сера, фтор",16,0,16,85
5oxg,"углерод, сера, хлор",16,0,16,85
5oxg,"углерод, сера, галогены",16,0,16,85
5oxg,любой тяжёлый атом,16,3,16,85
5oxg,любой углерод,16,0,16,85
5oxg,углерод и сера,16,0,16,85
5oxg,углерод и галогены,16,0,16,85
5oxg,"углерод, сера, фтор",16,0,16,85
5oxg,"углерод, сера, хлор",16,0,16,85
5oxg,"углерод, сера, галогены",16,0,16,85
5oxg,любой тяжёлый атом,16,4,16,85
5oxg,любой углерод,15,0,15,85
5oxg,углерод и сера,15,0,15,85
5oxg,углерод и галогены,15,0,15,85
5oxg,"углерод, сера, фтор",15,0,15,85
5oxg,"углерод, сера, хлор",15,0,15,85
5oxg,"углерод, сера, галогены",15,0,15,85
5oxg,любой тяжёлый атом,15,4,15,85
5oxg,любой углерод,16,0,16,85
5oxg,углерод и сера,16,0,16,85
5oxg,углерод и галогены,16,0,16,85
5oxg,"углерод, сера, фтор",16,0,16,85
5oxg,"углерод, сера, хлор",16,0,16,85
5oxg,"углерод, сера, галогены",16,0,16,85
5oxg,любой тяжёлый атом,16,3,16,85
5oy6,любой углерод,12,0,13,85
5oy6,углерод и сера,12,0,13,85
5oy6,углерод и галогены,13,0,13,85
5oy6,"углерод, сера, фтор",12,0,13,85
5oy6,"углерод, сера, хлор",13,0,13,85
5oy6,"углерод, сера, галогены",13,0,13,85
5oy6,любой тяжёлый атом,13,3,13,85
6eix,любой углерод,17,0,17,85
6eix,углерод и сера,17,0,17,85
6eix,углерод и галогены,17,0,17,85
6eix,"углерод, сера, фтор",17,0,17,85
6eix,"углерод, сера, хлор",17,0,17,85
6eix,"углерод, сера, галогены",17,0,17,85
6eix,любой тяжёлый атом,17,3,17,85
8c7w,любой углерод,20,0,20,85
8c7w,углерод и сера,20,0,20,85
8c7w,углерод и галогены,20,0,20,85
8c7w,"углерод, сера, фтор",20,0,20,85
8c7w,"углерод, сера, хлор",20,0,20,85
8c7w,"углерод, сера, галогены",20,0,20,85
8c7w,любой тяжёлый атом,20,1,20,85
8c7w,любой углерод,20,0,20,85
8c7w,углерод и сера,20,0,20,85
8c7w,углерод и галогены,20,0,20,85
8c7w,"углерод, сера, фтор",20,0,20,85
8c7w,"углерод, сера, хлор",20,0,20,85
8c7w,"углерод, сера, галогены",20,0,20,85
8c7w,любой тяжёлый атом,20,1,20,85
8c7z,любой углерод,17,0,17,85
8c7z,углерод и сера,17,0,17,85
8c7z,углерод и галогены,17,0,17,85
8c7z,"углерод, сера, фтор",17,0,17,85
8c7z,"углерод, сера, хлор",17,0,17,85
8c7z,"углерод, сера, галогены",17,0,17,85
8c7z,любой тяжёлый атом,17,3,17,85
8c7z,любой углерод,17,0,17,85
8c7z,углерод и сера,17,0,17,85
8c7z,углерод и галогены,17,0,17,85
8c7z,"углерод, сера, фтор",17,0,17,85
8c7z,"углерод, сера, хлор",17,0,17,85
8c7z,"углерод, сера, галогены",17,0,17,85
8c7z,любой тяжёлый атом,17,3,17,85
8r7g,любой углерод,16,0,16,85
8r7g,углерод и сера,16,0,16,85
8r7g,углерод и галогены,16,0,16,85
8r7g,"углерод, сера, фтор",16,0,16,85
8r7g,"углерод, сера, хлор",16,0,16,85
8r7g,"углерод, сера, галогены",16,0,16,85
8r7g,любой тяжёлый атом,16,3,16,85
8r7g,любой углерод,16,0,16,85
8r7g,углерод и сера,16,0,16,85
8r7g,углерод и галогены,16,0,16,85
8r7g,"углерод, сера, фтор",16,0,16,85
8r7g,"углерод, сера, хлор",16,0,16,85
8r7g,"углерод, сера, галогены",16,0,16,85
8r7g,любой тяжёлый атом,16,3,16,85
8pod,любой углерод,15,0,15,85
8pod,углерод и сера,15,0,15,85
8pod,углерод и галогены,15,0,15,85
8pod,"углерод, сера, фтор",15,0,15,85
8pod,"углерод, сера, хлор",15,0,15,85
8pod,"углерод, сера, галогены",15,0,15,85
8pod,любой тяжёлый атом,15,4,15,85
4c02,любой углерод,13,0,13,85
4c02,углерод и сера,13,0,13,85
4c02,углерод и галогены,13,0,13,85
4c02,"углерод, сера, фтор",13,0,13,85
4c02,"углерод, сера, хлор",13,0,13,85
4c02,"углерод, сера, галогены",13,0,13,85
4c02,любой тяжёлый атом,13,1,13,85
3q4u,любой углерод,16,0,16,85
3q4u,углерод и сера,16,0,16,85
3q4u,углерод и галогены,16,0,16,85
3q4u,"углерод, сера, фтор",16,0,16,85
3q4u,"углерод, сера, хлор",16,0,16,85
3q4u,"углерод, сера, галогены",16,0,16,85
3q4u,любой тяжёлый атом,16,3,16,85
3q4u,любой углерод,17,0,17,85
3q4u,углерод и сера,17,0,17,85
3q4u,углерод и галогены,17,0,17,85
3q4u,"углерод, сера, фтор",17,0,17,85
3q4u,"углерод, сера, хлор",17,0,17,85
3q4u,"углерод, сера, галогены",17,0,17,85
3q4u,любой тяжёлый атом,17,2,17,85
4bgg,любой углерод,17,0,17,85
4bgg,углерод и сера,17,0,17,85
4bgg,углерод и галогены,17,0,17,85
4bgg,"углерод, сера, фтор",17,0,17,85
4bgg,"углерод, сера, хлор",17,0,17,85
4bgg,"углерод, сера, галогены",17,0,17,85
4bgg,любой тяжёлый атом,17,3,17,85
3mtf,любой углерод,17,0,17,85
3mtf,углерод и сера,17,0,17,85
3mtf,углерод и галогены,17,0,17,85
3mtf,"углерод, сера, фтор",17,0,17,85
3mtf,"углерод, сера, хлор",17,0,17,85
3mtf,"углерод, сера, галогены",17,0,17,85
3mtf,любой тяжёлый атом,17,3,17,85
3q4u,любой углерод,16,0,16,85
3q4u,углерод и сера,16,0,16,85
3q4u,углерод и галогены,16,0,16,85
3q4u,"углерод, сера, фтор",16,0,16,85
3q4u,"углерод, сера, хлор",16,0,16,85
3q4u,"углерод, сера, галогены",16,0,16,85
3q4u,любой тяжёлый атом,16,3,16,85
4bgg,любой углерод,16,0,16,85
4bgg,углерод и сера,16,0,16,85
4bgg,углерод и галогены,16,0,16,85
4bgg,"углерод, сера, фтор",16,0,16,85
4bgg,"углерод, сера, хлор",16,0,16,85
4bgg,"углерод, сера, галогены",16,0,16,85
4bgg,любой тяжёлый атом,16,4,16,85
3oom,любой углерод,16,0,16,85
3oom,углерод и сера,16,0,16,85
3oom,углерод и галогены,16,0,16,85
3oom,"углерод, сера, фтор",16,0,16,85
3oom,"углерод, сера, хлор",16,0,16,85
3oom,"углерод, сера, галогены",16,0,16,85
3oom,любой тяжёлый атом,16,2,16,85
3oom,любой углерод,15,0,15,85
3oom,углерод и сера,15,0,15,85
3oom,углерод и галогены,15,0,15,85
3oom,"углерод, сера, фтор",15,0,15,85
3oom,"углерод, сера, хлор",15,0,15,85
3oom,"углерод, сера, галогены",15,0,15,85
3oom,любой тяжёлый атом,15,3,15,85
3q4u,любой углерод,16,0,16,85
3q4u,углерод и сера,16,0,16,85
3q4u,углерод и галогены,16,0,16,85
3q4u,"углерод, сера, фтор",16,0,16,85
3q4u,"углерод, сера, хлор",16,0,16,85
3q4u,"углерод, сера, галогены",16,0,16,85
3q4u,любой тяжёлый атом,16,3,16,85
3mtf,любой углерод,17,0,17,85
3mtf,углерод и сера,17,0,17,85
3mtf,углерод и галогены,17,0,17,85
3mtf,"углерод, сера, фтор",17,0,17,85
3mtf,"углерод, сера, хлор",17,0,17,85
3mtf,"углерод, сера, галогены",17,0,17,85
3mtf,любой тяжёлый атом,17,3,17,85
4bgg,любой углерод,18,0,18,85
4bgg,углерод и сера,18,0,18,85
4bgg,углерод и галогены,18,0,18,85
4bgg,"углерод, сера, фтор",18,0,18,85
4bgg,"углерод, сера, хлор",18,0,18,85
4bgg,"углерод, сера, галогены",18,0,18,85
4bgg,любой тяжёлый атом,18,2,18,85
3q4u,любой углерод,16,0,16,85
3q4u,углерод и сера,16,0,16,85
3q4u,углерод и галогены,16,0,16,85
3q4u,"углерод, сера, фтор",16,0,16,85
3q4u,"углерод, сера, хлор",16,0,16,85
3q4u,"углерод, сера, галогены",16,0,16,85
3q4u,любой тяжёлый атом,16,3,16,85
3mtf,любой углерод,17,0,17,85
3mtf,углерод и сера,17,0,17,85
3mtf,углерод и галогены,17,0,17,85
3mtf,"углерод, сера, фтор",17,0,17,85
3mtf,"углерод, сера, хлор",17,0,17,85
3mtf,"углерод, сера, галогены",17,0,17,85
3mtf,любой тяжёлый атом,17,3,17,85
4c02,любой углерод,13,0,13,85
4c02,углерод и сера,13,0,13,85
4c02,углерод и галогены,13,0,13,85
4c02,"углерод, сера, фтор",13,0,13,85
4c02,"углерод, сера, хлор",13,0,13,85
4c02,"углерод, сера, галогены",13,0,13,85
4c02,любой тяжёлый атом,13,1,13,85
3h9r,любой углерод,13,0,13,85
3h9r,углерод и сера,13,0,13,85
3h9r,углерод и галогены,13,0,13,85
3h9r,"углерод, сера, фтор",13,0,13,85
3h9r,"углерод, сера, хлор",13,0,13,85
3h9r,"углерод, сера, галогены",13,0,13,85
3h9r,любой тяжёлый атом,13,2,13,85
3mtf,любой углерод,17,0,17,85
3mtf,углерод и сера,17,0,17,85
3mtf,углерод и галогены,17,0,17,85
3mtf,"углерод, сера, фтор",17,0,17,85
3mtf,"углерод, сера, хлор",17,0,17,85
3mtf,"углерод, сера, галогены",17,0,17,85
3mtf,любой тяжёлый атом,17,3,17,85
4bgg,любой углерод,16,0,16,85
4bgg,углерод и сера,16,0,16,85
4bgg,углерод и галогены,16,0,16,85
4bgg,"углерод, сера, фтор",16,0,16,85
4bgg,"углерод, сера, хлор",16,0,16,85
4bgg,"углерод, сера, галогены",16,0,16,85
4bgg,любой тяжёлый атом,16,4,16,85
4bgg,любой углерод,17,0,17,85
4bgg,углерод и сера,17,0,17,85
4bgg,углерод и галогены,17,0,17,85
4bgg,"углерод, сера, фтор",17,0,17,85
4bgg,"углерод, сера, хлор",17,0,17,85
4bgg,"углерод, сера, галогены",17,0,17,85
4bgg,любой тяжёлый атом,17,3,17,85
3q4u,любой углерод,16,0,16,85
3q4u,углерод и сера,16,0,16,85
3q4u,углерод и галогены,16,0,16,85
3q4u,"углерод, сера, фтор",16,0,16,85
3q4u,"углерод, сера, хлор",16,0,16,85
3q4u,"углерод, сера, галогены",16,0,16,85
3q4u,любой тяжёлый атом,16,3,16,85
3q4u,любой углерод,17,0,17,85
3q4u,углерод и сера,17,0,17,85
3q4u,углерод и галогены,17,0,17,85
3q4u,"углерод, сера, фтор",17,0,17,85
3q4u,"углерод, сера, хлор",17,0,17,85
3q4u,"углерод, сера, галогены",17,0,17,85
3q4u,любой тяжёлый атом,17,2,17,85
4dym,любой углерод,16,0,16,85
4dym,углерод и сера,16,0,16,85
4dym,углерод и галогены,16,0,16,85
4dym,"углерод, сера, фтор",16,0,16,85
4dym,"углерод, сера, хлор",16,0,16,85
4dym,"углерод, сера, галогены",16,0,16,85
4dym,любой тяжёлый атом,16,1,16,85
4bgg,любой углерод,18,0,18,85
4bgg,углерод и сера,18,0,18,85
4bgg,углерод и галогены,18,0,18,85
4bgg,"углерод, сера, фтор",18,0,18,85
4bgg,"углерод, сера, хлор",18,0,18,85
4bgg,"углерод, сера, галогены",18,0,18,85
4bgg,любой тяжёлый атом,18,2,18,85
4bgg,любой углерод,18,0,18,85
4bgg,углерод и сера,18,0,18,85
4bgg,углерод и галогены,18,0,18,85
4bgg,"углерод, сера, фтор",18,0,18,85
4bgg,"углерод, сера, хлор",18,0,18,85
4bgg,"углерод, сера, галогены",18,0,18,85
4bgg,любой тяжёлый атом,18,2,18,85
3q4u,любой углерод,16,0,16,85
3q4u,углерод и сера,16,0,16,85
3q4u,углерод и галогены,16,0,16,85
3q4u,"углерод, сера, фтор",16,0,16,85
3q4u,"углерод, сера, хлор",16,0,16,85
3q4u,"углерод, сера, галогены",16,0,16,85
3q4u,любой тяжёлый атом,16,3,16,85
4bgg,любой углерод,18,0,18,85
4bgg,углерод и сера,18,0,18,85
4bgg,углерод и галогены,18,0,18,85
4bgg,"углерод, сера, фтор",18,0,18,85
4bgg,"углерод, сера, хлор",18,0,18,85
4bgg,"углерод, сера, галогены",18,0,18,85
4bgg,любой тяжёлый атом,18,2,18,85
